candidate_id,source_origin,source_row_label,brand,family_or_model,hierarchy_role,reconciliation_state,kg_mapping,canonical_product_id,slug,final_decision,score,confidence,lifecycle_proposal,decision_reason
GL-0001,gross_list_336,Access	Virus A / B / C / TI,Access,Virus A / B / C / TI,,duplicate_consolidated,exact_kg_product,1a70f939-1fb3-4246-8e52-43275265bd1b,access-virus-b,excluded,,,support=known;visibility=private;monitoring=none,Mapped from gross list in 03A; not previously reconciled.
GL-0002,gross_list_336,Access	Virus A / B / C / TI,Access,Virus A / B / C / TI,,duplicate_consolidated,exact_kg_product,2ed44647-2f3f-4605-9418-be1c35c21740,access-virus-c,excluded,,,support=known;visibility=private;monitoring=none,Mapped from gross list in 03A; not previously reconciled.
GL-0003,gross_list_336,Access	Virus A / B / C / TI,Access,Virus A / B / C / TI,,duplicate_consolidated,exact_kg_product,3207286d-474b-4e67-8921-0a9258f7d540,access-virus-ti-snow,excluded,,,support=known;visibility=private;monitoring=none,Mapped from gross list in 03A; not previously reconciled.
GL-0004,gross_list_336,Access	Virus A / B / C / TI,Access,Virus A / B / C / TI,,duplicate_consolidated,exact_kg_product,836dc2ff-03ea-4350-84e8-b0e9a005e687,access-virus,excluded,,,support=known;visibility=private;monitoring=none,Mapped from gross list in 03A; not previously reconciled.
GL-0005,gross_list_336,Access	Virus A / B / C / TI,Access,Virus A / B / C / TI,,duplicate_consolidated,exact_kg_product,e81cea4a-c124-4076-8f33-97ebc8fdf265,access-virus-ti,excluded,,,support=known;visibility=private;monitoring=none,Mapped from gross list in 03A; not previously reconciled.
GL-0006,gross_list_336,Access	Virus A / B / C / TI,Access,Virus A / B / C / TI,,duplicate_consolidated,exact_kg_product,f5fbb21d-8f29-4337-8091-2ff6571ea34d,access-virus-ti-polar,excluded,,,support=known;visibility=private;monitoring=none,Mapped from gross list in 03A; not previously reconciled.
GL-0007,gross_list_336,AKG	BX 20,AKG,BX 20,,no_kg_match_brand_absent,no_kg_product,,,no_kg_product,,,registry_only:no_kg_row,"Gross-list family with no KG product; cannot be scraped, matched or priced today."
GL-0008,gross_list_336,AKG	C12 / C12 VR,AKG,C12 / C12 VR,,no_kg_match_brand_absent,no_kg_product,,,no_kg_product,,,registry_only:no_kg_row,"Gross-list family with no KG product; cannot be scraped, matched or priced today."
GL-0009,gross_list_336,AKG	C24,AKG,C24,,no_kg_match_brand_absent,no_kg_product,,,no_kg_product,,,registry_only:no_kg_row,"Gross-list family with no KG product; cannot be scraped, matched or priced today."
GL-0010,gross_list_336,AKG	C414 (EB / comb / XLS),AKG,C414 (EB / comb / XLS),,no_kg_match_brand_absent,no_kg_product,,,no_kg_product,,,registry_only:no_kg_row,"Gross-list family with no KG product; cannot be scraped, matched or priced today."
GL-0011,gross_list_336,AKG	D12 / D12E / D112,AKG,D12 / D12E / D112,,no_kg_match_brand_absent,no_kg_product,,,no_kg_product,,,registry_only:no_kg_row,"Gross-list family with no KG product; cannot be scraped, matched or priced today."
GL-0012,gross_list_336,Akai	AX60 / AX73 / AX80,Akai,AX73,,duplicate_consolidated,exact_kg_product,2fdcdd49-dcac-456e-a0b6-3f278e3630ee,akai-ax73,excluded,,,support=known;visibility=private;monitoring=none,Mapped from gross list in 03A; not previously reconciled.
GL-0013,gross_list_336,Akai	AX60 / AX73 / AX80,Akai,AX60 / AX73 / AX80,,duplicate_consolidated,exact_kg_product,4abc498a-665b-4fce-a86f-db8549eefff3,akai-ax60,excluded,,,support=known;visibility=private;monitoring=none,Mapped from gross list in 03A; not previously reconciled.
GL-0014,gross_list_336,Akai	AX60 / AX73 / AX80,Akai,AX60 / AX73 / AX80,,duplicate_consolidated,exact_kg_product,a615a361-7800-49c3-a6d8-bff252a8bc75,akai-ax80,excluded,,,support=known;visibility=private;monitoring=none,Mapped from gross list in 03A; not previously reconciled.
GL-0015,gross_list_336,Akai	MPC60 / MPC60II,Akai,MPC60,,exact_match,exact_kg_product,bc3e6626-435f-48d1-876f-eb8e08644224,akai-mpc60,reserve,53,low,support=reserve;visibility=private;monitoring=none,"NEW from gross list ""Akai MPC60 / MPC60II""."
GL-0016,gross_list_336,Akai	MPC3000,Akai,MPC3000,,exact_match,exact_kg_product,5404dd30-1550-41d4-b08d-aef50d0e6ad7,akai-mpc3000,excluded,,,support=known;visibility=private;monitoring=none,Mapped from gross list in 03A; not previously reconciled.
GL-0017,gross_list_336,Akai	MPC2000 / MPC2000XL,Akai,MPC2000XL,,variant_split,exact_kg_product,774716ff-a54a-4b8a-b619-64aa351ae635,akai-mpc2000xl,reserve,55,low,support=reserve;visibility=private;monitoring=none,Unchanged from Prompt 03.
GL-0018,gross_list_336,Akai	MPC2000 / MPC2000XL,Akai,MPC2000,,variant_split,exact_kg_product,5d19c42a-115c-4db8-bc60-28b3bc7117c3,akai-mpc2000,excluded,,,support=known;visibility=private;monitoring=none,Mapped from gross list in 03A; not previously reconciled.
GL-0019,gross_list_336,Akai	S900 / S950,Akai,S900 / S950,,exact_match,exact_kg_product,ac39e5c6-43d2-46be-924e-0bdf69618177,akai-s900,excluded,,,support=known;visibility=private;monitoring=none,Mapped from gross list in 03A; not previously reconciled.
GL-0020,gross_list_336,Akai	S1000 / S1100,Akai,S1000,,exact_match,exact_kg_product,b7780d4e-93af-4b42-9670-e8ef424ca019,akai-s1000,excluded,,,support=known;visibility=private;monitoring=none,Mapped from gross list in 03A; not previously reconciled.
GL-0021,gross_list_336,Akai	S3000XL / S3200,Akai,S3000XL,,exact_match,exact_kg_product,52ef0bea-de40-4a85-b13c-66891140dd18,akai-s3000xl,excluded,,,support=known;visibility=private;monitoring=none,Mapped from gross list in 03A; not previously reconciled.
GL-0022,gross_list_336,Alesis	Andromeda A6,Alesis,Andromeda A6,,exact_match,exact_kg_product,1615c4ea-15fb-4980-a1b9-279c1d343720,alesis-andromeda-a6,excluded,,,support=known;visibility=private;monitoring=none,Mapped from gross list in 03A; not previously reconciled.
GL-0023,gross_list_336,Alesis	HR-16 / HR-16B,Alesis,HR-16,,exact_match,exact_kg_product,0e29d00c-cde0-4d7c-adec-ef41551d3585,alesis-hr-16,excluded,,,support=known;visibility=private;monitoring=none,Mapped from gross list in 03A; not previously reconciled.
GL-0024,gross_list_336,Alesis	Quadrasynth,Alesis,Quadrasynth,,exact_match,exact_kg_product,fc308982-efe1-419e-80fa-3c1f05ca5d05,alesis-quadrasynth,excluded,,,support=known;visibility=private;monitoring=none,Mapped from gross list in 03A; not previously reconciled.
GL-0025,gross_list_336,Alesis	SR-16,Alesis,SR-16 Drum Machine,,duplicate_consolidated,exact_kg_product,55b20d9e-bd91-426f-8d8e-7575cff4e40c,alesis-alesis-sr-16-drum-machine,excluded,,,support=known;visibility=private;monitoring=none,Mapped from gross list in 03A; not previously reconciled.
GL-0026,gross_list_336,Alesis	SR-16,Alesis,SR-16,,duplicate_consolidated,exact_kg_product,bde486a8-c856-4780-8015-0465c8871771,alesis-sr-16,excluded,,,support=known;visibility=private;monitoring=none,Mapped from gross list in 03A; not previously reconciled.
GL-0027,gross_list_336,Altec	1567A Tube Mixer,Altec,1567A Tube Mixer,,no_kg_match_brand_absent,no_kg_product,,,no_kg_product,,,registry_only:no_kg_row,"Gross-list family with no KG product; cannot be scraped, matched or priced today."
GL-0028,gross_list_336,Ampex	350 Tape Recorder,Ampex,350 Tape Recorder,,no_kg_match,no_kg_product,,,no_kg_product,,,registry_only:no_kg_row,"Gross-list family with no KG product; cannot be scraped, matched or priced today."
GL-0029,gross_list_336,Ampex	ATR-102,Ampex,ATR-102,,no_kg_match,no_kg_product,,,no_kg_product,,,registry_only:no_kg_row,"Gross-list family with no KG product; cannot be scraped, matched or priced today."
GL-0030,gross_list_336,AMS	DMX 15-80S,AMS,DMX 15-80S,,no_kg_match_brand_absent,no_kg_product,,,no_kg_product,,,registry_only:no_kg_row,"Gross-list family with no KG product; cannot be scraped, matched or priced today."
GL-0031,gross_list_336,AMS Neve	1073SPX,AMS Neve,1073SPX-D,,exact_match,exact_kg_product,964e93f7-41aa-403a-b163-2c1530cef0fd,neve-1073spx-d,excluded,,,support=known;visibility=private;monitoring=none,Mapped from gross list in 03A; not previously reconciled.
GL-0032,gross_list_336,AMS Neve	1073DPX,AMS Neve,1073DPX,,no_kg_match,no_kg_product,,,no_kg_product,,,registry_only:no_kg_row,"Gross-list family with no KG product; cannot be scraped, matched or priced today."
GL-0033,gross_list_336,AMS Neve	33609/N,AMS Neve,33609/N,,no_kg_match,no_kg_product,,,no_kg_product,,,registry_only:no_kg_row,"Gross-list family with no KG product; cannot be scraped, matched or priced today."
GL-0034,gross_list_336,AMS Neve	8801,AMS Neve,8801,,duplicate_consolidated,exact_kg_product,0dd137f3-b10c-4831-921e-5fb6fa591489,neve-ams-neve-8801-channel-strip-2010s-blue,excluded,,,support=known;visibility=private;monitoring=none,Mapped from gross list in 03A; not previously reconciled.
GL-0035,gross_list_336,AMS Neve	8801,AMS Neve,8801,,duplicate_consolidated,exact_kg_product,6761968e-f808-4801-8d49-7eba7a36e4da,neve-8801,excluded,,,support=known;visibility=private;monitoring=none,Mapped from gross list in 03A; not previously reconciled.
GL-0036,gross_list_336,API	2500 / 2500+,API,2500 / 2500+,,duplicate_consolidated,exact_kg_product,39a4cc0c-304a-4e1d-8ef0-1de0d8d53a20,api-api-2500-stereo-bus-compressor,excluded,,,support=known;visibility=private;monitoring=none,Mapped from gross list in 03A; not previously reconciled.
GL-0037,gross_list_336,API	2500 / 2500+,API,Audio 2500+ | Stereo Bus Compressor,,duplicate_consolidated,exact_kg_product,6570c0a5-71dc-43bc-a3f3-bcf5868a8e2a,api-api-audio-2500--stereo-bus-compressor,excluded,,,support=known;visibility=private;monitoring=none,Mapped from gross list in 03A; not previously reconciled.
GL-0038,gross_list_336,API	2500 / 2500+,API,2500 / 2500+,,duplicate_consolidated,exact_kg_product,a5e1aff6-a6af-45b3-90d5-697065d093d9,api-api-2500-stereo-bus-compressor-2000-2019-black,excluded,,,support=known;visibility=private;monitoring=none,Mapped from gross list in 03A; not previously reconciled.
GL-0039,gross_list_336,API	3124V,API,3124V,,exact_match,exact_kg_product,eb182774-52ef-4b1c-8c99-fa97ae36af54,api-api-3124v--4-channel-microphone-line-preamp,excluded,,,support=known;visibility=private;monitoring=none,Mapped from gross list in 03A; not previously reconciled.
GL-0040,gross_list_336,API	550A,API,550A,,duplicate_consolidated,exact_kg_product,8c3117c6-baa7-42d4-8db6-aa85ce4a1a2c,api-550a,reserve,49,low,support=reserve;visibility=private;monitoring=none,"NEW from gross list ""API 550A""."
GL-0041,gross_list_336,API	550A,API,550A,,duplicate_consolidated,exact_kg_product,11b7e31d-0f6d-41bc-b983-e3cb17da05aa,api-api-audio-550a--500-series-3-band-equalizer--pro-audio-la,excluded,,,support=known;visibility=private;monitoring=none,Mapped from gross list in 03A; not previously reconciled.
GL-0042,gross_list_336,API	550A,API,550A Stereo Pair,,duplicate_consolidated,exact_kg_product,560570cb-ae15-4cee-b0b3-49e3033e76eb,api-api-550a-stereo-pair,excluded,,,support=known;visibility=private;monitoring=none,Mapped from gross list in 03A; not previously reconciled.
GL-0043,gross_list_336,API	550A,API,550A,,duplicate_consolidated,exact_kg_product,a70c33e1-0fe3-4025-9958-08342455d158,api-api-550a-vintage,excluded,,,support=known;visibility=private;monitoring=none,Mapped from gross list in 03A; not previously reconciled.
GL-0044,gross_list_336,API	550A,API,Audio 550A 500 Series EQ,,duplicate_consolidated,exact_kg_product,ff3f7a20-78ca-404e-af32-fb4ae49f30d8,api-api-audio-550a-500-series-eq,excluded,,,support=known;visibility=private;monitoring=none,Mapped from gross list in 03A; not previously reconciled.
GL-0045,gross_list_336,API	560,API,560,,exact_match,exact_kg_product,1b5fe55a-fd31-4d7c-be23-8d354f3a773d,api-api-audio-560--500-series-graphic-equalizer--pro-audio-la,excluded,,,support=known;visibility=private;monitoring=none,Mapped from gross list in 03A; not previously reconciled.
GL-0046,gross_list_336,ARP	2500,ARP,2500,,duplicate_consolidated,exact_kg_product,34f78592-6031-4821-b27e-c3702fd76c5c,arp-2500,excluded,,,support=known;visibility=private;monitoring=none,Mapped from gross list in 03A; not previously reconciled.
GL-0047,gross_list_336,ARP	2500,ARP,2500 Early 1970's,,duplicate_consolidated,exact_kg_product,7c4851ba-0841-4b3e-aa74-bdf292b0bd09,arp-arp-2500-early-1970s,excluded,,,support=known;visibility=private;monitoring=none,Mapped from gross list in 03A; not previously reconciled.
GL-0048,gross_list_336,ARP	2600,ARP,ARP 2600,,duplicate_consolidated,exact_kg_product,94a1d89d-2bae-42c8-aeac-4706a7729eed,arp-2600,incumbent_removed,52,medium,support=reserve;visibility=private;monitoring=none,Unchanged from Prompt 03.
GL-0049,gross_list_336,ARP	2600,ARP,2600,,duplicate_consolidated,exact_kg_product,19b29210-02f2-4e95-b1b2-8bc25fe23460,arp-korg-arp-2600,excluded,,,support=known;visibility=private;monitoring=none,Mapped from gross list in 03A; not previously reconciled.
GL-0050,gross_list_336,ARP	2600,ARP,Little Brother Analog Synthesizer Expander Module 1975-1977 for Odyssey Axxe 2600,,duplicate_consolidated; variant_split,exact_kg_product,4bc85194-bede-42d6-857f-24b03254c9c6,arp-arp-little-brother-analog-synthesizer-expander-module-1975-1977-for-odyssey-axxe-2600,excluded,,,support=known;visibility=private;monitoring=none,Mapped from gross list in 03A; not previously reconciled.
GL-0051,gross_list_336,ARP	2600,ARP,2600,,duplicate_consolidated,exact_kg_product,578fa07f-879c-4942-b569-0ddf5c11334c,arp-arp-2600-modular-synthesizer-meticulously-refurbished-vintage-synth-dealer,excluded,,,support=known;visibility=private;monitoring=none,Mapped from gross list in 03A; not previously reconciled.
GL-0052,gross_list_336,ARP	2600,ARP,3620 & 2600 with Road Case,,duplicate_consolidated,exact_kg_product,59414df1-905b-4cc9-8f44-024cf2adbf1c,arp-arp-3620--2600-with-road-case,excluded,,,support=known;visibility=private;monitoring=none,Mapped from gross list in 03A; not previously reconciled.
GL-0053,gross_list_336,ARP	2600,ARP,2600,,duplicate_consolidated,exact_kg_product,69bedd7d-27cf-4aaa-a940-2f1468445dc0,arp-arp-2601-mkii-2600--3604-keyboard-1977-1979-black-orange,excluded,,,support=known;visibility=private;monitoring=none,Mapped from gross list in 03A; not previously reconciled.
GL-0054,gross_list_336,ARP	2600,ARP,2600,,duplicate_consolidated,exact_kg_product,9ab11881-aba2-4766-8062-819713092ae2,arp-arp-2600-3620-keyboard-1970s-black,excluded,,,support=known;visibility=private;monitoring=none,Mapped from gross list in 03A; not previously reconciled.
GL-0055,gross_list_336,ARP	2600,ARP,2600,,duplicate_consolidated,exact_kg_product,d31230ef-6147-4d7d-b28c-251f304e795c,arp-arp-2600-1973-grey-meanie,excluded,,,support=known;visibility=private;monitoring=none,Mapped from gross list in 03A; not previously reconciled.
GL-0056,gross_list_336,ARP	2600,ARP,2600 - ORIGINAL - Pro-Serviced w/Restoration by Phil Cirocco,,duplicate_consolidated,exact_kg_product,dcfa3f1a-9c90-43d0-83f4-81e80bcd25b8,arp-arp-2600-original-pro-serviced-w-restoration-by-phil-cirocco,excluded,,,support=known;visibility=private;monitoring=none,Mapped from gross list in 03A; not previously reconciled.
GL-0057,gross_list_336,ARP	Avatar,ARP,Avatar Monophonic Analog Synthesizer (Modified) w/ Road Case,,variant_split,exact_kg_product,05f50e72-ba07-4b7b-89a6-29ce7d5d6c79,arp-arp-avatar-monophonic-analog-synthesizer-modified-w-road-case,excluded,,,support=known;visibility=private;monitoring=none,Mapped from gross list in 03A; not previously reconciled.
GL-0058,gross_list_336,ARP	Avatar,ARP,Avatar,,variant_split,exact_kg_product,423bce58-edb6-4560-9790-abc377540b8a,arp-avatar,excluded,,,support=known;visibility=private;monitoring=none,Mapped from gross list in 03A; not previously reconciled.
GL-0059,gross_list_336,ARP	Avatar,ARP,AVATAR Synthesizer odyssey RESTORED only CV gate control VINTAGE SYNTH DEALR,,variant_split,exact_kg_product,4d26ff90-5431-493d-9e02-e1394b80ad37,arp-arp-avatar-synthesizer-odyssey-restored-only-cv-gate-control-vintage-synth-dealr,excluded,,,support=known;visibility=private;monitoring=none,Mapped from gross list in 03A; not previously reconciled.
GL-0060,gross_list_336,ARP	Avatar,ARP,Avatar,,variant_split,exact_kg_product,9bc2b562-a3cb-4478-a1cf-7060ecf49393,arp-tested-working-arp-omni-2-1-avatar-power-supply-board-2,excluded,,,support=known;visibility=private;monitoring=none,Mapped from gross list in 03A; not previously reconciled.
GL-0061,gross_list_336,ARP	Avatar,ARP,Avatar,,variant_split,exact_kg_product,b73a7e3b-afb3-4287-b514-550c85d159ee,arp-tested-working-arp-omni-2-1-avatar-power-supply-board-3,excluded,,,support=known;visibility=private;monitoring=none,Mapped from gross list in 03A; not previously reconciled.
GL-0062,gross_list_336,ARP	Avatar,ARP,Avatar,,variant_split,exact_kg_product,ba441ce7-6627-408f-b3f8-aee9fed47988,arp-tested-working-arp-omni-2-1-avatar-power-supply-board-1,excluded,,,support=known;visibility=private;monitoring=none,Mapped from gross list in 03A; not previously reconciled.
GL-0063,gross_list_336,ARP	Avatar,ARP,Avatar Hex Input Mixer by Series Circuits,,variant_split,exact_kg_product,ed3e16e0-cd7d-4846-80fa-c290cfdb742f,arp-arp-avatar-hex-input-mixer-by-series-circuits,excluded,,,support=known;visibility=private;monitoring=none,Mapped from gross list in 03A; not previously reconciled.
GL-0064,gross_list_336,ARP	Axxe,ARP,Axxe,,duplicate_consolidated,exact_kg_product,31b86cbb-bef0-439f-8636-ced0dc51dfb7,arp-axxe,reserve,41,low,support=reserve;visibility=private;monitoring=none,"NEW from gross list ""ARP Axxe""."
GL-0065,gross_list_336,ARP	Axxe,ARP,Little Brother Analog Synthesizer Expander Module 1975-1977 for Odyssey Axxe 2600,,duplicate_consolidated; variant_split,exact_kg_product,4bc85194-bede-42d6-857f-24b03254c9c6,arp-arp-little-brother-analog-synthesizer-expander-module-1975-1977-for-odyssey-axxe-2600,excluded,,,support=known;visibility=private;monitoring=none,Mapped from gross list in 03A; not previously reconciled.
GL-0066,gross_list_336,ARP	Axxe,ARP,Axxe,,duplicate_consolidated,exact_kg_product,191f9a3b-41e4-4c41-8c90-817e16d39ddf,arp-fully-restored-1979-arp-axxe-analog-mono-synth-usa-synthesizer-w-demo,excluded,,,support=known;visibility=private;monitoring=none,Mapped from gross list in 03A; not previously reconciled.
GL-0067,gross_list_336,ARP	Axxe,ARP,Axxe,,duplicate_consolidated,exact_kg_product,372379c0-a5ec-4097-aa58-d7445a8a9826,arp-arp-axxe-monophonic-analog-synthesizer-1975-1978-black-gold,excluded,,,support=known;visibility=private;monitoring=none,Mapped from gross list in 03A; not previously reconciled.
GL-0068,gross_list_336,ARP	Axxe,ARP,Axxe Monophonic Analog Synthesizer 1979 - 1981 - Black / Orange (serviced / warranty),,duplicate_consolidated,exact_kg_product,4660c436-68f2-49ab-b8d4-736d7d49d5ab,arp-arp-axxe-monophonic-analog-synthesizer-1979-1981-black-orange-serviced-warranty,excluded,,,support=known;visibility=private;monitoring=none,Mapped from gross list in 03A; not previously reconciled.
GL-0069,gross_list_336,ARP	Axxe,ARP,Axxe 1970s - Black,,duplicate_consolidated,exact_kg_product,6bf78a99-f924-4234-86bd-bbb2c16dd22e,arp-arp-axxe-1970s-black,excluded,,,support=known;visibility=private;monitoring=none,Mapped from gross list in 03A; not previously reconciled.
GL-0070,gross_list_336,ARP	Axxe,ARP,axxe mark 1 moog filter,,duplicate_consolidated,exact_kg_product,85c1d556-c142-4240-a3df-c93d8d785d4f,arp-arp-axxe-mark-1-moog-filter,excluded,,,support=known;visibility=private;monitoring=none,Mapped from gross list in 03A; not previously reconciled.
GL-0071,gross_list_336,ARP	Axxe,ARP,Axxe,,duplicate_consolidated,exact_kg_product,8dfdbc0b-5fd7-4e42-adfa-c4fd70cb1ad2,arp-arp-axxe-modified-analog-synth-1979-1981-black-orange,excluded,,,support=known;visibility=private;monitoring=none,Mapped from gross list in 03A; not previously reconciled.
GL-0072,gross_list_336,ARP	Axxe,ARP,Axxe,,duplicate_consolidated,exact_kg_product,de4c0040-d9d8-4e34-80e8-012c35ecee43,arp-arp-axxe-mk1-monophonic-analog-synthesizer-1975-1978-black-gold,excluded,,,support=known;visibility=private;monitoring=none,Mapped from gross list in 03A; not previously reconciled.
GL-0073,gross_list_336,ARP	Odyssey,ARP,Little Brother Analog Synthesizer Expander Module 1975-1977 for Odyssey Axxe 2600,,duplicate_consolidated; variant_split,exact_kg_product,4bc85194-bede-42d6-857f-24b03254c9c6,arp-arp-little-brother-analog-synthesizer-expander-module-1975-1977-for-odyssey-axxe-2600,excluded,,,support=known;visibility=private;monitoring=none,Mapped from gross list in 03A; not previously reconciled.
GL-0074,gross_list_336,ARP	Odyssey,ARP,AVATAR Synthesizer odyssey RESTORED only CV gate control VINTAGE SYNTH DEALR,,variant_split,exact_kg_product,4d26ff90-5431-493d-9e02-e1394b80ad37,arp-arp-avatar-synthesizer-odyssey-restored-only-cv-gate-control-vintage-synth-dealr,excluded,,,support=known;visibility=private;monitoring=none,Mapped from gross list in 03A; not previously reconciled.
GL-0075,gross_list_336,ARP	Odyssey,ARP,Odyssey,,variant_split,exact_kg_product,058417ac-05c4-4fc2-9e79-5e4896455dcd,arp-arp-odyssey-mk-ii-2813-with-sub-oscillator-kit-installed,excluded,,,support=known;visibility=private;monitoring=none,Mapped from gross list in 03A; not previously reconciled.
GL-0076,gross_list_336,ARP	Odyssey,ARP,Odyssey,,variant_split,exact_kg_product,106e0f92-49d2-4589-9c23-821650688c85,arp-arp-2800-odyssey-mark-ii-monophonic-vintage-analog-synthesizer,excluded,,,support=known;visibility=private;monitoring=none,Mapped from gross list in 03A; not previously reconciled.
GL-0077,gross_list_336,ARP	Odyssey,ARP,Odyssey,,variant_split,exact_kg_product,26d5edbc-008b-4895-ad0b-994775eb0bdb,arp-arp-2800-odyssey-mark-i-monophonic-analog-synthesizer-4023-filter-black-gold-serviced,excluded,,,support=known;visibility=private;monitoring=none,Mapped from gross list in 03A; not previously reconciled.
GL-0078,gross_list_336,ARP	Odyssey,ARP,Odyssey,,variant_split,exact_kg_product,2f111942-2641-4def-93be-847e77b4a5f7,arp-arp-odyssey-2813-original-made-in-the-usa-pro-serviced-w-restoration-by-phil-cirocco,excluded,,,support=known;visibility=private;monitoring=none,Mapped from gross list in 03A; not previously reconciled.
GL-0079,gross_list_336,ARP	Odyssey,ARP,Odyssey,,variant_split,exact_kg_product,396e435d-26c7-4229-969f-382452341e15,arp-korg-arp-odyssey-fs-k3-analog-synth-diy-kit,excluded,,,support=known;visibility=private;monitoring=none,Mapped from gross list in 03A; not previously reconciled.
GL-0080,gross_list_336,ARP	Odyssey,ARP,Odyssey,,variant_split,exact_kg_product,39ac1bf8-5f2d-4bc7-b139-a7f8b6aa2e46,arp-rare-arp-odyssey-mki-2800-gold-and-black-serviced,excluded,,,support=known;visibility=private;monitoring=none,Mapped from gross list in 03A; not previously reconciled.
GL-0081,gross_list_336,ARP	Odyssey,ARP,Odyssey,,variant_split,exact_kg_product,3ccf3aef-a7f9-4200-bf0a-52fad3b10793,arp-arp-2823-odyssey-monophonic-analog-synthesizer-1979-1981-black-orange,excluded,,,support=known;visibility=private;monitoring=none,Mapped from gross list in 03A; not previously reconciled.
GL-0082,gross_list_336,ARP	Odyssey,ARP,Odyssey MKI 2800 1974 Black & Gold Modified & Restored,,variant_split,exact_kg_product,4bbcddd1-52b5-4f98-bbde-aa23c0eeb305,arp-arp-odyssey-mki-2800-1974-black--gold-modified--restored,excluded,,,support=known;visibility=private;monitoring=none,Mapped from gross list in 03A; not previously reconciled.
GL-0083,gross_list_336,ARP	Odyssey,ARP,Odyssey,,variant_split,exact_kg_product,518cbf42-0f79-4b97-abe3-fc0feb7eba84,arp-vintage-arp-odyssey-mkii-2813--pratt-read-keyboard-1975,excluded,,,support=known;visibility=private;monitoring=none,Mapped from gross list in 03A; not previously reconciled.
GL-0084,gross_list_336,ARP	Odyssey,ARP,Odyssey,,variant_split,exact_kg_product,55c28cf7-8635-45e1-8c1d-b5dcaf3ff353,arp-used-set-of-34-original-arp-odyssey-mk-iii-2823-sliders-for-refurbishing-parts-repair,excluded,,,support=known;visibility=private;monitoring=none,Mapped from gross list in 03A; not previously reconciled.
GL-0085,gross_list_336,ARP	Odyssey,ARP,Odyssey,,variant_split,exact_kg_product,569e95fb-a4c2-4ed7-8315-922dfc802f66,arp-arp-odyssey-mkii-2810--black--gold--vintage-analog-synthesizer-w-4035-filter,excluded,,,support=known;visibility=private;monitoring=none,Mapped from gross list in 03A; not previously reconciled.
GL-0086,gross_list_336,ARP	Odyssey,ARP,Odyssey,,variant_split,exact_kg_product,619cf153-ee3b-4e05-8145-df29e6607162,arp-arp-arp-odyssey-fs-analog-synth-diy-kit-2023,excluded,,,support=known;visibility=private;monitoring=none,Mapped from gross list in 03A; not previously reconciled.
GL-0087,gross_list_336,ARP	Odyssey,ARP,Odyssey Mk I Model 2800 1974 - White,,variant_split,exact_kg_product,694553e9-7550-4e18-8963-d3c84ca882cc,arp-arp-odyssey-mk-i-model-2800-1974-white,excluded,,,support=known;visibility=private;monitoring=none,Mapped from gross list in 03A; not previously reconciled.
GL-0088,gross_list_336,ARP	Odyssey,ARP,Odyssey,,variant_split,exact_kg_product,6eecb00f-623b-4fda-b022-f2ed98564b5e,arp-fully-restored-1978-arp-odyssey-iii-2823,excluded,,,support=known;visibility=private;monitoring=none,Mapped from gross list in 03A; not previously reconciled.
GL-0089,gross_list_336,ARP	Odyssey,ARP,2823 Odyssey Mark III Monophonic Analog Synthesizer 1979 - 1981 - Black / Orange,,variant_split,exact_kg_product,922828d3-c1fe-4ae7-90e8-419471eb2b88,arp-arp-2823-odyssey-mark-iii-monophonic-analog-synthesizer-1979-1981-black-orange,excluded,,,support=known;visibility=private;monitoring=none,Mapped from gross list in 03A; not previously reconciled.
GL-0090,gross_list_336,ARP	Odyssey,ARP,2813 Odyssey Mark II (Vintage),,variant_split,exact_kg_product,93fe42fb-40e5-4f40-8e20-66d85dd9e8d7,arp-arp-2813-odyssey-mark-ii-vintage,excluded,,,support=known;visibility=private;monitoring=none,Mapped from gross list in 03A; not previously reconciled.
GL-0091,gross_list_336,ARP	Odyssey,ARP,Odyssey,,variant_split,exact_kg_product,b8bca0ab-a6ef-4dd6-bcb1-731ef112a3c0,arp-arp-odyssey-mkiii-2823,excluded,,,support=known;visibility=private;monitoring=none,Mapped from gross list in 03A; not previously reconciled.
GL-0092,gross_list_336,ARP	Odyssey,ARP,Odyssey MKII 2813,,variant_split,exact_kg_product,bfaa7d03-48bb-4408-b580-cf2281f4adc9,arp-arp-odyssey-mkii-2813,excluded,,,support=known;visibility=private;monitoring=none,Mapped from gross list in 03A; not previously reconciled.
GL-0093,gross_list_336,ARP	Odyssey,ARP,Odyssey,,variant_split,exact_kg_product,d3abe1ce-c70c-43bf-b204-cd8d3944fc9b,arp-vintage-arp-odyssey-mkii-2813--case-only,excluded,,,support=known;visibility=private;monitoring=none,Mapped from gross list in 03A; not previously reconciled.
GL-0094,gross_list_336,ARP	Odyssey,ARP,Odyssey FS Analog Synthesizer DIY Kit Regular,,variant_split,exact_kg_product,d9ee2ee9-917e-4c32-8b47-ad00821f3703,arp-arp-odyssey-fs-analog-synthesizer-diy-kit-regular,excluded,,,support=known;visibility=private;monitoring=none,Mapped from gross list in 03A; not previously reconciled.
GL-0095,gross_list_336,ARP	Odyssey,ARP,Odyssey 1,,variant_split,exact_kg_product,ff2f5191-2533-4275-ac7d-4735991f2dc7,arp-odyssey-1,excluded,,,support=known;visibility=private;monitoring=none,Mapped from gross list in 03A; not previously reconciled.
GL-0096,gross_list_336,ARP	Omni I / II,ARP,Omni I / II,,no_kg_match,no_kg_product,,,no_kg_product,,,registry_only:no_kg_row,"Gross-list family with no KG product; cannot be scraped, matched or priced today."
GL-0097,gross_list_336,ARP	Pro Soloist,ARP,Pro Soloist,,duplicate_consolidated,exact_kg_product,65ddc188-c651-450d-854a-1b3a8d43ad30,arp-original-arp-pro-soloist--pro-dgx-synthesizer-rom-chip-z8-board-c,excluded,,,support=known;visibility=private;monitoring=none,Mapped from gross list in 03A; not previously reconciled.
GL-0098,gross_list_336,ARP	Pro Soloist,ARP,Pro-Soloist,,duplicate_consolidated,exact_kg_product,9cca29f3-6429-4aa5-ad50-576bd765197a,arp-pro-soloist,excluded,,,support=known;visibility=private;monitoring=none,Mapped from gross list in 03A; not previously reconciled.
GL-0099,gross_list_336,ARP	Pro Soloist,ARP,Pro Soloist Slider Knob,,duplicate_consolidated,exact_kg_product,af64a9eb-79d4-4926-92ab-dfd44488d419,arp-arp-pro-soloist-slider-knob,excluded,,,support=known;visibility=private;monitoring=none,Mapped from gross list in 03A; not previously reconciled.
GL-0100,gross_list_336,ARP	Pro Soloist,ARP,Pro Soloist,,duplicate_consolidated,exact_kg_product,cc7390e7-68a9-4f23-ae95-ef50a7a5ee78,arp-original-arp-pro-soloist--pro-dgx-synthesizer-rom-chip-z3-board-b,excluded,,,support=known;visibility=private;monitoring=none,Mapped from gross list in 03A; not previously reconciled.
GL-0101,gross_list_336,ARP	Quadra,ARP,Quadra,,variant_split,exact_kg_product,783303e3-d406-4f84-aa0d-0be50f385240,arp-quadra,reserve,45,low,support=reserve;visibility=private;monitoring=none,"NEW from gross list ""ARP Quadra""."
GL-0102,gross_list_336,ARP	Quadra,ARP,Quadra 1978✅ ULTRA RARE from ´70s -´80s✅ Professional Synthesizer✅ Cleaned & Full Checked ✅Legend,,variant_split,exact_kg_product,0fe1534b-157b-46dc-aae3-c442e7eae90d,arp-arp-quadra-1978-ultra-rare-from-70s-80s-professional-synthesizer-cleaned--full-checked-legend,excluded,,,support=known;visibility=private;monitoring=none,Mapped from gross list in 03A; not previously reconciled.
GL-0103,gross_list_336,ARP	Quadra,ARP,Quadra,,variant_split,exact_kg_product,237e39ec-96b8-4b43-bec2-1bd6a56b15d0,arp-used-set-of-35-original-arp-quadra-sliders-for-refurbishing-parts-repair,excluded,,,support=known;visibility=private;monitoring=none,Mapped from gross list in 03A; not previously reconciled.
GL-0104,gross_list_336,ARP	Quadra,ARP,Quadra,,variant_split,exact_kg_product,64d832bb-2ade-4a24-ba52-f8d536b43a2e,arp-arp-quadra-1978-legend--ultra-rare-from-70s-80s-professional-synthesizer-cleaned--full-checked,excluded,,,support=known;visibility=private;monitoring=none,Mapped from gross list in 03A; not previously reconciled.
GL-0105,gross_list_336,ARP	Quadra,ARP,Quadra 2463 Synthesizer (Serviced),,variant_split,exact_kg_product,9412a22f-0435-4588-ae7b-22e60edcdb40,arp-arp-quadra-2463-synthesizer-serviced,excluded,,,support=known;visibility=private;monitoring=none,Mapped from gross list in 03A; not previously reconciled.
GL-0106,gross_list_336,ARP	Quadra,ARP,Quadra Serviced Keyboard Synthesizer Analog Synth Rare Vintage,,variant_split,exact_kg_product,d65cb750-b1ed-442e-aee7-e412e4afce7b,arp-arp-quadra-serviced-keyboard-synthesizer-analog-synth-rare-vintage,excluded,,,support=known;visibility=private;monitoring=none,Mapped from gross list in 03A; not previously reconciled.
GL-0107,gross_list_336,ARP	Solina String Ensemble,ARP,Solina String Ensemble,,duplicate_consolidated,exact_kg_product,b1775a25-3e17-42da-a827-2f9a50b7e7e6,arp-arp-solina-string-ensemble-1970s-wood-og-volume-pedal-included,excluded,,,support=known;visibility=private;monitoring=none,Mapped from gross list in 03A; not previously reconciled.
GL-0108,gross_list_336,ARP	Solina String Ensemble,ARP,Solina String Ensemble,,duplicate_consolidated,exact_kg_product,db244339-1874-4032-b205-fb7c408de5b4,arp-solina-string-ensemble,excluded,,,support=known;visibility=private;monitoring=none,Mapped from gross list in 03A; not previously reconciled.
GL-0109,gross_list_336,Aston Microphones	Origin,Aston Microphones,Origin,,no_kg_match,no_kg_product,,,no_kg_product,,,registry_only:no_kg_row,"Gross-list family with no KG product; cannot be scraped, matched or priced today."
GL-0110,gross_list_336,Aston Microphones	Spirit,Aston Microphones,Spirit,,no_kg_match,no_kg_product,,,no_kg_product,,,registry_only:no_kg_row,"Gross-list family with no KG product; cannot be scraped, matched or priced today."
GL-0111,gross_list_336,Aston Microphones	Stealth,Aston Microphones,Stealth,,no_kg_match,no_kg_product,,,no_kg_product,,,registry_only:no_kg_row,"Gross-list family with no KG product; cannot be scraped, matched or priced today."
GL-0112,gross_list_336,Audient	ASP800 / ASP880,Audient,ASP800 / ASP880,,no_kg_match_brand_absent,no_kg_product,,,no_kg_product,,,registry_only:no_kg_row,"Gross-list family with no KG product; cannot be scraped, matched or priced today."
GL-0113,gross_list_336,Audient	iD44,Audient,iD44,,no_kg_match_brand_absent,no_kg_product,,,no_kg_product,,,registry_only:no_kg_row,"Gross-list family with no KG product; cannot be scraped, matched or priced today."
GL-0114,gross_list_336,Austrian Audio	OC818,Austrian Audio,OC818,,no_kg_match_brand_absent,no_kg_product,,,no_kg_product,,,registry_only:no_kg_row,"Gross-list family with no KG product; cannot be scraped, matched or priced today."
GL-0115,gross_list_336,Avalon	VT-737sp,Avalon,VT-737sp,,no_kg_match_brand_absent,no_kg_product,,,no_kg_product,,,registry_only:no_kg_row,"Gross-list family with no KG product; cannot be scraped, matched or priced today."
GL-0116,gross_list_336,Binson	Echorec / Echorec 2,Binson,Echorec / Echorec 2,,no_kg_match_brand_absent,no_kg_product,,,no_kg_product,,,registry_only:no_kg_row,"Gross-list family with no KG product; cannot be scraped, matched or priced today."
GL-0117,gross_list_336,Boss	DM-1 Delay Machine,Boss,DM-1 Delay Machine,,no_kg_match,no_kg_product,,,no_kg_product,,,registry_only:no_kg_row,"Gross-list family with no KG product; cannot be scraped, matched or priced today."
GL-0118,gross_list_336,Boss	DM-2 / DM-3 Delay,Boss,DM-2 / DM-3 Delay,,no_kg_match,no_kg_product,,,no_kg_product,,,registry_only:no_kg_row,"Gross-list family with no KG product; cannot be scraped, matched or priced today."
GL-0119,gross_list_336,Buchla	200 / 200e Series,Buchla,200 / 200e Series,,duplicate_consolidated,exact_kg_product,2785b36a-0bd5-4dde-9832-f526fb246621,buchla-200e-series,excluded,,,support=known;visibility=private;monitoring=none,Mapped from gross list in 03A; not previously reconciled.
GL-0120,gross_list_336,Buchla	200 / 200e Series,Buchla,200 Series,,duplicate_consolidated,exact_kg_product,d3114a5a-c7d6-4693-b1f0-bf6594cb8b34,buchla-200-series,excluded,,,support=known;visibility=private;monitoring=none,Mapped from gross list in 03A; not previously reconciled.
GL-0121,gross_list_336,Buchla	Music Easel,Buchla,Music Easel,,no_kg_match,no_kg_product,,,no_kg_product,,,registry_only:no_kg_row,"Gross-list family with no KG product; cannot be scraped, matched or priced today."
GL-0122,gross_list_336,Burl Audio	B2 Bomber ADC / DAC,Burl Audio,B2 Bomber ADC / DAC,,no_kg_match_brand_absent,no_kg_product,,,no_kg_product,,,registry_only:no_kg_row,"Gross-list family with no KG product; cannot be scraped, matched or priced today."
GL-0123,gross_list_336,Burl Audio	Mothership B16 / B80,Burl Audio,Mothership B16 / B80,,no_kg_match_brand_absent,no_kg_product,,,no_kg_product,,,registry_only:no_kg_row,"Gross-list family with no KG product; cannot be scraped, matched or priced today."
GL-0124,gross_list_336,Calrec	Vintage EQ / Compressor Modules,Calrec,Vintage EQ / Compressor Modules,,no_kg_match_brand_absent,no_kg_product,,,no_kg_product,,,registry_only:no_kg_row,"Gross-list family with no KG product; cannot be scraped, matched or priced today."
GL-0125,gross_list_336,Casio	CZ-101 / CZ-1 / CZ-5000,Casio,CZ-101 / CZ-1 / CZ-5000,,duplicate_consolidated,exact_kg_product,6455c2b1-89dc-4444-80f3-e2b7f9f6f31d,casio-cz-1,excluded,,,support=known;visibility=private;monitoring=none,Mapped from gross list in 03A; not previously reconciled.
GL-0126,gross_list_336,Casio	CZ-101 / CZ-1 / CZ-5000,Casio,CZ-5000,,duplicate_consolidated,exact_kg_product,692c888e-2afb-4b26-b994-7454c0414130,casio-cz-5000,excluded,,,support=known;visibility=private;monitoring=none,Mapped from gross list in 03A; not previously reconciled.
GL-0127,gross_list_336,Casio	CZ-101 / CZ-1 / CZ-5000,Casio,CZ-101 / CZ-1 / CZ-5000,,duplicate_consolidated,exact_kg_product,a67ce1f1-aba9-46c3-af3e-bc7a77b86325,casio-cz-101,excluded,,,support=known;visibility=private;monitoring=none,Mapped from gross list in 03A; not previously reconciled.
GL-0128,gross_list_336,Casio	FZ-1,Casio,FZ-1,,exact_match,exact_kg_product,f6779d9e-755e-4df7-ae2e-f711848423a2,casio-fz-1,excluded,,,support=known;visibility=private;monitoring=none,Mapped from gross list in 03A; not previously reconciled.
GL-0129,gross_list_336,Casio	RZ-1,Casio,RZ-1,,exact_match,exact_kg_product,43ea8fbd-8132-4019-9d28-6b3beaff0c42,casio-rz-1,excluded,,,support=known;visibility=private;monitoring=none,Mapped from gross list in 03A; not previously reconciled.
GL-0130,gross_list_336,Casio	SK-1 / SK-5,Casio,SK-1 / SK-5,,exact_match,exact_kg_product,4f302564-f833-4d14-9ccc-9306c970d11b,casio-sk-1,excluded,,,support=known;visibility=private;monitoring=none,Mapped from gross list in 03A; not previously reconciled.
GL-0131,gross_list_336,Casio	VL-1 (VL-Tone),Casio,VL-1 (VL-Tone),,no_kg_match,no_kg_product,,,no_kg_product,,,registry_only:no_kg_row,"Gross-list family with no KG product; cannot be scraped, matched or priced today."
GL-0132,gross_list_336,Casio	VZ-1,Casio,VZ-1,,exact_match,exact_kg_product,55fe25a4-6e96-42ee-b9f8-a8fa60e925ef,casio-vz-1,excluded,,,support=known;visibility=private;monitoring=none,Mapped from gross list in 03A; not previously reconciled.
GL-0133,gross_list_336,Chandler Limited	EMI TG12413 Zener Limiter,Chandler Limited,EMI TG12413 Zener Limiter,,no_kg_match_brand_absent,no_kg_product,,,no_kg_product,,,registry_only:no_kg_row,"Gross-list family with no KG product; cannot be scraped, matched or priced today."
GL-0134,gross_list_336,Chandler Limited	REDD.47 Preamp,Chandler Limited,REDD.47 Preamp,,no_kg_match_brand_absent,no_kg_product,,,no_kg_product,,,registry_only:no_kg_row,"Gross-list family with no KG product; cannot be scraped, matched or priced today."
GL-0135,gross_list_336,Chandler Limited	RS124 Compressor,Chandler Limited,RS124 Compressor,,no_kg_match_brand_absent,no_kg_product,,,no_kg_product,,,registry_only:no_kg_row,"Gross-list family with no KG product; cannot be scraped, matched or priced today."
GL-0136,gross_list_336,Chandler Limited	TG1 Limiter,Chandler Limited,TG1 Limiter,,no_kg_match_brand_absent,no_kg_product,,,no_kg_product,,,registry_only:no_kg_row,"Gross-list family with no KG product; cannot be scraped, matched or priced today."
GL-0137,gross_list_336,Chandler Limited	TG12345 Curve Bender,Chandler Limited,TG12345 Curve Bender,,no_kg_match_brand_absent,no_kg_product,,,no_kg_product,,,registry_only:no_kg_row,"Gross-list family with no KG product; cannot be scraped, matched or priced today."
GL-0138,gross_list_336,Chilton	Talentmaker,Chilton,Talentmaker,,no_kg_match_brand_absent,no_kg_product,,,no_kg_product,,,registry_only:no_kg_row,"Gross-list family with no KG product; cannot be scraped, matched or priced today."
GL-0139,gross_list_336,Coles	4038,Coles,4038,,no_kg_match_brand_absent,no_kg_product,,,no_kg_product,,,registry_only:no_kg_row,"Gross-list family with no KG product; cannot be scraped, matched or priced today."
GL-0140,gross_list_336,Crumar	Bit One / Bit 99,Crumar,Bit One / Bit 99,,duplicate_consolidated,exact_kg_product,2feae162-4407-4dc5-a284-0997c6ef88f5,crumar-bit-99,excluded,,,support=known;visibility=private;monitoring=none,Mapped from gross list in 03A; not previously reconciled.
GL-0141,gross_list_336,Crumar	Bit One / Bit 99,Crumar,Bit One / Bit 99,,duplicate_consolidated,exact_kg_product,602b5e2f-52da-4882-9502-e12c238fc063,crumar-bit-one,excluded,,,support=known;visibility=private;monitoring=none,Mapped from gross list in 03A; not previously reconciled.
GL-0142,gross_list_336,Crumar	Multiman / Orchestrator,Crumar,Multiman-S,,exact_match,exact_kg_product,da5f48d1-82a9-4e36-98ae-20405aaeda0f,crumar-multiman-s,excluded,,,support=known;visibility=private;monitoring=none,Mapped from gross list in 03A; not previously reconciled.
GL-0143,gross_list_336,Crumar	Performer,Crumar,Performer,,exact_match,exact_kg_product,27f64577-aeea-4f5f-9675-60d7b71b03d2,crumar-performer,excluded,,,support=known;visibility=private;monitoring=none,Mapped from gross list in 03A; not previously reconciled.
GL-0144,gross_list_336,Crumar	Spirit,Crumar,Spirit,,exact_match,exact_kg_product,0f17b901-692d-4f2f-ab36-3cebeee963d1,crumar-spirit,reserve,52,low,support=reserve;visibility=private;monitoring=none,"NEW from gross list ""Crumar Spirit""."
GL-0145,gross_list_336,dbx	160,dbx,160,,no_kg_match_brand_absent,no_kg_product,,,no_kg_product,,,registry_only:no_kg_row,"Gross-list family with no KG product; cannot be scraped, matched or priced today."
GL-0146,gross_list_336,Dynacord	VRS-23,Dynacord,VRS-23,,no_kg_match_brand_absent,no_kg_product,,,no_kg_product,,,registry_only:no_kg_row,"Gross-list family with no KG product; cannot be scraped, matched or priced today."
GL-0147,gross_list_336,Eko	Computerhythm,Eko,Computerhythm,,no_kg_match,no_kg_product,,,no_kg_product,,,registry_only:no_kg_row,"Gross-list family with no KG product; cannot be scraped, matched or priced today."
GL-0148,gross_list_336,Electro-Harmonix	Memory Man / Deluxe Memory Man,Electro-Harmonix,Memory Man / Deluxe Memory Man,,no_kg_match,no_kg_product,,,no_kg_product,,,registry_only:no_kg_row,"Gross-list family with no KG product; cannot be scraped, matched or priced today."
GL-0149,gross_list_336,Electro-Voice	RE20,Electro-Voice,RE20,,no_kg_match_brand_absent,no_kg_product,,,no_kg_product,,,registry_only:no_kg_row,"Gross-list family with no KG product; cannot be scraped, matched or priced today."
GL-0150,gross_list_336,Elka	Rhapsody 490 / 610,Elka,Rhapsody 490 / 610,,no_kg_match,no_kg_product,,,no_kg_product,,,registry_only:no_kg_row,"Gross-list family with no KG product; cannot be scraped, matched or priced today."
GL-0151,gross_list_336,Elka	Synthex,Elka,Synthex,,exact_match,exact_kg_product,12b2c46c-75b6-4f7c-84ed-3bf627ec03c0,elka-synthex,reserve,47,low,support=reserve;visibility=private;monitoring=none,"NEW from gross list ""Elka Synthex""."
GL-0152,gross_list_336,Elysia	Karacter,Elysia,Karacter,,no_kg_match_brand_absent,no_kg_product,,,no_kg_product,,,registry_only:no_kg_row,"Gross-list family with no KG product; cannot be scraped, matched or priced today."
GL-0153,gross_list_336,Elysia	Mpressor,Elysia,Mpressor,,no_kg_match_brand_absent,no_kg_product,,,no_kg_product,,,registry_only:no_kg_row,"Gross-list family with no KG product; cannot be scraped, matched or priced today."
GL-0154,gross_list_336,Elysia	Museq,Elysia,Museq,,no_kg_match_brand_absent,no_kg_product,,,no_kg_product,,,registry_only:no_kg_row,"Gross-list family with no KG product; cannot be scraped, matched or priced today."
GL-0155,gross_list_336,Elysia	Xfilter,Elysia,Xfilter,,no_kg_match_brand_absent,no_kg_product,,,no_kg_product,,,registry_only:no_kg_row,"Gross-list family with no KG product; cannot be scraped, matched or priced today."
GL-0156,gross_list_336,E-MU Systems	Audity 2000,E-MU Systems,Audity 2000,,exact_match,exact_kg_product,f3deab26-5acc-491f-b481-e434d5580451,e-mu-audity-2000,excluded,,,support=known;visibility=private;monitoring=none,Mapped from gross list in 03A; not previously reconciled.
GL-0157,gross_list_336,E-MU Systems	Emulator I / II / III,E-MU Systems,Emulator I / II / III,,duplicate_consolidated,exact_kg_product,232d2257-ea88-4cee-8750-d3c15918c82e,e-mu-emulator-ii,excluded,,,support=known;visibility=private;monitoring=none,Mapped from gross list in 03A; not previously reconciled.
GL-0158,gross_list_336,E-MU Systems	Emulator I / II / III,E-MU Systems,Emulator I / II / III,,duplicate_consolidated,exact_kg_product,e81aa499-3d82-480e-99f0-0dbc3a4c18d7,e-mu-emulator-iii,excluded,,,support=known;visibility=private;monitoring=none,Mapped from gross list in 03A; not previously reconciled.
GL-0159,gross_list_336,E-MU Systems	Morpheus,E-MU Systems,Morpheus,,exact_match,exact_kg_product,83bce9b0-c742-40a8-b825-69495f5d0484,e-mu-morpheus,excluded,,,support=known;visibility=private;monitoring=none,Mapped from gross list in 03A; not previously reconciled.
GL-0160,gross_list_336,E-MU Systems	Orbit / Planet Phatt,E-MU Systems,Orbit / Planet Phatt,,duplicate_consolidated,exact_kg_product,031f0144-dc8c-4d8c-b467-71471d18e131,e-mu-orbit-9090,excluded,,,support=known;visibility=private;monitoring=none,Mapped from gross list in 03A; not previously reconciled.
GL-0161,gross_list_336,E-MU Systems	Orbit / Planet Phatt,E-MU Systems,Orbit / Planet Phatt,,duplicate_consolidated,exact_kg_product,7d830e5d-2483-4331-8119-4fbb1c510662,e-mu-orbit-3,excluded,,,support=known;visibility=private;monitoring=none,Mapped from gross list in 03A; not previously reconciled.
GL-0162,gross_list_336,E-MU Systems	Orbit / Planet Phatt,E-MU Systems,Orbit / Planet Phatt,,duplicate_consolidated,exact_kg_product,83a2db5c-ed0d-4e11-9541-a110694244be,e-mu-planet-phatt,excluded,,,support=known;visibility=private;monitoring=none,Mapped from gross list in 03A; not previously reconciled.
GL-0163,gross_list_336,E-MU Systems	Proteus 1 / 2 / 3,E-MU Systems,Proteus 1 / 2 / 3,,no_kg_match,no_kg_product,,,no_kg_product,,,registry_only:no_kg_row,"Gross-list family with no KG product; cannot be scraped, matched or priced today."
GL-0164,gross_list_336,E-MU Systems	SP-12 / SP-1200,E-MU Systems,SP-1200,matchable_canonical_product,duplicate_consolidated,exact_kg_product,7547ed8f-be71-4297-925d-09b90d428478,emu-sp-1200,core,68,medium,support=supported;visibility=private;monitoring=unchanged,"NEW ENTRY from gross list ""E-MU Systems SP-12 / SP-1200""."
GL-0165,gross_list_336,E-MU Systems	SP-12 / SP-1200,E-MU Systems,SP-12 / SP-1200,,duplicate_consolidated,exact_kg_product,3397bd2c-aa07-49dc-819d-93a1f47d6cf0,e-mu-sp-12,excluded,,,support=known;visibility=private;monitoring=none,Mapped from gross list in 03A; not previously reconciled.
GL-0166,gross_list_336,E-MU Systems	SP-12 / SP-1200,E-MU Systems,SP-12 / SP-1200,,duplicate_consolidated,exact_kg_product,f55019fa-39a4-4e8e-91c5-2727181c9af8,e-mu-sp-1200,excluded,,,support=known;visibility=private;monitoring=none,Mapped from gross list in 03A; not previously reconciled.
GL-0167,gross_list_336,Eminent	Solina String Ensemble,Eminent,Solina String Ensemble,,no_kg_match_brand_absent,no_kg_product,,,no_kg_product,,,registry_only:no_kg_row,"Gross-list family with no KG product; cannot be scraped, matched or priced today."
GL-0168,gross_list_336,Empirical Labs	EL8 / EL8X Distressor,Empirical Labs,EL8 / EL8X Distressor,,no_kg_match_brand_absent,no_kg_product,,,no_kg_product,,,registry_only:no_kg_row,"Gross-list family with no KG product; cannot be scraped, matched or priced today."
GL-0169,gross_list_336,EMS	Synthi AKS / Synthi 100,EMS,Synthi AKS / Synthi 100,,no_kg_match,no_kg_product,,,no_kg_product,,,registry_only:no_kg_row,"Gross-list family with no KG product; cannot be scraped, matched or priced today."
GL-0170,gross_list_336,EMS	VCS3,EMS,VCS3,,exact_match,exact_kg_product,2386b347-3678-4a54-bec6-bb4ecd7383ea,electronic-music-studios-ems-vcs3,excluded,,,support=known;visibility=private;monitoring=none,Mapped from gross list in 03A; not previously reconciled.
GL-0171,gross_list_336,Ensoniq	ASR-10 / ASR-X,Ensoniq,ASR-X,,variant_split,exact_kg_product,2fd21c3a-4d61-4030-9769-5007c9dce0bc,ensoniq-asr-x,excluded,,,support=known;visibility=private;monitoring=none,Mapped from gross list in 03A; not previously reconciled.
GL-0172,gross_list_336,Ensoniq	ASR-10 / ASR-X,Ensoniq,ASR-10,,variant_split,exact_kg_product,33c9eace-712d-4269-aa4f-9058a255c7c6,ensoniq-asr-10,excluded,,,support=known;visibility=private;monitoring=none,Mapped from gross list in 03A; not previously reconciled.
GL-0173,gross_list_336,Ensoniq	ASR-10 / ASR-X,Ensoniq,ASR-X Pro,,variant_split,exact_kg_product,9a0e4e39-9900-4e68-8600-6f5196873e81,ensoniq-asr-x-pro,excluded,,,support=known;visibility=private;monitoring=none,Mapped from gross list in 03A; not previously reconciled.
GL-0174,gross_list_336,Ensoniq	EPS / EPS-16+,Ensoniq,EPS-16+,,variant_split,exact_kg_product,868b5234-bbc2-48f9-9207-20edef64aab3,ensoniq-eps-16,excluded,,,support=known;visibility=private;monitoring=none,Mapped from gross list in 03A; not previously reconciled.
GL-0175,gross_list_336,Ensoniq	EPS / EPS-16+,Ensoniq,EPS,,variant_split,exact_kg_product,9f73a0c8-5d07-4ba1-b962-e4217351087f,ensoniq-eps,excluded,,,support=known;visibility=private;monitoring=none,Mapped from gross list in 03A; not previously reconciled.
GL-0176,gross_list_336,Ensoniq	EPS / EPS-16+,Ensoniq,EPS-16 Plus,,variant_split,exact_kg_product,c1c99784-b8ea-4f7e-a8bd-1034fbe4aedd,ensoniq-eps-16-plus,excluded,,,support=known;visibility=private;monitoring=none,Mapped from gross list in 03A; not previously reconciled.
GL-0177,gross_list_336,Ensoniq	ESQ-1 / SQ-80,Ensoniq,SQ-80,,variant_split,exact_kg_product,523bdb19-58fd-494b-a2e5-cfc8f6e4d063,ensoniq-sq-80,excluded,,,support=known;visibility=private;monitoring=none,Mapped from gross list in 03A; not previously reconciled.
GL-0178,gross_list_336,Ensoniq	ESQ-1 / SQ-80,Ensoniq,ESQ-1,,variant_split,exact_kg_product,6129d62c-199c-4eb9-8e6c-eeab5d5e1d9e,ensoniq-esq-1,excluded,,,support=known;visibility=private;monitoring=none,Mapped from gross list in 03A; not previously reconciled.
GL-0179,gross_list_336,Ensoniq	Fizmo,Ensoniq,Fizmo,,exact_match,exact_kg_product,18e03de3-3614-41e6-92f6-bf99433d327f,ensoniq-fizmo,excluded,,,support=known;visibility=private;monitoring=none,Mapped from gross list in 03A; not previously reconciled.
GL-0180,gross_list_336,Ensoniq	Mirage,Ensoniq,Mirage,,variant_split,exact_kg_product,6073d57b-a8a1-4ca3-8e6f-c64d0df23740,ensoniq-mirage,excluded,,,support=known;visibility=private;monitoring=none,Mapped from gross list in 03A; not previously reconciled.
GL-0181,gross_list_336,Ensoniq	Mirage,Ensoniq,Mirage DSK-8,,variant_split,exact_kg_product,63adefb5-cc0e-460e-83d5-54355a0d76cd,ensoniq-mirage-dsk-8,excluded,,,support=known;visibility=private;monitoring=none,Mapped from gross list in 03A; not previously reconciled.
GL-0182,gross_list_336,Ensoniq	Mirage,Ensoniq,Mirage DSK-1,,variant_split,exact_kg_product,e15d44e3-5985-427f-95d7-17d5a1ae0ac9,ensoniq-mirage-dsk-1,excluded,,,support=known;visibility=private;monitoring=none,Mapped from gross list in 03A; not previously reconciled.
GL-0183,gross_list_336,Ensoniq	VFX / VFX-SD,Ensoniq,VFX,,exact_match,exact_kg_product,03afeb37-3160-4c1d-8146-ea48e4bccb90,ensoniq-vfx,excluded,,,support=known;visibility=private;monitoring=none,Mapped from gross list in 03A; not previously reconciled.
GL-0184,gross_list_336,Eventide	H3000,Eventide,H3000,,no_kg_match_brand_absent,no_kg_product,,,no_kg_product,,,registry_only:no_kg_row,"Gross-list family with no KG product; cannot be scraped, matched or priced today."
GL-0185,gross_list_336,Evans	Echopet EP-50 / EP-100,Evans,Echopet EP-50 / EP-100,,no_kg_match_brand_absent,no_kg_product,,,no_kg_product,,,registry_only:no_kg_row,"Gross-list family with no KG product; cannot be scraped, matched or priced today."
GL-0186,gross_list_336,EMT	140 Plate Reverb,EMT,140 Plate Reverb,,no_kg_match_brand_absent,no_kg_product,,,no_kg_product,,,registry_only:no_kg_row,"Gross-list family with no KG product; cannot be scraped, matched or priced today."
GL-0187,gross_list_336,EMT	250 Electronic Reverb,EMT,250 Electronic Reverb,,no_kg_match_brand_absent,no_kg_product,,,no_kg_product,,,registry_only:no_kg_row,"Gross-list family with no KG product; cannot be scraped, matched or priced today."
GL-0188,gross_list_336,Fairchild	660 / 670,Fairchild,660 / 670,,no_kg_match_brand_absent,no_kg_product,,,no_kg_product,,,registry_only:no_kg_row,"Gross-list family with no KG product; cannot be scraped, matched or priced today."
GL-0189,gross_list_336,Fairlight	CMI Series I / II / III,Fairlight,CMI Series I / II / III,,exact_match,exact_kg_product,135c8ee3-7bc9-485c-a269-7189ade731b6,fairlight-cmi-series-i-iii,excluded,,,support=known;visibility=private;monitoring=none,Mapped from gross list in 03A; not previously reconciled.
GL-0190,gross_list_336,Focusrite	ISA 110 / 130,Focusrite,ISA 110 / 130,,no_kg_match_brand_absent,no_kg_product,,,no_kg_product,,,registry_only:no_kg_row,"Gross-list family with no KG product; cannot be scraped, matched or priced today."
GL-0191,gross_list_336,Focusrite	ISA 428 / 828 MkII,Focusrite,ISA 428 / 828 MkII,,no_kg_match_brand_absent,no_kg_product,,,no_kg_product,,,registry_only:no_kg_row,"Gross-list family with no KG product; cannot be scraped, matched or priced today."
GL-0192,gross_list_336,Focusrite	ISA One,Focusrite,ISA One,,no_kg_match_brand_absent,no_kg_product,,,no_kg_product,,,registry_only:no_kg_row,"Gross-list family with no KG product; cannot be scraped, matched or priced today."
GL-0193,gross_list_336,Focusrite	Red 1 / Red 2 / Red 3,Focusrite,Red 1 / Red 2 / Red 3,,no_kg_match_brand_absent,no_kg_product,,,no_kg_product,,,registry_only:no_kg_row,"Gross-list family with no KG product; cannot be scraped, matched or priced today."
GL-0194,gross_list_336,Helios	Type 69,Helios,Type 69,,no_kg_match_brand_absent,no_kg_product,,,no_kg_product,,,registry_only:no_kg_row,"Gross-list family with no KG product; cannot be scraped, matched or priced today."
GL-0195,gross_list_336,Hohner	Clavinet D6 / E7 / C,Hohner,Clavinet D6 / E7 / C,,no_kg_match,no_kg_product,,,no_kg_product,,,registry_only:no_kg_row,"Gross-list family with no KG product; cannot be scraped, matched or priced today."
GL-0196,gross_list_336,Hohner	Pianet N / T,Hohner,Pianet N / T,,no_kg_match,no_kg_product,,,no_kg_product,,,registry_only:no_kg_row,"Gross-list family with no KG product; cannot be scraped, matched or priced today."
GL-0197,gross_list_336,Ibanez	AD-80 / AD-9 Analog Delay,Ibanez,AD-80 / AD-9 Analog Delay,,no_kg_match,no_kg_product,,,no_kg_product,,,registry_only:no_kg_row,"Gross-list family with no KG product; cannot be scraped, matched or priced today."
GL-0198,gross_list_336,Ibanez	AD-202 / AD-230 Rack Delay,Ibanez,AD-202 / AD-230 Rack Delay,,no_kg_match,no_kg_product,,,no_kg_product,,,registry_only:no_kg_row,"Gross-list family with no KG product; cannot be scraped, matched or priced today."
GL-0199,gross_list_336,Kawai	K1 / K1R,Kawai,K1 / K1R,,no_kg_match,no_kg_product,,,no_kg_product,,,registry_only:no_kg_row,"Gross-list family with no KG product; cannot be scraped, matched or priced today."
GL-0200,gross_list_336,Kawai	K4 / K4R,Kawai,K4 / K4R,,exact_match,exact_kg_product,d250b9cb-4c18-416a-b692-afee9762fb09,kawai-k4r,excluded,,,support=known;visibility=private;monitoring=none,Mapped from gross list in 03A; not previously reconciled.
GL-0201,gross_list_336,Kawai	K5 / K5000S / K5000W,Kawai,K5 / K5000S / K5000W,,no_kg_match,no_kg_product,,,no_kg_product,,,registry_only:no_kg_row,"Gross-list family with no KG product; cannot be scraped, matched or priced today."
GL-0202,gross_list_336,Kawai	SX-210 / SX-240,Kawai,SX-210 / SX-240,,duplicate_consolidated,exact_kg_product,4bb3458a-9542-428d-874b-022306af0b02,kawai-sx-240,excluded,,,support=known;visibility=private;monitoring=none,Mapped from gross list in 03A; not previously reconciled.
GL-0203,gross_list_336,Kawai	SX-210 / SX-240,Kawai,SX-210 / SX-240,,duplicate_consolidated,exact_kg_product,7196c6f0-aa65-45da-824e-816483d185f0,kawai-sx-210,excluded,,,support=known;visibility=private;monitoring=none,Mapped from gross list in 03A; not previously reconciled.
GL-0204,gross_list_336,Klemt	Echolette NG51,Klemt,Echolette NG51,,no_kg_match_brand_absent,no_kg_product,,,no_kg_product,,,registry_only:no_kg_row,"Gross-list family with no KG product; cannot be scraped, matched or priced today."
GL-0205,gross_list_336,Korg	Delta,Korg,Delta,,exact_match,exact_kg_product,15acf442-a0a9-4fd1-aa95-3d95fd420aab,korg-delta,excluded,,,support=known;visibility=private;monitoring=none,Mapped from gross list in 03A; not previously reconciled.
GL-0206,gross_list_336,Korg	M1,Korg,M1,,duplicate_consolidated,exact_kg_product,0c74173f-d4ec-47ae-8e4e-3157d7db3267,korg-m1,excluded,,,support=known;visibility=private;monitoring=none,Mapped from gross list in 03A; not previously reconciled.
GL-0207,gross_list_336,Korg	M1,Korg,M1,,duplicate_consolidated,exact_kg_product,3492a4d5-ef0a-49f1-bdf4-940b29221a9b,korg-korg-m1-cards-mpc-0ex-pro-combi-memory-card-internal-pre-load-data-pcm-synth,excluded,,,support=known;visibility=private;monitoring=none,Mapped from gross list in 03A; not previously reconciled.
GL-0208,gross_list_336,Korg	M1,Korg,ElecTribe M (EM-1),,duplicate_consolidated,exact_kg_product,e7858dca-51f6-4708-948f-8f76786a2cdf,korg-electribe-m-em-1,excluded,,,support=known;visibility=private;monitoring=none,Mapped from gross list in 03A; not previously reconciled.
GL-0209,gross_list_336,Korg	Minipops 7 / 120,Korg,Minipops 7 / 120,,exact_match,exact_kg_product,4c6b1ec2-36d1-4e59-8757-f6659e96795d,korg-minipops120,excluded,,,support=known;visibility=private;monitoring=none,Mapped from gross list in 03A; not previously reconciled.
GL-0210,gross_list_336,Korg	Mono/Poly,Korg,MONO/POLY,matchable_canonical_product,variant_split,exact_kg_product,69e4e94d-cbb8-4a15-a6a3-3eb5a6558011,korg-mono-poly,core,66,medium,support=supported;visibility=private;monitoring=unchanged,"NEW ENTRY from gross list ""Korg Mono/Poly""."
GL-0211,gross_list_336,Korg	Mono/Poly,Korg,Mono/Poly,,variant_split,exact_kg_product,b19080df-b9a4-4cdb-b06a-7fcf663e0e88,korg-monopoly,excluded,,,support=known;visibility=private;monitoring=none,Mapped from gross list in 03A; not previously reconciled.
GL-0212,gross_list_336,Korg	MS-10 / MS-50,Korg,MS-10 / MS-50,,duplicate_consolidated,exact_kg_product,2d6df483-cbc4-441d-832f-be8346757d5b,korg-ms-50,excluded,,,support=known;visibility=private;monitoring=none,Mapped from gross list in 03A; not previously reconciled.
GL-0213,gross_list_336,Korg	MS-10 / MS-50,Korg,MS-10 / MS-50,,duplicate_consolidated,exact_kg_product,daebfc64-fa28-4d02-a9ca-271c9b262ff1,korg-ms-10,excluded,,,support=known;visibility=private;monitoring=none,Mapped from gross list in 03A; not previously reconciled.
GL-0214,gross_list_336,Korg	MS-20,Korg,MS-20,matchable_canonical_product,variant_split,exact_kg_product,9622dc8d-b230-4eb4-9598-aae5c762a7c3,korg-ms-20,core,78,medium,support=supported;visibility=private;monitoring=unchanged,"Retained. Gross-list family ""Korg MS-20""."
GL-0215,gross_list_336,Korg	MS-20,Korg,MS-20 mini,,variant_split,exact_kg_product,29e24960-e3cc-4f16-9878-8bf5c4e22521,korg-ms-20-mini,excluded,,,support=known;visibility=private;monitoring=none,Mapped from gross list in 03A; not previously reconciled.
GL-0216,gross_list_336,Korg	MS-2000,Korg,MS2000,,exact_match,exact_kg_product,8838f2ca-0325-41f0-8132-4d274da066a6,korg-ms2000,excluded,,,support=known;visibility=private;monitoring=none,Mapped from gross list in 03A; not previously reconciled.
GL-0217,gross_list_336,Korg	PE-1000 / PE-2000 Polyphonic Ensemble,Korg,PE-1000 / PE-2000 Polyphonic Ensemble,,no_kg_match,no_kg_product,,,no_kg_product,,,registry_only:no_kg_row,"Gross-list family with no KG product; cannot be scraped, matched or priced today."
GL-0218,gross_list_336,Korg	Poly-61,Korg,Poly-61,,exact_match,exact_kg_product,2b3960b1-453a-42c0-ac4b-84c8638dd9e2,korg-poly-61,reserve,45,low,support=reserve;visibility=private;monitoring=none,"NEW from gross list ""Korg Poly-61""."
GL-0219,gross_list_336,Korg	Poly-800,Korg,Poly-800,,exact_match,exact_kg_product,92653139-5144-47b5-8cb6-b88f48710d8a,korg-poly-800,reserve,47,low,support=reserve;visibility=private;monitoring=none,"NEW from gross list ""Korg Poly-800""."
GL-0220,gross_list_336,Korg	Polysix,Korg,PolySix,matchable_canonical_product,duplicate_consolidated,exact_kg_product,7d4b2240-0e63-4e29-897f-91e6688b826d,korg-polysix,core,66,medium,support=supported;visibility=private;monitoring=unchanged,"NEW ENTRY from gross list ""Korg Polysix""."
GL-0221,gross_list_336,Korg	Polysix,Korg,PolySix 1980s - Navy Blue,,duplicate_consolidated,exact_kg_product,0c079ca9-7275-4f9a-8ccb-b40cd5a6aa30,korg-polysix-1980s-navy-blue,excluded,,,support=known;visibility=private;monitoring=none,Mapped from gross list in 03A; not previously reconciled.
GL-0222,gross_list_336,Korg	Prophecy,Korg,Prophecy,,exact_match,exact_kg_product,433befe9-95fc-4e3d-8ff5-95eff98cc358,korg-prophecy,excluded,,,support=known;visibility=private;monitoring=none,Mapped from gross list in 03A; not previously reconciled.
GL-0223,gross_list_336,Korg	SE-300 / SE-500 Stage Echo,Korg,SE-300 / SE-500 Stage Echo,,no_kg_match,no_kg_product,,,no_kg_product,,,registry_only:no_kg_row,"Gross-list family with no KG product; cannot be scraped, matched or priced today."
GL-0224,gross_list_336,Korg	Trident,Korg,Trident,,exact_match,exact_kg_product,89a6f2d7-9fd0-4d67-93ed-307aa515d5f2,korg-trident,reserve,47,low,support=reserve;visibility=private;monitoring=none,"NEW from gross list ""Korg Trident""."
GL-0225,gross_list_336,Korg	Wavestation,Korg,Wavestation,,duplicate_consolidated,exact_kg_product,081d6e35-16e8-4546-9ca5-a66ab10e5117,korg-wavestation,reserve,46,low,support=reserve;visibility=private;monitoring=none,"NEW from gross list ""Korg Wavestation""."
GL-0226,gross_list_336,Korg	Wavestation,Korg,Wavestation SR,,duplicate_consolidated,exact_kg_product,53146bda-6e46-4b35-a4d5-b289164789d6,korg-wavestation-sr,excluded,,,support=known;visibility=private;monitoring=none,Mapped from gross list in 03A; not previously reconciled.
GL-0227,gross_list_336,Korg	Wavestation,Korg,Wavestation A/D,,duplicate_consolidated,exact_kg_product,da7f406d-b216-48a9-8b41-4df510d74b40,korg-wavestation-ad,excluded,,,support=known;visibility=private;monitoring=none,Mapped from gross list in 03A; not previously reconciled.
GL-0228,gross_list_336,Korg	Z1,Korg,Z1,,exact_match,exact_kg_product,a1d433a5-a371-41b5-b2d6-7a836731a1a6,korg-z1,excluded,,,support=known;visibility=private;monitoring=none,Mapped from gross list in 03A; not previously reconciled.
GL-0229,gross_list_336,Kush Audio	Clariphonic,Kush Audio,Clariphonic,,duplicate_consolidated,exact_kg_product,8a4be504-6dca-404c-b37b-a4842971a9f9,kush-clariphonic,reserve,49,low,support=reserve;visibility=private;monitoring=none,"NEW from gross list ""Kush Audio Clariphonic""."
GL-0230,gross_list_336,Kush Audio	Clariphonic,Kush Audio,Clariphonic,,duplicate_consolidated,exact_kg_product,559d3efa-f8a6-4756-9391-68c3ce755e85,kush-audio-kush-audio-clariphonic-pair-500-series-parallel-equalizer-module-2010s-black,excluded,,,support=known;visibility=private;monitoring=none,Mapped from gross list in 03A; not previously reconciled.
GL-0231,gross_list_336,Kush Audio	Clariphonic,Kush Audio,Clariphonic Channel Parallel Equalizer 2010s - Brown / Black,,duplicate_consolidated,exact_kg_product,7cd9cb57-3967-4775-92dc-398df862608e,kush-audio-kush-audio-clariphonic-channel-parallel-equalizer-2010s-brown-black,excluded,,,support=known;visibility=private;monitoring=none,Mapped from gross list in 03A; not previously reconciled.
GL-0232,gross_list_336,Kush Audio	Clariphonic,Kush Audio,Clariphonic,,duplicate_consolidated,exact_kg_product,7cda8f00-e3bf-4713-9382-8ca7d291cfa8,kush-audio-kush-audio-clariphonic-500-series-parallel-equalizer-module-2010s-black,excluded,,,support=known;visibility=private;monitoring=none,Mapped from gross list in 03A; not previously reconciled.
GL-0233,gross_list_336,Kush Audio	Clariphonic,Kush Audio,Clariphonic,,duplicate_consolidated,exact_kg_product,7d67f2b1-8288-4f63-ad3b-d740cfee0ad2,kush-audio-kush-audio-clariphonic-dual-channel-parallel-equalizer-2010s-brown-black,excluded,,,support=known;visibility=private;monitoring=none,Mapped from gross list in 03A; not previously reconciled.
GL-0234,gross_list_336,Kush Audio	Clariphonic,Kush Audio,Clariphonic,,duplicate_consolidated,exact_kg_product,910bb68b-3283-47df-815b-9c45d7900d60,kush-audio-kush-audio-ubk-clariphonic,excluded,,,support=known;visibility=private;monitoring=none,Mapped from gross list in 03A; not previously reconciled.
GL-0235,gross_list_336,Lexicon	224,Lexicon,224,,no_kg_match_brand_absent,no_kg_product,,,no_kg_product,,,registry_only:no_kg_row,"Gross-list family with no KG product; cannot be scraped, matched or priced today."
GL-0236,gross_list_336,Lexicon	480L,Lexicon,480L,,no_kg_match_brand_absent,no_kg_product,,,no_kg_product,,,registry_only:no_kg_row,"Gross-list family with no KG product; cannot be scraped, matched or priced today."
GL-0237,gross_list_336,Lexicon	Prime Time Model 93 / Prime Time series,Lexicon,Prime Time Model 93 / Prime Time series,,no_kg_match_brand_absent,no_kg_product,,,no_kg_product,,,registry_only:no_kg_row,"Gross-list family with no KG product; cannot be scraped, matched or priced today."
GL-0238,gross_list_336,Linn	9000,Linn,9000,,exact_match,exact_kg_product,c7482190-1bff-4fb1-9979-80e17fec380a,linn-electronics-linn-9000,excluded,,,support=known;visibility=private;monitoring=none,Mapped from gross list in 03A; not previously reconciled.
GL-0239,gross_list_336,Linn	LinnDrum,Linn,LinnDrum,,exact_match,exact_kg_product,39ed2910-11ae-44ad-a1b1-3f724fc483cf,linn-electronics-linndrum,incumbent_removed,44,low,support=reserve;visibility=private;monitoring=none,Unchanged from Prompt 03 (incumbent removal).
GL-0240,gross_list_336,Linn	LM-1,Linn,LM-1,,exact_match,exact_kg_product,54863a9f-d7b7-4a20-939b-336ff5174333,linn-electronics-lm-1-drum-computer,excluded,,,support=known;visibility=private;monitoring=none,Mapped from gross list in 03A; not previously reconciled.
GL-0241,gross_list_336,Logan	String Melody / String Melody II,Logan,String Melody / String Melody II,,duplicate_consolidated,exact_kg_product,1a7ce29a-5a90-4bc0-9304-2131965c561f,logan-hohner-string-melody-ii-0,excluded,,,support=known;visibility=private;monitoring=none,Mapped from gross list in 03A; not previously reconciled.
GL-0242,gross_list_336,Logan	String Melody / String Melody II,Logan,String Melody / String Melody II,,duplicate_consolidated,exact_kg_product,95b229f0-db08-471c-a613-95df1d835c82,logan-hohner-string-melody-ii,excluded,,,support=known;visibility=private;monitoring=none,Mapped from gross list in 03A; not previously reconciled.
GL-0243,gross_list_336,Maestro	Echoplex EP-1 / EP-2,Maestro,Echoplex EP-1 / EP-2,,no_kg_match_brand_absent,no_kg_product,,,no_kg_product,,,registry_only:no_kg_row,"Gross-list family with no KG product; cannot be scraped, matched or priced today."
GL-0244,gross_list_336,Maestro	Echoplex EP-3 / EP-4,Maestro,Echoplex EP-3 / EP-4,,no_kg_match_brand_absent,no_kg_product,,,no_kg_product,,,registry_only:no_kg_row,"Gross-list family with no KG product; cannot be scraped, matched or priced today."
GL-0245,gross_list_336,Manley	ELOP,Manley,ELOP,,duplicate_consolidated,exact_kg_product,d53a889e-63be-4eb7-a2e1-b011f94557b3,manley-elop,reserve,54,low,support=reserve;visibility=private;monitoring=none,"NEW from gross list ""Manley ELOP""."
GL-0246,gross_list_336,Manley	ELOP,Manley,ELOP + Stereo Limiter Compressor,,duplicate_consolidated,exact_kg_product,3aeb9230-c1b1-4161-8b66-ae8eaddcf186,manley-manley-elop--stereo-limiter-compressor,excluded,,,support=known;visibility=private;monitoring=none,Mapped from gross list in 03A; not previously reconciled.
GL-0247,gross_list_336,Manley	ELOP,Manley,ELOP+,,duplicate_consolidated,exact_kg_product,41a19538-ae57-4509-b615-d601cda91209,manley-manley-elop,excluded,,,support=known;visibility=private;monitoring=none,Mapped from gross list in 03A; not previously reconciled.
GL-0248,gross_list_336,Manley	Massive Passive,Manley,Labs Massive Passive Stereo Tube Equalizer,,variant_split,exact_kg_product,163f2c3a-e36b-4572-b968-7391480c58ed,manley-manley-labs-massive-passive-stereo-tube-equalizer,excluded,,,support=known;visibility=private;monitoring=none,Mapped from gross list in 03A; not previously reconciled.
GL-0249,gross_list_336,Manley	Massive Passive,Manley,Labs Massive Passive Stereo Tube Equalizer 2000s - Purple,,variant_split,exact_kg_product,63cea733-4571-4a8a-b086-8a5f0cb3d386,manley-manley-labs-massive-passive-stereo-tube-equalizer-2000s-purple,excluded,,,support=known;visibility=private;monitoring=none,Mapped from gross list in 03A; not previously reconciled.
GL-0250,gross_list_336,Manley	Massive Passive,Manley,Massive Passive,,variant_split,exact_kg_product,7148213b-cb3c-421c-910e-671a60f45724,manley-manley-massive-passive-xxv-anniversary-edition-stereo-tube-eq,excluded,,,support=known;visibility=private;monitoring=none,Mapped from gross list in 03A; not previously reconciled.
GL-0251,gross_list_336,Manley	Massive Passive,Manley,Mastering Massive Passive  EQ,,variant_split,exact_kg_product,75495452-9f2f-4d21-9cb3-85cf8dc1dc97,manley-manley-mastering-massive-passive-eq,excluded,,,support=known;visibility=private;monitoring=none,Mapped from gross list in 03A; not previously reconciled.
GL-0252,gross_list_336,Manley	Massive Passive,Manley,Massive Passive Stereo Tube EQ,,variant_split,exact_kg_product,940afc3c-d933-4c9d-8a3d-3620211861af,manley-manley-massive-passive-stereo-tube-eq,excluded,,,support=known;visibility=private;monitoring=none,Mapped from gross list in 03A; not previously reconciled.
GL-0253,gross_list_336,Manley	Massive Passive,Manley,Labs Massive Passive Mastering EQ Equalizer | Pro Audio LA,,variant_split,exact_kg_product,be1feef5-edab-410e-92eb-e5c577526e36,manley-manley-labs-massive-passive-mastering-eq-equalizer--pro-audio-la,excluded,,,support=known;visibility=private;monitoring=none,Mapped from gross list in 03A; not previously reconciled.
GL-0254,gross_list_336,Manley	Massive Passive,Manley,Massive Passive,,variant_split,exact_kg_product,e82ec137-575d-4721-be7b-d1d6e5a9797a,manley-massive-passive,excluded,,,support=known;visibility=private;monitoring=none,Mapped from gross list in 03A; not previously reconciled.
GL-0255,gross_list_336,Manley	Massive Passive,Manley,Labs Massive Passive Mastering Version Stereo Tube Equalizer,,variant_split,exact_kg_product,f2fb4f0f-c4f6-42d6-9199-e0fe18aa1a31,manley-manley-labs-massive-passive-mastering-version-stereo-tube-equalizer,excluded,,,support=known;visibility=private;monitoring=none,Mapped from gross list in 03A; not previously reconciled.
GL-0256,gross_list_336,Manley	Reference Cardioid Microphone,Manley,Reference Cardioid,,duplicate_consolidated,exact_kg_product,185521d4-c2bc-45e1-a42c-85fadd2248e7,manley-manley-reference-cardioid,excluded,,,support=known;visibility=private;monitoring=none,Mapped from gross list in 03A; not previously reconciled.
GL-0257,gross_list_336,Manley	Reference Cardioid Microphone,Manley,Reference Cardioid,,duplicate_consolidated,exact_kg_product,3bfa3be3-fc54-4698-a1e8-bb2c488ba63c,manley-reference-cardioid,excluded,,,support=known;visibility=private;monitoring=none,Mapped from gross list in 03A; not previously reconciled.
GL-0258,gross_list_336,Manley	Reference Cardioid Microphone,Manley,Reference Cardioid,,duplicate_consolidated,exact_kg_product,6aeb4f2a-357d-4a2b-8cb2-cd87d0c470ac,manley-ref-c,excluded,,,support=known;visibility=private;monitoring=none,Mapped from gross list in 03A; not previously reconciled.
GL-0259,gross_list_336,Manley	Reference Cardioid Microphone,Manley,Reference Cardioid Microphone Tube Microphone,,duplicate_consolidated,exact_kg_product,71cb2861-264a-4c67-8bfe-660e761244ed,manley-manley-reference-cardioid-microphone-tube-microphone,excluded,,,support=known;visibility=private;monitoring=none,Mapped from gross list in 03A; not previously reconciled.
GL-0260,gross_list_336,Manley	VOXBOX,Manley,VOXBOX,matchable_canonical_product,duplicate_consolidated,exact_kg_product,00966076-422b-4494-95f3-2791e2364738,manley-voxbox,core,63,medium,support=supported;visibility=private;monitoring=unchanged,"NEW ENTRY from gross list ""Manley VOXBOX""."
GL-0261,gross_list_336,Manley	VOXBOX,Manley,VOXBOX,,duplicate_consolidated,exact_kg_product,2071db68-76ec-4a81-bb0f-78014f6496ef,manley-manley-voxbox-demo,excluded,,,support=known;visibility=private;monitoring=none,Mapped from gross list in 03A; not previously reconciled.
GL-0262,gross_list_336,Manley	VOXBOX,Manley,VoxBox Chanel Strip (Pride Edition),,duplicate_consolidated,exact_kg_product,2cb6f3cd-3aac-42d4-9485-d9454a489062,manley-manley-voxbox-chanel-strip-pride-edition,excluded,,,support=known;visibility=private;monitoring=none,Mapped from gross list in 03A; not previously reconciled.
GL-0263,gross_list_336,Manley	VOXBOX,Manley,Labs VOXBOX Tube Channel Strip 2000s - Silver,,duplicate_consolidated,exact_kg_product,388a6e3c-fb1c-4920-a190-752a54769a57,manley-manley-labs-voxbox-tube-channel-strip-2000s-silver,excluded,,,support=known;visibility=private;monitoring=none,Mapped from gross list in 03A; not previously reconciled.
GL-0264,gross_list_336,Manley	VOXBOX,Manley,VOXBOX,,duplicate_consolidated,exact_kg_product,594486f3-633d-46c4-bffc-f4c4672802b2,manley-manley-labs-voxbox-tube-channel-strip,excluded,,,support=known;visibility=private;monitoring=none,Mapped from gross list in 03A; not previously reconciled.
GL-0265,gross_list_336,Manley	VOXBOX,Manley,VOXBOX,,duplicate_consolidated,exact_kg_product,b698d969-db87-4ff2-beb9-8861fb1419da,manley-manley-voxbox-chanel-strip,excluded,,,support=known;visibility=private;monitoring=none,Mapped from gross list in 03A; not previously reconciled.
GL-0266,gross_list_336,Mattel	Bee Gees Rhythm Machine,Mattel,Bee Gees Rhythm Machine,,no_kg_match_brand_absent,no_kg_product,,,no_kg_product,,,registry_only:no_kg_row,"Gross-list family with no KG product; cannot be scraped, matched or priced today."
GL-0267,gross_list_336,Mellotron	M400 / Mk II,Mellotron,M400 / Mk II,,no_kg_match_brand_absent,no_kg_product,,,no_kg_product,,,registry_only:no_kg_row,"Gross-list family with no KG product; cannot be scraped, matched or priced today."
GL-0268,gross_list_336,Microtech Gefell	CMV 563,Microtech Gefell,CMV 563,,no_kg_match_brand_absent,no_kg_product,,,no_kg_product,,,registry_only:no_kg_row,"Gross-list family with no KG product; cannot be scraped, matched or priced today."
GL-0269,gross_list_336,Microtech Gefell	M300,Microtech Gefell,M300,,no_kg_match_brand_absent,no_kg_product,,,no_kg_product,,,registry_only:no_kg_row,"Gross-list family with no KG product; cannot be scraped, matched or priced today."
GL-0270,gross_list_336,Microtech Gefell	M930 / M930 Ts,Microtech Gefell,M930 / M930 Ts,,no_kg_match_brand_absent,no_kg_product,,,no_kg_product,,,registry_only:no_kg_row,"Gross-list family with no KG product; cannot be scraped, matched or priced today."
GL-0271,gross_list_336,Microtech Gefell	PM 750,Microtech Gefell,PM 750,,no_kg_match_brand_absent,no_kg_product,,,no_kg_product,,,registry_only:no_kg_row,"Gross-list family with no KG product; cannot be scraped, matched or priced today."
GL-0272,gross_list_336,Microtech Gefell	UM 70 / UMT 70S,Microtech Gefell,UM 70 / UMT 70S,,no_kg_match_brand_absent,no_kg_product,,,no_kg_product,,,registry_only:no_kg_row,"Gross-list family with no KG product; cannot be scraped, matched or priced today."
GL-0273,gross_list_336,Moog	Liberation,Moog,Liberation,,exact_match,exact_kg_product,6d78241e-f953-4282-b9e8-03a7de47d527,moog-liberation,excluded,,,support=known;visibility=private;monitoring=none,Mapped from gross list in 03A; not previously reconciled.
GL-0274,gross_list_336,Moog	Memorymoog,Moog,Memorymoog,,exact_match,exact_kg_product,67d2fb6f-523e-4a21-970f-26c02d16fdf7,moog-memorymoog,reserve,52,low,support=reserve;visibility=private;monitoring=none,Unchanged from Prompt 03.
GL-0275,gross_list_336,Moog	MF-104 Moogerfooger Analog Delay,Moog,MF-104,,exact_match,exact_kg_product,77101a23-ff3f-4bb2-8cf2-ef635f3c6aad,moog-mf-104,excluded,,,support=known;visibility=private;monitoring=none,Mapped from gross list in 03A; not previously reconciled.
GL-0276,gross_list_336,Moog	Micromoog,Moog,Micromoog,,exact_match,exact_kg_product,fad8e32d-aa17-48f7-b794-eac4909c44e9,moog-micromoog,excluded,,,support=known;visibility=private;monitoring=none,Mapped from gross list in 03A; not previously reconciled.
GL-0277,gross_list_336,Moog	Minimoog Model D,Moog,Minimoog,matchable_canonical_product,variant_split,exact_kg_product,a03a8e67-8b21-4837-af83-606e63f2e08f,moog-minimoog,core,81,medium,support=supported;visibility=private;monitoring=unchanged,"Retained. Gross-list family ""Moog Minimoog Model D"" (variant split)."
GL-0278,gross_list_336,Moog	Minimoog Model D,Moog,Model D,matchable_canonical_product,variant_split,exact_kg_product,3f50f49b-7af3-464d-8494-b76e49327b84,moog-model-d,core,69,medium,support=supported;visibility=private;monitoring=unchanged,"Retained. Gross-list family ""Moog Minimoog Model D"" (variant split)."
GL-0279,gross_list_336,Moog	Minimoog Model D,Moog,Minimoog Model D,,variant_split,exact_kg_product,aa0c2f0b-048d-4d8a-8229-fcb5d7dbfaa8,moog-minimoog-model-d,excluded,,,support=known;visibility=private;monitoring=none,Mapped from gross list in 03A; not previously reconciled.
GL-0280,gross_list_336,Moog	Minimoog Model D,Moog,Minimoog Model D,,variant_split,exact_kg_product,ba559572-e23e-4f30-a8c0-7f777fc807c0,moog-moog-music-minimoog-model-d-analog-synthesizer,excluded,,,support=known;visibility=private;monitoring=none,Mapped from gross list in 03A; not previously reconciled.
GL-0281,gross_list_336,Moog	Minimoog Model D,Moog,Minimoog Model D,,variant_split,exact_kg_product,d2b184ae-f5ea-4f44-9fe7-e26a9c63d7b4,moog-moog-minimoog-model-d-2023-usa--brand-new--detroit-modular,excluded,,,support=known;visibility=private;monitoring=none,Mapped from gross list in 03A; not previously reconciled.
GL-0282,gross_list_336,Moog	Minimoog Model D,Moog,Minimoog Model D,,variant_split,exact_kg_product,f0f6c71a-9618-42d2-a19a-af83d012ac32,moog-moog-minimoog-model-d-reissue-2016-model--100-analog-synth-44keys--brand-new-armens,excluded,,,support=known;visibility=private;monitoring=none,Mapped from gross list in 03A; not previously reconciled.
GL-0283,gross_list_336,Moog	Modular System 35 / 55,Moog,Modular System 35 / 55,,no_kg_match,no_kg_product,,,no_kg_product,,,registry_only:no_kg_row,"Gross-list family with no KG product; cannot be scraped, matched or priced today."
GL-0284,gross_list_336,Moog	Multimoog,Moog,Multimoog,,duplicate_consolidated,exact_kg_product,2021cd14-6ac5-4140-9166-76e1d82dab5e,moog-multimoog,excluded,,,support=known;visibility=private;monitoring=none,Mapped from gross list in 03A; not previously reconciled.
GL-0285,gross_list_336,Moog	Multimoog,Moog,Multimoog 1981,,duplicate_consolidated,exact_kg_product,e805da01-99d8-4332-a25c-1ca91fe4b50a,moog-moog-multimoog-1981,excluded,,,support=known;visibility=private;monitoring=none,Mapped from gross list in 03A; not previously reconciled.
GL-0286,gross_list_336,Moog	Opus 3,Moog,Opus 3,,exact_match,exact_kg_product,1b731e3f-7072-4806-93b2-a394c61660bf,moog-opus-3,excluded,,,support=known;visibility=private;monitoring=none,Mapped from gross list in 03A; not previously reconciled.
GL-0287,gross_list_336,Moog	Polymoog,Moog,Polymoog 203a,,exact_match,exact_kg_product,b7550bb5-a39e-473b-b069-f4377af58826,moog-polymoog-203a,excluded,,,support=known;visibility=private;monitoring=none,Mapped from gross list in 03A; not previously reconciled.
GL-0288,gross_list_336,Moog	Prodigy,Moog,Prodigy,,exact_match,exact_kg_product,bde05fc8-6a98-4b40-ac46-912c636d2eb3,moog-prodigy,excluded,,,support=known;visibility=private;monitoring=none,Mapped from gross list in 03A; not previously reconciled.
GL-0289,gross_list_336,Moog	Rogue,Moog,Rogue,,variant_split,exact_kg_product,2aa1679f-2560-435f-a4a4-617a470cb074,moog-rogue,excluded,,,support=known;visibility=private;monitoring=none,Mapped from gross list in 03A; not previously reconciled.
GL-0290,gross_list_336,Moog	Rogue,Moog,THE ROGUE - VINTAGE SYNTH BASS!!,,variant_split,exact_kg_product,5897874a-c815-4cb6-b813-34a374caff41,moog-moog-the-rogue-vintage-synth-bass,excluded,,,support=known;visibility=private;monitoring=none,Mapped from gross list in 03A; not previously reconciled.
GL-0291,gross_list_336,Moog	Sonic Six,Moog,Sonic Six,,exact_match,exact_kg_product,1b557d87-c0b8-499a-9cea-c64ba6ef4bc7,moog-sonic-six,excluded,,,support=known;visibility=private;monitoring=none,Mapped from gross list in 03A; not previously reconciled.
GL-0292,gross_list_336,Moog	Source,Moog,Source,matchable_canonical_product,exact_match,exact_kg_product,c407d5eb-6423-4854-bffe-4a0b1a519b34,moog-source,core,58,medium,support=supported;visibility=private;monitoring=unchanged,"NEW ENTRY from gross list ""Moog Source""."
GL-0293,gross_list_336,Moog	Taurus I / II / III,Moog,Taurus II,,variant_split,exact_kg_product,082c0e0c-4efe-4056-93c2-75e905c2184c,moog-taurus-ii,excluded,,,support=known;visibility=private;monitoring=none,Mapped from gross list in 03A; not previously reconciled.
GL-0294,gross_list_336,Moog	Taurus I / II / III,Moog,Taurus I / II / III,,variant_split,exact_kg_product,09177549-c2c9-4a36-aaad-b8db305112a9,moog-taurus-i,excluded,,,support=known;visibility=private;monitoring=none,Mapped from gross list in 03A; not previously reconciled.
GL-0295,gross_list_336,Moog	Vocoder,Moog,Vocoder,,exact_match,exact_kg_product,51a77e4f-2c53-4b79-a662-e3e73e817965,moog-vocoder,excluded,,,support=known;visibility=private;monitoring=none,Mapped from gross list in 03A; not previously reconciled.
GL-0296,gross_list_336,Moog	Voyager,Moog,Moog MiniMoog Voyager OldSchool 2008,,duplicate_consolidated,exact_kg_product,0fa2f023-fcb2-42e7-a422-710d4361cac4,moog-moog-moog-minimoog-voyager-oldschool-2008,excluded,,,support=known;visibility=private;monitoring=none,Mapped from gross list in 03A; not previously reconciled.
GL-0297,gross_list_336,Moog	Voyager,Moog,Minimoog Voyager Old School Analog Synth / 44keys / BRAND NEW //ARMENS//,,duplicate_consolidated,exact_kg_product,76d98366-c0ee-4967-9b9e-282516fb117a,moog-moog-minimoog-voyager-old-school-analog-synth-44keys-brand-new-armens,excluded,,,support=known;visibility=private;monitoring=none,Mapped from gross list in 03A; not previously reconciled.
GL-0298,gross_list_336,Moog	Voyager,Moog,Mini Voyager,,duplicate_consolidated,exact_kg_product,9065665b-f70e-4937-a5ee-1b3609cdd0a5,moog-mini-voyager,excluded,,,support=known;visibility=private;monitoring=none,Mapped from gross list in 03A; not previously reconciled.
GL-0299,gross_list_336,Moog	Voyager,Moog,Voyager,,duplicate_consolidated,exact_kg_product,92a68ebc-f17e-41eb-8dce-baa0e13f1eed,moog-moog-voyager-rme-analoger-synthesizer-rack--holz--wie-neu--ovp--garantie,excluded,,,support=known;visibility=private;monitoring=none,Mapped from gross list in 03A; not previously reconciled.
GL-0300,gross_list_336,Moog	Voyager,Moog,Minimoog Voyager,,duplicate_consolidated,exact_kg_product,c9b82de0-c751-4647-b2b4-499b5480a730,moog-minimoog-voyager,excluded,,,support=known;visibility=private;monitoring=none,Mapped from gross list in 03A; not previously reconciled.
GL-0301,gross_list_336,Moog	Voyager,Moog,Minimoog Voyager Old School - Voyager OS,,duplicate_consolidated,exact_kg_product,d16725d6-b82a-431b-b918-758bb67bfe16,moog-moog-minimoog-voyager-old-school-voyager-os,excluded,,,support=known;visibility=private;monitoring=none,Mapped from gross list in 03A; not previously reconciled.
GL-0302,gross_list_336,Moog	Voyager,Moog,Voyager,,duplicate_consolidated,exact_kg_product,e09869b9-c23b-4b1c-a2a1-b117ac9877ab,moog-moog-minimoog-voyager-old-school-synthesizer--ovp--fast-neuwertig--15jahre-garantie,excluded,,,support=known;visibility=private;monitoring=none,Mapped from gross list in 03A; not previously reconciled.
GL-0303,gross_list_336,Mu-Tron	Bi-Phase,Mu-Tron,Bi-Phase,,no_kg_match_brand_absent,no_kg_product,,,no_kg_product,,,registry_only:no_kg_row,"Gross-list family with no KG product; cannot be scraped, matched or priced today."
GL-0304,gross_list_336,MXR	Analog Delay Model 118 / 134,MXR,Analog Delay Model 118 / 134,,no_kg_match_brand_absent,no_kg_product,,,no_kg_product,,,registry_only:no_kg_row,"Gross-list family with no KG product; cannot be scraped, matched or priced today."
GL-0305,gross_list_336,Neumann	KM53 / KM54 / KM56,Neumann,KM53 / KM54 / KM56,,no_kg_match,no_kg_product,,,no_kg_product,,,registry_only:no_kg_row,"Gross-list family with no KG product; cannot be scraped, matched or priced today."
GL-0306,gross_list_336,Neumann	KM84 / KM184,Neumann,SKM 184,,variant_split,exact_kg_product,4c0dfaf1-064d-4dc2-81e8-716e7b470f22,neumann-skm-184,excluded,,,support=known;visibility=private;monitoring=none,Mapped from gross list in 03A; not previously reconciled.
GL-0307,gross_list_336,Neumann	KM84 / KM184,Neumann,KM184 (Matte Black) Mic Microphone Matched Stereo Pair SKM184 KM184MT,,variant_split,exact_kg_product,66603458-72bb-49b6-b1b2-1d7630448c13,neumann-neumann-km184-matte-black-mic-microphone-matched-stereo-pair-skm184-km184mt,excluded,,,support=known;visibility=private;monitoring=none,Mapped from gross list in 03A; not previously reconciled.
GL-0308,gross_list_336,Neumann	KM84 / KM184,Neumann,KM 184,,variant_split,exact_kg_product,b3ffe2a2-6810-4054-94a2-f12bced18d3d,neumann-km-184,excluded,,,support=known;visibility=private;monitoring=none,Mapped from gross list in 03A; not previously reconciled.
GL-0309,gross_list_336,Neumann	KM84 / KM184,Neumann,"Neumann KM184 Stereo Set Ni (Unidirectional) (Nickel) (Official Japanese Product, 3-Year Warranty) (Condenser Microphone)",,variant_split,exact_kg_product,e8b9d340-1084-45ba-b37b-8d53e8685e81,neumann-neumann-neumann-km184-stereo-set-ni-unidirectional-nickel-official-japanese-product-3-year-warranty-condenser-microphone,excluded,,,support=known;visibility=private;monitoring=none,Mapped from gross list in 03A; not previously reconciled.
GL-0310,gross_list_336,Neumann	M49 / M50,Neumann,TLM 49,,exact_match,exact_kg_product,616921f9-d77d-40c8-89dd-b7bf13c183c9,neumann-tlm-49,excluded,,,support=known;visibility=private;monitoring=none,Mapped from gross list in 03A; not previously reconciled.
GL-0311,gross_list_336,Neumann	PEV / PEVb,Neumann,PEV / PEVb,,no_kg_match,no_kg_product,,,no_kg_product,,,registry_only:no_kg_row,"Gross-list family with no KG product; cannot be scraped, matched or priced today."
GL-0312,gross_list_336,Neumann	TLM 103,Neumann,TLM 103,,duplicate_consolidated,exact_kg_product,35044f99-0871-4294-8dbd-32afeefcc5db,neumann-tlm-103,reserve,58,medium,support=reserve;visibility=private;monitoring=none,"NEW from gross list ""Neumann TLM 103""."
GL-0313,gross_list_336,Neumann	TLM 103,Neumann,TLM 103,,duplicate_consolidated,exact_kg_product,0717ccf9-29ea-4084-bb77-a76d92278881,neumann-neumann-tlm-103-mt-studio-set-kit-microfono-a-condensatore-con-supporto-antivibrazione,excluded,,,support=known;visibility=private;monitoring=none,Mapped from gross list in 03A; not previously reconciled.
GL-0314,gross_list_336,Neumann	TLM 103,Neumann,TLM 103,,duplicate_consolidated,exact_kg_product,3e2b0fbd-a10e-4f36-8126-b0fd119ba49b,neumann-neumann-tlm-103-microfono-a-condensatore-a-diaframma-largo,excluded,,,support=known;visibility=private;monitoring=none,Mapped from gross list in 03A; not previously reconciled.
GL-0315,gross_list_336,Neumann	TLM 103,Neumann,Neumann TLM 103 Studio Set (with shock mount) (TLM103) (3-year domestic warranty) (EA1) (condenser microphone),,duplicate_consolidated,exact_kg_product,615a8dac-1826-4255-9f97-eea73c529ec5,neumann-neumann-neumann-tlm-103-studio-set-with-shock-mount-tlm103-3-year-domestic-warranty-ea1-condenser-microphone,excluded,,,support=known;visibility=private;monitoring=none,Mapped from gross list in 03A; not previously reconciled.
GL-0316,gross_list_336,Neumann	TLM 103,Neumann,TLM 103,,duplicate_consolidated,exact_kg_product,a35b5ad9-283a-466f-b03c-efdc8b18de94,neumann-neumann-tlm-103-mono-set-microfono-a-condensatore-a-diaframma-largo,excluded,,,support=known;visibility=private;monitoring=none,Mapped from gross list in 03A; not previously reconciled.
GL-0317,gross_list_336,Neumann	TLM 103,Neumann,Neumann TLM 103 (Unidirectional Large-Diaphragm Condenser Microphone),,duplicate_consolidated,exact_kg_product,f7204933-ae11-41b8-b608-fa856f67bfe5,neumann-neumann-neumann-tlm-103-unidirectional-large-diaphragm-condenser-microphone,excluded,,,support=known;visibility=private;monitoring=none,Mapped from gross list in 03A; not previously reconciled.
GL-0318,gross_list_336,Neumann	U47,Neumann,U 47,,duplicate_consolidated,exact_kg_product,320e7e96-e759-4bce-bd14-230e9fed84bf,neumann-u47,reserve,52,low,support=reserve;visibility=private;monitoring=none,Unchanged from Prompt 03.
GL-0319,gross_list_336,Neumann	U47,Neumann,U-47,,duplicate_consolidated,exact_kg_product,0e5dca68-6608-497e-90f2-2099e2096200,neumann-u-47,excluded,,,support=known;visibility=private;monitoring=none,Mapped from gross list in 03A; not previously reconciled.
GL-0320,gross_list_336,Neumann	U47,Neumann,U47 FET Collector's Edition,,duplicate_consolidated,exact_kg_product,1ca3b5b3-f065-4cda-9815-89133bf58410,neumann-neumann-u47-fet-collectors-edition,excluded,,,support=known;visibility=private;monitoring=none,Mapped from gross list in 03A; not previously reconciled.
GL-0321,gross_list_336,Neumann	U47,Neumann,U47 FET,,duplicate_consolidated,exact_kg_product,bd405050-82b7-4f90-a991-77c281b1b207,neumann-u47-fet,excluded,,,support=known;visibility=private;monitoring=none,Mapped from gross list in 03A; not previously reconciled.
GL-0322,gross_list_336,Neumann	U67,Neumann,U67,,exact_match,exact_kg_product,9637ace0-336f-41d2-bc0c-d122e75b73dd,neumann-u67,reserve,56,low,support=reserve;visibility=private;monitoring=none,Unchanged from Prompt 03.
GL-0323,gross_list_336,Neumann	U87 / U87 Ai,Neumann,U 87 Ai,matchable_canonical_product,variant_split,exact_kg_product,a7e63634-c60e-40bc-aa7f-5c1b918d8b7a,neumann-u87ai,core,72,medium,support=supported;visibility=private;monitoring=unchanged,"Retained. Gross-list family ""Neumann U87 / U87 Ai""."
GL-0324,gross_list_336,Neumann	U87 / U87 Ai,Neumann,U87 / U87 Ai,,variant_split,exact_kg_product,0213e6ee-def3-47e1-a7fe-83dc9152a519,neumann-neumann-u87-vintage-2x-truly-matched-pair-year-1979-1980-serial-nr-36181-36184,excluded,,,support=known;visibility=private;monitoring=none,Mapped from gross list in 03A; not previously reconciled.
GL-0325,gross_list_336,Neumann	U87 / U87 Ai,Neumann,U87 Ai,,variant_split,exact_kg_product,3977728d-bfbe-4b1d-9342-6dc37cb56989,neumann-u87-ai,excluded,,,support=known;visibility=private;monitoring=none,Mapped from gross list in 03A; not previously reconciled.
GL-0326,gross_list_336,Neumann	U87 / U87 Ai,Neumann,U87 / U87 Ai,,variant_split,exact_kg_product,40ebb4b3-6a2b-4fad-ab5a-2d88b5416e95,neumann-neumann-u87-ai-mt-stereo-set-coppia-di-microfoni-a-condensatore-a-diaframma-largo,excluded,,,support=known;visibility=private;monitoring=none,Mapped from gross list in 03A; not previously reconciled.
GL-0327,gross_list_336,Neumann	U269,Neumann,U269,,no_kg_match,no_kg_product,,,no_kg_product,,,registry_only:no_kg_row,"Gross-list family with no KG product; cannot be scraped, matched or priced today."
GL-0328,gross_list_336,Neumann	V402,Neumann,V402,,no_kg_match,no_kg_product,,,no_kg_product,,,registry_only:no_kg_row,"Gross-list family with no KG product; cannot be scraped, matched or priced today."
GL-0329,gross_list_336,New England Digital	Synclavier I / II,New England Digital,Synclavier I / II,,no_kg_match,no_kg_product,,,no_kg_product,,,registry_only:no_kg_row,"Gross-list family with no KG product; cannot be scraped, matched or priced today."
GL-0330,gross_list_336,Novation	Bass Station,Novation,Bass Station,,variant_split,exact_kg_product,3f425343-c63b-4d7a-8b4b-9b115679ea11,novation-novation-bass-station-ii-analogue-synth,excluded,,,support=known;visibility=private;monitoring=none,Mapped from gross list in 03A; not previously reconciled.
GL-0331,gross_list_336,Novation	Bass Station,Novation,Bass Station II,,variant_split,exact_kg_product,666dc5e3-7a50-4f55-90ff-fef267ca9db0,novation-novation-bass-station-ii,excluded,,,support=known;visibility=private;monitoring=none,Mapped from gross list in 03A; not previously reconciled.
GL-0332,gross_list_336,Novation	Bass Station,Novation,Bass Station,,variant_split,exact_kg_product,67d4e217-ca91-4236-a335-dc1302da365d,novation-super-bass-station,excluded,,,support=known;visibility=private;monitoring=none,Mapped from gross list in 03A; not previously reconciled.
GL-0333,gross_list_336,Novation	Bass Station,Novation,Bass Station II Analog Synthesizer Swifty Edition,,variant_split,exact_kg_product,83b2f431-cdd0-405f-b5c0-deca123b4721,novation-novation-bass-station-ii-analog-synthesizer-swifty-edition,excluded,,,support=known;visibility=private;monitoring=none,Mapped from gross list in 03A; not previously reconciled.
GL-0334,gross_list_336,Novation	Bass Station,Novation,Bass Station Rack,,variant_split,exact_kg_product,9d4ba678-0148-4d9f-9f6e-3e19f0a6e597,novation-bass-station-rack,excluded,,,support=known;visibility=private;monitoring=none,Mapped from gross list in 03A; not previously reconciled.
GL-0335,gross_list_336,Novation	Bass Station,Novation,Bass Station II 25-Key Synthesizer,,variant_split,exact_kg_product,b969b3e8-6a44-455e-ac8d-659a367ee101,novation-novation-bass-station-ii-25-key-synthesizer,excluded,,,support=known;visibility=private;monitoring=none,Mapped from gross list in 03A; not previously reconciled.
GL-0336,gross_list_336,Novation	Bass Station,Novation,Bass Station,,variant_split,exact_kg_product,c906208e-21f1-4aec-83eb-57e3156010f9,novation-novation-bass-station-ii-analog-synthesizer-keyboard-25-key-open-box-like-new,excluded,,,support=known;visibility=private;monitoring=none,Mapped from gross list in 03A; not previously reconciled.
GL-0337,gross_list_336,Novation	Bass Station,Novation,Bass Station,,variant_split,exact_kg_product,cdc9c353-8412-44f0-9f7d-f5e0eee3d3ad,novation-bass-station,excluded,,,support=known;visibility=private;monitoring=none,Mapped from gross list in 03A; not previously reconciled.
GL-0338,gross_list_336,Novation	Bass Station,Novation,Bass Station II,,variant_split,exact_kg_product,cef40460-946f-45ac-a7a7-c1aba9770ad4,novation-bass_station2,excluded,,,support=known;visibility=private;monitoring=none,Mapped from gross list in 03A; not previously reconciled.
GL-0339,gross_list_336,Novation	Supernova I / II,Novation,SuperNova,,exact_match,exact_kg_product,be6a0d01-4ad0-45d0-ac8d-35d45df27fed,novation-supernova,excluded,,,support=known;visibility=private;monitoring=none,Mapped from gross list in 03A; not previously reconciled.
GL-0340,gross_list_336,Oberheim	DMX / DX,Oberheim,DMX,,variant_split,exact_kg_product,96b18c9d-ef54-4d4e-b253-f37e5bcab413,oberheim-dmx,reserve,43,low,support=reserve;visibility=private;monitoring=none,"NEW from gross list ""Oberheim DMX / DX""."
GL-0341,gross_list_336,Oberheim	DMX / DX,Oberheim,DMX / DX,,variant_split,exact_kg_product,03739141-a868-4ec8-b94f-23bd9caf7de0,oberheim-reverb-oberheim-dx-sample-pack,excluded,,,support=known;visibility=private;monitoring=none,Mapped from gross list in 03A; not previously reconciled.
GL-0342,gross_list_336,Oberheim	DMX / DX,Oberheim,DX,,variant_split,exact_kg_product,6d2c2b0e-31e3-499b-80cc-0559ad0ba6c3,oberheim-dx,excluded,,,support=known;visibility=private;monitoring=none,Mapped from gross list in 03A; not previously reconciled.
GL-0343,gross_list_336,Oberheim	DMX / DX,Oberheim,DMX / DX,,variant_split,exact_kg_product,7ef4d666-575f-4745-979d-0408c86d9a30,oberheim-reverb-oberheim-dmx-sample-pack,excluded,,,support=known;visibility=private;monitoring=none,Mapped from gross list in 03A; not previously reconciled.
GL-0344,gross_list_336,Oberheim	Matrix-6 / Matrix-12,Oberheim,Matrix-6 / Matrix-12,,duplicate_consolidated,exact_kg_product,2ea6067a-c5d1-4eef-9467-a06d811b9a73,oberheim-oberheim-xpander-no-oberheim-matrix-12-us-version--rare-synthesizer-original-state--full-cleaned--checked,excluded,,,support=known;visibility=private;monitoring=none,Mapped from gross list in 03A; not previously reconciled.
GL-0345,gross_list_336,Oberheim	Matrix-6 / Matrix-12,Oberheim,Matrix-6 / Matrix-12,,duplicate_consolidated,exact_kg_product,49950992-5a9a-49fd-8732-e4c51c0bfa50,oberheim-oberheim-xpander-no-oberheim-matrix-12-perfectus-version--rare-synthesizer-original-state--full-cleaned--checked-vintage-professional-synthesizer,excluded,,,support=known;visibility=private;monitoring=none,Mapped from gross list in 03A; not previously reconciled.
GL-0346,gross_list_336,Oberheim	Matrix-6 / Matrix-12,Oberheim,Matrix-6 / Matrix-12,,duplicate_consolidated,exact_kg_product,cc875028-1c9a-49fb-99c8-88c44ad50039,oberheim-matrix-12,excluded,,,support=known;visibility=private;monitoring=none,Mapped from gross list in 03A; not previously reconciled.
GL-0347,gross_list_336,Oberheim	OB-6,Oberheim,OB-6,,duplicate_consolidated,exact_kg_product,586ded17-8e1b-40b0-a2b5-2a27b24ca2f3,oberheim-dave-smith-instruments-oberheim-ob-6-analog-synthesizer,excluded,,,support=known;visibility=private;monitoring=none,Mapped from gross list in 03A; not previously reconciled.
GL-0348,gross_list_336,Oberheim	OB-6,Oberheim,OB-6,,duplicate_consolidated,exact_kg_product,701780e5-c006-40ec-af94-c5a50e659a52,oberheim-sequential-oberheim-ob-6-module,excluded,,,support=known;visibility=private;monitoring=none,Mapped from gross list in 03A; not previously reconciled.
GL-0349,gross_list_336,Oberheim	OB-6,Oberheim,OB-6,,duplicate_consolidated,exact_kg_product,a2644cc2-8ab3-45ea-82bf-b50103833bab,oberheim-oberheim-ob-6-by-sequential-6-voice-polyphonic-analog-synthesizer,excluded,,,support=known;visibility=private;monitoring=none,Mapped from gross list in 03A; not previously reconciled.
GL-0350,gross_list_336,Oberheim	OB-8,Oberheim,OB-8,,exact_match,exact_kg_product,a424fd04-572b-4f1b-a07a-a586b4f55c4a,oberheim-ob-8,reserve,44,low,support=reserve;visibility=private;monitoring=none,"NEW from gross list ""Oberheim OB-8""."
GL-0351,gross_list_336,Oberheim	OB-SX,Oberheim,OB-SX,,exact_match,exact_kg_product,5541ea7a-08c4-4c0d-b566-4ed5ad3ddaea,oberheim-ob-sx,excluded,,,support=known;visibility=private;monitoring=none,Mapped from gross list in 03A; not previously reconciled.
GL-0352,gross_list_336,Oberheim	OB-X,Oberheim,OB-X,,exact_match,exact_kg_product,1acf5130-9c9e-4ed5-923f-87dc7cfef20d,oberheim-ob-x,incumbent_removed,47,medium,support=reserve;visibility=private;monitoring=none,Unchanged from Prompt 03.
GL-0353,gross_list_336,Oberheim	OB-Xa,Oberheim,OB-Xa,,duplicate_consolidated,exact_kg_product,ed747820-9953-4055-a71f-7d745ebaeb6f,oberheim-ob-xa,incumbent_removed,48,medium,support=reserve;visibility=private;monitoring=none,Unchanged from Prompt 03.
GL-0354,gross_list_336,Oberheim	OB-Xa,Oberheim,OB-Xa,,duplicate_consolidated,exact_kg_product,7b62575c-f5ef-4d44-9ed8-0f1c67acb43f,oberheim-oberheim-ob-xa-solid-walnut-replacement-wood-sides,excluded,,,support=known;visibility=private;monitoring=none,Mapped from gross list in 03A; not previously reconciled.
GL-0355,gross_list_336,Oberheim	OB-Xa,Oberheim,OB-Xa,,duplicate_consolidated,exact_kg_product,b5d94d47-3395-4f30-a3fb-9c70d096c316,oberheim-oberheim-ob-xa-walnut-replacement-wood-sides-black,excluded,,,support=known;visibility=private;monitoring=none,Mapped from gross list in 03A; not previously reconciled.
GL-0356,gross_list_336,Oberheim	SEM,Oberheim,SEM,,exact_match,exact_kg_product,ae2fbe5f-1944-4723-989d-87e7fdaf4cbd,oberheim-sem,excluded,,,support=known;visibility=private;monitoring=none,Mapped from gross list in 03A; not previously reconciled.
GL-0357,gross_list_336,Oberheim	Two-Voice / Four-Voice / Eight-Voice,Oberheim,Two Voice Pro,,variant_split,exact_kg_product,451b9e71-108e-4fa5-8dce-837e41ceaff5,oberheim-two_voice_pro,excluded,,,support=known;visibility=private;monitoring=none,Mapped from gross list in 03A; not previously reconciled.
GL-0358,gross_list_336,Oberheim	Two-Voice / Four-Voice / Eight-Voice,Oberheim,Two-Voice / Four-Voice / Eight-Voice,,variant_split,exact_kg_product,7cc17c6d-46d1-4bbb-9651-3bd56739bc12,oberheim-eight-voice,excluded,,,support=known;visibility=private;monitoring=none,Mapped from gross list in 03A; not previously reconciled.
GL-0359,gross_list_336,Oberheim	Two-Voice / Four-Voice / Eight-Voice,Oberheim,Two Voice,,variant_split,exact_kg_product,7e205d58-eff1-4be6-b0a5-f6644c634638,oberheim-two-voice,excluded,,,support=known;visibility=private;monitoring=none,Mapped from gross list in 03A; not previously reconciled.
GL-0360,gross_list_336,Oberheim	Two-Voice / Four-Voice / Eight-Voice,Oberheim,Four Voice,,variant_split,exact_kg_product,bdaedbe1-558c-4bfa-a1b6-ba406f1cd831,oberheim-four-voice,excluded,,,support=known;visibility=private;monitoring=none,Mapped from gross list in 03A; not previously reconciled.
GL-0361,gross_list_336,Oberheim	Xpander,Oberheim,Xpander,,duplicate_consolidated,exact_kg_product,2ea6067a-c5d1-4eef-9467-a06d811b9a73,oberheim-oberheim-xpander-no-oberheim-matrix-12-us-version--rare-synthesizer-original-state--full-cleaned--checked,excluded,,,support=known;visibility=private;monitoring=none,Mapped from gross list in 03A; not previously reconciled.
GL-0362,gross_list_336,Oberheim	Xpander,Oberheim,Xpander,,duplicate_consolidated,exact_kg_product,49950992-5a9a-49fd-8732-e4c51c0bfa50,oberheim-oberheim-xpander-no-oberheim-matrix-12-perfectus-version--rare-synthesizer-original-state--full-cleaned--checked-vintage-professional-synthesizer,excluded,,,support=known;visibility=private;monitoring=none,Mapped from gross list in 03A; not previously reconciled.
GL-0363,gross_list_336,Oberheim	Xpander,Oberheim,Xpander,,duplicate_consolidated,exact_kg_product,58ec06d4-8a6b-4efa-9a9f-8388c1d53d5b,oberheim-xpander,excluded,,,support=known;visibility=private;monitoring=none,Mapped from gross list in 03A; not previously reconciled.
GL-0364,gross_list_336,Oberheim	Xpander,Oberheim,Xpander,,duplicate_consolidated,exact_kg_product,81ce3b08-e891-4227-a4cd-5616c8bc18c4,oberheim-oberheim-ob-3-drawbar-organ-expander,excluded,,,support=known;visibility=private;monitoring=none,Mapped from gross list in 03A; not previously reconciled.
GL-0365,gross_list_336,Optigan	Music Maker,Optigan,Music Maker,,no_kg_match_brand_absent,no_kg_product,,,no_kg_product,,,registry_only:no_kg_row,"Gross-list family with no KG product; cannot be scraped, matched or priced today."
GL-0366,gross_list_336,PPG	Wave 2 / 2.2 / 2.3,PPG,Wave 2 / 2.2 / 2.3,,duplicate_consolidated,exact_kg_product,077486c8-16bc-47df-b54b-4d9c4af25c54,ppg-ppg-v6-2-3-wave-eproms-for-ppg-wave-2-2-or-2-3,excluded,,,support=known;visibility=private;monitoring=none,Mapped from gross list in 03A; not previously reconciled.
GL-0367,gross_list_336,PPG	Wave 2 / 2.2 / 2.3,PPG,Wave 2 / 2.2 / 2.3,,duplicate_consolidated,exact_kg_product,1a6fe0ef-a887-430a-80b0-74e99448b8e8,ppg-ppg-wave-2-2-synthesizer-original-brochure,excluded,,,support=known;visibility=private;monitoring=none,Mapped from gross list in 03A; not previously reconciled.
GL-0368,gross_list_336,PPG	Wave 2 / 2.2 / 2.3,PPG,"Wave 2.3 Hybrid Synthesizer, serviced !",,duplicate_consolidated,exact_kg_product,30cec476-b017-4d38-837e-52422d677c09,ppg-ppg-wave-2-3-hybrid-synthesizer-serviced,excluded,,,support=known;visibility=private;monitoring=none,Mapped from gross list in 03A; not previously reconciled.
GL-0369,gross_list_336,PPG	Wave 2 / 2.2 / 2.3,PPG,Wave 2 / 2.2 / 2.3,,duplicate_consolidated,exact_kg_product,4be441e9-f1af-4995-bfad-062e7119eec9,ppg-ppg-wave-2-3-synthesizer-prk-processor-keyboard-original-brochure,excluded,,,support=known;visibility=private;monitoring=none,Mapped from gross list in 03A; not previously reconciled.
GL-0370,gross_list_336,PPG	Wave 2 / 2.2 / 2.3,PPG,Wave 2 / 2.2 / 2.3,,duplicate_consolidated,exact_kg_product,6a7be0d5-9643-4446-982c-63c34252b911,ppg-ppg-wave-2-2--major-serviced--ultra-rare-from-80s-professional-synthesizer-keyboard--cleaned--full-checked,excluded,,,support=known;visibility=private;monitoring=none,Mapped from gross list in 03A; not previously reconciled.
GL-0371,gross_list_336,PPG	Wave 2 / 2.2 / 2.3,PPG,Wave 2 / 2.2 / 2.3,,duplicate_consolidated,exact_kg_product,6dfa4f1b-e8bf-4462-8ac5-33728bc5c364,ppg-ppg-wave-2-2-and-2-3-aftertouch-return-springs,excluded,,,support=known;visibility=private;monitoring=none,Mapped from gross list in 03A; not previously reconciled.
GL-0372,gross_list_336,PPG	Wave 2 / 2.2 / 2.3,PPG,Wave 2 / 2.2 / 2.3,,duplicate_consolidated,exact_kg_product,887afbf0-5108-4a1f-8996-287a9bd582a3,ppg-1980s-ppg-wave-2-3-firmware-v8-2-serviced,excluded,,,support=known;visibility=private;monitoring=none,Mapped from gross list in 03A; not previously reconciled.
GL-0373,gross_list_336,PPG	Wave 2 / 2.2 / 2.3,PPG,Wave 2 / 2.2 / 2.3,,duplicate_consolidated,exact_kg_product,9df0ebda-6c41-4a94-adba-24c0346e7471,ppg-ppg-wave-2-2--original-state--ultra-rare-from-80s-professional-synthesizer-keyboard--cleaned--full-checked,excluded,,,support=known;visibility=private;monitoring=none,Mapped from gross list in 03A; not previously reconciled.
GL-0374,gross_list_336,PPG	Wave 2 / 2.2 / 2.3,PPG,Wave 2.2 MIDI + Separate out Upgrade,,duplicate_consolidated,exact_kg_product,bea79dc7-2b6b-4f8d-8b20-55119776e59c,ppg-ppg-wave-2-2-midi--separate-out-upgrade,excluded,,,support=known;visibility=private;monitoring=none,Mapped from gross list in 03A; not previously reconciled.
GL-0375,gross_list_336,PPG	Wave 2 / 2.2 / 2.3,PPG,Wave 2.2 Proz board Crystal,,duplicate_consolidated,exact_kg_product,c1798bd6-6c0c-4ca4-9824-66f42c00f946,ppg-ppg-wave-2-2-proz-board-crystal,excluded,,,support=known;visibility=private;monitoring=none,Mapped from gross list in 03A; not previously reconciled.
GL-0376,gross_list_336,PPG	Wave 2 / 2.2 / 2.3,PPG,Wave 2,,duplicate_consolidated,exact_kg_product,c96f7a0c-08a6-4f83-a171-e21964c204e9,ppg-wave-2,excluded,,,support=known;visibility=private;monitoring=none,Mapped from gross list in 03A; not previously reconciled.
GL-0377,gross_list_336,PPG	Wave 2 / 2.2 / 2.3,PPG,Wave 2 1985 - Blue,,duplicate_consolidated,exact_kg_product,d56416fc-e567-42f2-9498-4e026524920d,ppg-ppg-wave-2-1985-blue,excluded,,,support=known;visibility=private;monitoring=none,Mapped from gross list in 03A; not previously reconciled.
GL-0378,gross_list_336,PPG	Wave 2 / 2.2 / 2.3,PPG,Wave 2  from 1981,,duplicate_consolidated,exact_kg_product,e7140075-4023-452d-bddf-b84f3d549b65,ppg-ppg-wave-2-from-1981,excluded,,,support=known;visibility=private;monitoring=none,Mapped from gross list in 03A; not previously reconciled.
GL-0379,gross_list_336,PPG	Wave 2 / 2.2 / 2.3,PPG,Wave 2.2  Display Upgrade HD44780 compatible TAS board,,duplicate_consolidated,exact_kg_product,ea3e789a-1a9e-45a3-9d54-9af2943548f4,ppg-ppg-wave-2-2-display-upgrade-hd44780-compatible-tas-board,excluded,,,support=known;visibility=private;monitoring=none,Mapped from gross list in 03A; not previously reconciled.
GL-0380,gross_list_336,PPG	Wave 2 / 2.2 / 2.3,PPG,Wave 2.3,,duplicate_consolidated,exact_kg_product,edb038e3-d7c9-4962-85de-fa9eb5d507b0,ppg-ppg-wave-2-3,excluded,,,support=known;visibility=private;monitoring=none,Mapped from gross list in 03A; not previously reconciled.
GL-0381,gross_list_336,PPG	Waveterm,PPG,Waveterm Rev. A OS Firmware Rescue Eprom Rom,,variant_split,exact_kg_product,52a108b8-ed34-4f98-a0e5-391d5f9dd1ea,ppg-ppg-waveterm-rev-a-os-firmware-rescue-eprom-rom,excluded,,,support=known;visibility=private;monitoring=none,Mapped from gross list in 03A; not previously reconciled.
GL-0382,gross_list_336,PPG	Waveterm,PPG,waveterm b 2.3,,variant_split,exact_kg_product,98db7d81-667f-4d5e-84de-df8c61072e49,ppg-ppg-waveterm-b-2-3,excluded,,,support=known;visibility=private;monitoring=none,Mapped from gross list in 03A; not previously reconciled.
GL-0383,gross_list_336,PPG	Waveterm,PPG,Waveterm Rev. B OS Firmware Rescue Eprom Rom,,variant_split,exact_kg_product,aae6f5a1-827e-4205-8037-6f74b091435a,ppg-ppg-waveterm-rev-b-os-firmware-rescue-eprom-rom,excluded,,,support=known;visibility=private;monitoring=none,Mapped from gross list in 03A; not previously reconciled.
GL-0384,gross_list_336,PPG	Waveterm,PPG,Waveterm,,variant_split,exact_kg_product,aedf64db-17bf-4b5f-8c31-f5b5956dfc61,ppg-ppg-waveterm-original-brochure,excluded,,,support=known;visibility=private;monitoring=none,Mapped from gross list in 03A; not previously reconciled.
GL-0385,gross_list_336,PPG	Waveterm,PPG,Waveterm B original brochure,,variant_split,exact_kg_product,f971b162-8efd-4060-95c3-5a96cf6044b2,ppg-ppg-waveterm-b-original-brochure,excluded,,,support=known;visibility=private;monitoring=none,Mapped from gross list in 03A; not previously reconciled.
GL-0386,gross_list_336,Prism Sound	Atlas,Prism Sound,Atlas,,no_kg_match_brand_absent,no_kg_product,,,no_kg_product,,,registry_only:no_kg_row,"Gross-list family with no KG product; cannot be scraped, matched or priced today."
GL-0387,gross_list_336,Prism Sound	Dream ADA-8XR,Prism Sound,Dream ADA-8XR,,no_kg_match_brand_absent,no_kg_product,,,no_kg_product,,,registry_only:no_kg_row,"Gross-list family with no KG product; cannot be scraped, matched or priced today."
GL-0388,gross_list_336,Prism Sound	Lyra 1 / 2,Prism Sound,Lyra 1 / 2,,no_kg_match_brand_absent,no_kg_product,,,no_kg_product,,,registry_only:no_kg_row,"Gross-list family with no KG product; cannot be scraped, matched or priced today."
GL-0389,gross_list_336,Prism Sound	Titan,Prism Sound,Titan,,no_kg_match_brand_absent,no_kg_product,,,no_kg_product,,,registry_only:no_kg_row,"Gross-list family with no KG product; cannot be scraped, matched or priced today."
GL-0390,gross_list_336,PSI Audio	A21-M,PSI Audio,A21-M,,no_kg_match_brand_absent,no_kg_product,,,no_kg_product,,,registry_only:no_kg_row,"Gross-list family with no KG product; cannot be scraped, matched or priced today."
GL-0391,gross_list_336,PSI Audio	A25-M,PSI Audio,A25-M,,no_kg_match_brand_absent,no_kg_product,,,no_kg_product,,,registry_only:no_kg_row,"Gross-list family with no KG product; cannot be scraped, matched or priced today."
GL-0392,gross_list_336,PSI Audio	AVAA C20,PSI Audio,AVAA C20,,no_kg_match_brand_absent,no_kg_product,,,no_kg_product,,,registry_only:no_kg_row,"Gross-list family with no KG product; cannot be scraped, matched or priced today."
GL-0393,gross_list_336,Pultec	EQP-1A / MEQ-5,Pultec,EQP-1A / MEQ-5,,no_kg_match_brand_absent,no_kg_product,,,no_kg_product,,,registry_only:no_kg_row,"Gross-list family with no KG product; cannot be scraped, matched or priced today."
GL-0394,gross_list_336,RCA	44BX,RCA,44BX,,no_kg_match_brand_absent,no_kg_product,,,no_kg_product,,,registry_only:no_kg_row,"Gross-list family with no KG product; cannot be scraped, matched or priced today."
GL-0395,gross_list_336,RCA	77DX,RCA,77DX,,no_kg_match_brand_absent,no_kg_product,,,no_kg_product,,,registry_only:no_kg_row,"Gross-list family with no KG product; cannot be scraped, matched or priced today."
GL-0396,gross_list_336,RCA	KU3A,RCA,KU3A,,no_kg_match_brand_absent,no_kg_product,,,no_kg_product,,,registry_only:no_kg_row,"Gross-list family with no KG product; cannot be scraped, matched or priced today."
GL-0397,gross_list_336,Retro Instruments	Revolver,Retro Instruments,Revolver,,no_kg_match_brand_absent,no_kg_product,,,no_kg_product,,,registry_only:no_kg_row,"Gross-list family with no KG product; cannot be scraped, matched or priced today."
GL-0398,gross_list_336,Retro Instruments	Sta-Level,Retro Instruments,Sta-Level,,no_kg_match_brand_absent,no_kg_product,,,no_kg_product,,,registry_only:no_kg_row,"Gross-list family with no KG product; cannot be scraped, matched or priced today."
GL-0399,gross_list_336,Rhodes	Chroma,Rhodes,Chroma,,duplicate_consolidated,exact_kg_product,2c9110fa-b3fa-477f-93ef-814b1b83b4c4,rhodes-chroma,excluded,,,support=known;visibility=private;monitoring=none,Mapped from gross list in 03A; not previously reconciled.
GL-0400,gross_list_336,Rhodes	Chroma,Rhodes,Chroma,,duplicate_consolidated,exact_kg_product,3d96730f-0ad7-4dbb-a3ef-0f92b07a52e8,rhodes-chroma-polaris,excluded,,,support=known;visibility=private;monitoring=none,Mapped from gross list in 03A; not previously reconciled.
GL-0401,gross_list_336,Rhodes	Chroma Polaris,Rhodes,Chroma,,duplicate_consolidated,exact_kg_product,2c9110fa-b3fa-477f-93ef-814b1b83b4c4,rhodes-chroma,excluded,,,support=known;visibility=private;monitoring=none,Mapped from gross list in 03A; not previously reconciled.
GL-0402,gross_list_336,Rhodes	Chroma Polaris,Rhodes,Chroma Polaris,,duplicate_consolidated,exact_kg_product,3d96730f-0ad7-4dbb-a3ef-0f92b07a52e8,rhodes-chroma-polaris,excluded,,,support=known;visibility=private;monitoring=none,Mapped from gross list in 03A; not previously reconciled.
GL-0403,gross_list_336,Rhodes	Mark I / Mark II / Mark V Stage,Rhodes,Mark I Suitcase 73,matchable_canonical_product,variant_split,exact_kg_product,88fd0362-a085-463e-9eae-5300a3a43640,rhodes-mark-i-suitcase-73,core,77,medium,support=supported;visibility=private;monitoring=unchanged,Retained as a variant split of the Rhodes gross-list family.
GL-0404,gross_list_336,Rhodes	Mark I / Mark II / Mark V Stage,Rhodes,Mark II Stage 73,matchable_canonical_product,variant_split,exact_kg_product,370d7660-dd92-4cab-84dc-eabbc38f7b26,rhodes-mark-ii-stage-73,core,73,medium,support=supported;visibility=private;monitoring=unchanged,"Retained. Gross-list family ""Rhodes Mark I / Mark II / Mark V Stage""."
GL-0405,gross_list_336,Rhodes	Mark I / Mark II / Mark V Stage,Rhodes,Mark I Stage 73,matchable_canonical_product,variant_split,exact_kg_product,8d38e57e-1960-452f-981c-777fe4c89c9d,rhodes-mark-i-stage-73,core,71,medium,support=supported;visibility=private;monitoring=unchanged,"Retained. Gross-list family ""Rhodes Mark I / Mark II / Mark V Stage""."
GL-0406,gross_list_336,Rhodes	Mark I / Mark II / Mark V Stage,Rhodes,Mark I Stage 88,,variant_split,exact_kg_product,8140937c-2f87-4c9f-ad59-5e808c9275f2,rhodes-mark-i-stage-88,incumbent_removed,54,low,support=reserve;visibility=private;monitoring=none,Unchanged from Prompt 03 (incumbent removal).
GL-0407,gross_list_336,Rhodes	Piano Bass,Rhodes,Piano Bass,,no_kg_match,no_kg_product,,,no_kg_product,,,registry_only:no_kg_row,"Gross-list family with no KG product; cannot be scraped, matched or priced today."
GL-0408,gross_list_336,Roland	Alpha Juno 1 / 2,Roland,Alpha Juno 2,,duplicate_consolidated,exact_kg_product,97f72711-ab23-45ef-9110-7c902c7ac6fb,roland-alpha-juno-2,excluded,,,support=known;visibility=private;monitoring=none,Mapped from gross list in 03A; not previously reconciled.
GL-0409,gross_list_336,Roland	Alpha Juno 1 / 2,Roland,Alpha Juno 1 / 2,,duplicate_consolidated,exact_kg_product,c6a02090-163f-4dc4-828a-bae31608a104,roland-alpha-juno-1,excluded,,,support=known;visibility=private;monitoring=none,Mapped from gross list in 03A; not previously reconciled.
GL-0410,gross_list_336,Roland	CR-78,Roland,CR-78,,exact_match,exact_kg_product,aacd0b1c-6300-4072-842f-feb0df9391ee,roland-cr-78,excluded,,,support=known;visibility=private;monitoring=none,Mapped from gross list in 03A; not previously reconciled.
GL-0411,gross_list_336,Roland	D-50,Roland,D-50,,exact_match,exact_kg_product,fc35a329-e2f0-48d4-969f-f2a789372e97,roland-d-50,excluded,,,support=known;visibility=private;monitoring=none,Mapped from gross list in 03A; not previously reconciled.
GL-0412,gross_list_336,Roland	DC-10 / DC-30 Analog Chorus-Echo,Roland,DC-10 / DC-30 Analog Chorus-Echo,,no_kg_match,no_kg_product,,,no_kg_product,,,registry_only:no_kg_row,"Gross-list family with no KG product; cannot be scraped, matched or priced today."
GL-0413,gross_list_336,Roland	JD-800,Roland,JD-800,,exact_match,exact_kg_product,9fcf58e1-6317-4b48-8943-d19f3fd6240f,roland-jd-800,excluded,,,support=known;visibility=private;monitoring=none,Mapped from gross list in 03A; not previously reconciled.
GL-0414,gross_list_336,Roland	Juno-6,Roland,Juno-6,matchable_canonical_product,exact_match,exact_kg_product,c9dad2ee-9386-41e2-89d5-be25d0ff79d0,roland-juno-6,core,72,medium,support=supported;visibility=private;monitoring=unchanged,"Retained. Gross-list family ""Roland Juno-6""."
GL-0415,gross_list_336,Roland	Juno-60,Roland,Juno-60,matchable_canonical_product,exact_match,exact_kg_product,3ecf2933-92b9-4676-b80f-d4b0ba7e2c5d,roland-juno-60,core,91,high,support=supported;visibility=private;monitoring=unchanged,"Retained. Gross-list family ""Roland Juno-60""."
GL-0416,gross_list_336,Roland	Juno-106 / HS-60,Roland,Juno-106,matchable_canonical_product,variant_split,exact_kg_product,9d6cbf78-d99f-4995-9010-b811453e829e,roland-juno-106,core,92,high,support=supported;visibility=private;monitoring=unchanged,"Retained. Gross-list family ""Roland Juno-106 / HS-60""."
GL-0417,gross_list_336,Roland	Juno-106 / HS-60,Roland,HS-60,,variant_split,exact_kg_product,f0f7db28-4ca5-43d9-825d-7b2071e09854,roland-hs-60,excluded,,,support=known;visibility=private;monitoring=none,Mapped from gross list in 03A; not previously reconciled.
GL-0418,gross_list_336,Roland	Jupiter-4,Roland,Jupiter-4,matchable_canonical_product,duplicate_consolidated,exact_kg_product,43e45ad9-67ec-4e6a-8eed-44feb5a14265,roland-jupiter-4,core,66,medium,support=supported;visibility=private;monitoring=unchanged,"PROMOTED from Prompt 03 reserve: on the gross list, and displaced guitar capacity."
GL-0419,gross_list_336,Roland	Jupiter-4,Roland,Jupiter-4,,duplicate_consolidated,exact_kg_product,1d1f7b33-1381-44b6-a7e1-f78827b6534b,roland-jupiter-4-49-key-synthesizer-1978-1982-black,excluded,,,support=known;visibility=private;monitoring=none,Mapped from gross list in 03A; not previously reconciled.
GL-0420,gross_list_336,Roland	Jupiter-4,Roland,JP-4 (Jupiter 4),,duplicate_consolidated,exact_kg_product,8b082c2a-4d43-475f-a913-b43c35e14047,roland-jp-4,excluded,,,support=known;visibility=private;monitoring=none,Mapped from gross list in 03A; not previously reconciled.
GL-0421,gross_list_336,Roland	Jupiter-6,Roland,Jupiter-6,,duplicate_consolidated,exact_kg_product,5a14382e-d200-47ef-a2e3-d7eeb8c9d1a0,roland-jupiter-6,reserve,60,medium,support=reserve;visibility=private;monitoring=none,Unchanged from Prompt 03.
GL-0422,gross_list_336,Roland	Jupiter-6,Roland,JP-6 (Jupiter 6),,duplicate_consolidated,exact_kg_product,9a322f4f-59dd-42b1-9a54-89de01d35ed1,roland-jp-6,excluded,,,support=known;visibility=private;monitoring=none,Mapped from gross list in 03A; not previously reconciled.
GL-0423,gross_list_336,Roland	Jupiter-8,Roland,Jupiter-8,matchable_canonical_product,duplicate_consolidated,exact_kg_product,fb04b727-b3aa-462c-8456-064f3add5121,roland-jupiter-8,core,74,medium,support=supported;visibility=private;monitoring=unchanged,"Retained. Gross-list family ""Roland Jupiter-8""."
GL-0424,gross_list_336,Roland	Jupiter-8,Roland,JP-8 (Jupiter 8),,duplicate_consolidated,exact_kg_product,4f046ddc-432c-408f-9fce-5f4a8b93117d,roland-jp-8,excluded,,,support=known;visibility=private;monitoring=none,Mapped from gross list in 03A; not previously reconciled.
GL-0425,gross_list_336,Roland	JX-3P,Roland,JX-3P,,exact_match,exact_kg_product,fe7b64e7-cf2e-4de0-aaf1-3b22628b44dd,roland-jx-3p,reserve,55,low,support=reserve;visibility=private;monitoring=none,"NEW from gross list ""Roland JX-3P""."
GL-0426,gross_list_336,Roland	JX-8P / Super JX-10,Roland,JX-8P,,exact_match,exact_kg_product,4c02851f-ab77-4063-a2a3-40ba9c19e26e,roland-jx-8p,reserve,50,low,support=reserve;visibility=private;monitoring=none,"NEW from gross list ""Roland JX-8P / Super JX-10""."
GL-0427,gross_list_336,Roland	MKS-80 Super Jupiter,Roland,MKS-80 Super Jupiter,,no_kg_match,no_kg_product,,,no_kg_product,,,registry_only:no_kg_row,"Gross-list family with no KG product; cannot be scraped, matched or priced today."
GL-0428,gross_list_336,Roland	Promars MRS-2,Roland,ProMars MRS-2,,duplicate_consolidated,exact_kg_product,9b3f04ed-7c57-4dba-ab8a-f039ef372fbd,roland-promars-mrs-2,excluded,,,support=known;visibility=private;monitoring=none,Mapped from gross list in 03A; not previously reconciled.
GL-0429,gross_list_336,Roland	Promars MRS-2,Roland,MRS-2,,duplicate_consolidated,exact_kg_product,bf7b511e-409f-4513-bcb8-6fe130a75fe8,roland-mrs-2,excluded,,,support=known;visibility=private;monitoring=none,Mapped from gross list in 03A; not previously reconciled.
GL-0430,gross_list_336,Roland	RE-101 / RE-150 / RE-201 / RE-301 Space Echo,Roland,RE-201,matchable_canonical_product,duplicate_consolidated,exact_kg_product,07cc1ac5-a0c9-4707-99ed-c4440a1f9563,roland-re-201,core,76,medium,support=supported;visibility=private;monitoring=unchanged,"Retained. Gross-list family ""Roland RE-101 / RE-150 / RE-201 / RE-301 Space Echo""."
GL-0431,gross_list_336,Roland	RE-101 / RE-150 / RE-201 / RE-301 Space Echo,Roland,RE-201,,duplicate_consolidated,exact_kg_product,26fd7032-0d6c-4162-b0c0-a5b74755b0f5,roland-re-201-space-echo,excluded,,,support=known;visibility=private;monitoring=none,Mapped from gross list in 03A; not previously reconciled.
GL-0432,gross_list_336,Roland	RE-101 / RE-150 / RE-201 / RE-301 Space Echo,Roland,RE-101 / RE-150 / RE-201 / RE-301 Space Echo,,duplicate_consolidated,exact_kg_product,2af05ee8-3cba-4298-b9b1-411bdad21e6b,roland-re-201-space-echo-tape-delay-reverb-1974-1988-black,excluded,,,support=known;visibility=private;monitoring=none,Mapped from gross list in 03A; not previously reconciled.
GL-0433,gross_list_336,Roland	RE-501 / SRE-555 Chorus Echo,Roland,RE-501,matchable_canonical_product,exact_match,exact_kg_product,7861124f-5e67-4c2c-916d-170577cee116,roland-re-501,core,71,medium,support=supported;visibility=private;monitoring=unchanged,"Retained. Gross-list family ""Roland RE-501 / SRE-555 Chorus Echo""."
GL-0434,gross_list_336,Roland	RS-09 / RS-202 / RS-505,Roland,RS-09 / RS-202 / RS-505,,variant_split,exact_kg_product,1eca52ef-cdd3-4c80-9ea5-479eeff57a12,roland-rs-202-strings,excluded,,,support=known;visibility=private;monitoring=none,Mapped from gross list in 03A; not previously reconciled.
GL-0435,gross_list_336,Roland	RS-09 / RS-202 / RS-505,Roland,RS-09,,variant_split,exact_kg_product,5863ba37-08ab-411e-a60f-1f2112b6d582,roland-rs-09,excluded,,,support=known;visibility=private;monitoring=none,Mapped from gross list in 03A; not previously reconciled.
GL-0436,gross_list_336,Roland	RS-09 / RS-202 / RS-505,Roland,RS-505 Paraphonic,,variant_split,exact_kg_product,7f5e35df-9ffe-42a0-8f19-f2237a1cd148,roland-rs-505-paraphonic,excluded,,,support=known;visibility=private;monitoring=none,Mapped from gross list in 03A; not previously reconciled.
GL-0437,gross_list_336,Roland	SH-2,Roland,SH-2,,exact_match,exact_kg_product,fc0b737c-eb17-4995-b8c1-e14259a41eef,roland-sh-2,excluded,,,support=known;visibility=private;monitoring=none,Mapped from gross list in 03A; not previously reconciled.
GL-0438,gross_list_336,Roland	SH-5,Roland,SH-5,,exact_match,exact_kg_product,5d593118-b30d-40c6-804c-90ed7e1f6678,roland-sh-5,excluded,,,support=known;visibility=private;monitoring=none,Mapped from gross list in 03A; not previously reconciled.
GL-0439,gross_list_336,Roland	SH-101,Roland,SH-101,matchable_canonical_product,exact_match,exact_kg_product,52a95e16-0211-44d5-8c02-21a4a7e28fb3,roland-sh-101,core,74,medium,support=supported;visibility=private;monitoring=unchanged,"Retained. Gross-list family ""Roland SH-101""."
GL-0440,gross_list_336,Roland	System-100 / 100M,Roland,System 100,matchable_canonical_product,variant_split,exact_kg_product,98f1f0e1-fff5-4fad-b39c-f83ca2d4557f,roland-system-100,core,62,low,support=supported;visibility=private;monitoring=unchanged,"NEW ENTRY from gross list ""Roland System-100 / 100M""."
GL-0441,gross_list_336,Roland	System-100 / 100M,Roland,System 100m,,variant_split,exact_kg_product,48a084dd-ba80-42ba-9797-efdd5f240e60,roland-system-100m,reserve,49,low,support=reserve;visibility=private;monitoring=none,"NEW from gross list ""Roland System-100 / 100M"" (variant split)."
GL-0442,gross_list_336,Roland	System-700,Roland,System 700,,exact_match,exact_kg_product,f1ba8610-c9e4-4cb8-b67c-fba035e32504,roland-system-700,excluded,,,support=known;visibility=private;monitoring=none,Mapped from gross list in 03A; not previously reconciled.
GL-0443,gross_list_336,Roland	TB-303,Roland,TB-303,,exact_match,exact_kg_product,67ac8f9a-5064-4c43-9673-6360b92d3148,roland-tb-303,reserve,45,low,support=reserve;visibility=private;monitoring=none,"NEW from gross list ""Roland TB-303""."
GL-0444,gross_list_336,Roland	TR-606,Roland,TR-606,matchable_canonical_product,duplicate_consolidated,exact_kg_product,43df4ad3-ab37-47b7-be18-728fd7a63254,roland-tr-606,core,63,medium,support=supported;visibility=private;monitoring=unchanged,"NEW ENTRY from gross list ""Roland TR-606""."
GL-0445,gross_list_336,Roland	TR-606,Roland,TR-606,,duplicate_consolidated,exact_kg_product,9475494a-bc13-4b03-af86-5857cdfbaa64,roland-tr-606-drumatix-1980s-silver,excluded,,,support=known;visibility=private;monitoring=none,Mapped from gross list in 03A; not previously reconciled.
GL-0446,gross_list_336,Roland	TR-707 / TR-727,Roland,TR-707,matchable_canonical_product,variant_split,exact_kg_product,df0e0d26-c129-4cab-bc8c-121b5b1e7246,roland-tr-707,core,70,medium,support=supported;visibility=private;monitoring=unchanged,"Retained. Gross-list family ""Roland TR-707 / TR-727""."
GL-0447,gross_list_336,Roland	TR-707 / TR-727,Roland,TR-727,matchable_canonical_product,variant_split,exact_kg_product,a93f7164-b48b-4e66-8390-7e11d6093616,roland-tr-727,reserve,58,low,support=reserve;visibility=private;monitoring=none,Displaced in Prompt 04: zero trusted matches; outscored by guitar/bass challengers carrying Danish and German liquidity.
GL-0448,gross_list_336,Roland	TR-707 / TR-727,Roland,TR-707 / TR-727,,variant_split,exact_kg_product,d7b30f94-ec4f-4eaf-aabb-8ab20695aed9,roland-tr-707-rhythm-composer-1985-white,excluded,,,support=known;visibility=private;monitoring=none,Mapped from gross list in 03A; not previously reconciled.
GL-0449,gross_list_336,Roland	TR-808,Roland,TR-808,matchable_canonical_product,exact_match,exact_kg_product,d7f70d54-57ae-475d-affd-b02cf75d3f74,roland-tr-808,core,80,high,support=supported;visibility=private;monitoring=unchanged,"Retained. Gross-list family ""Roland TR-808""."
GL-0450,gross_list_336,Roland	TR-909,Roland,TR-909,matchable_canonical_product,exact_match,exact_kg_product,352d676c-ad63-489a-82c1-e59333f79bff,roland-tr-909,core,83,high,support=supported;visibility=private;monitoring=unchanged,"Retained. Gross-list family ""Roland TR-909""."
GL-0451,gross_list_336,Royer	R-121,Royer,R-121,,no_kg_match_brand_absent,no_kg_product,,,no_kg_product,,,registry_only:no_kg_row,"Gross-list family with no KG product; cannot be scraped, matched or priced today."
GL-0452,gross_list_336,Rupert Neve Designs	Master Buss Processor,Rupert Neve Designs,Portico II Master Buss Processor,matchable_canonical_product,duplicate_consolidated,exact_kg_product,c9bf115a-2e11-4f35-8575-63437b376d04,neve-portico-ii-master-buss-processor,core,61,low,support=supported;visibility=private;monitoring=unchanged,"PROMOTED from Prompt 03 reserve: on the gross list as ""Rupert Neve Designs Master Buss Processor""."
GL-0453,gross_list_336,Rupert Neve Designs	Master Buss Processor,Rupert Neve Designs,Master Buss Processor,,duplicate_consolidated,exact_kg_product,134278d1-0963-49a7-8ad0-16ef102198e2,neve-rupert-neve-portico-ii-master-buss-processor,excluded,,,support=known;visibility=private;monitoring=none,Mapped from gross list in 03A; not previously reconciled.
GL-0454,gross_list_336,Rupert Neve Designs	Master Buss Processor,Rupert Neve Designs,Master Buss Processor,,duplicate_consolidated,exact_kg_product,54e90229-c26a-4161-8cd8-855d3d4e77f2,neve-rupert-neve-designs-portico-ii-master-buss-processor,excluded,,,support=known;visibility=private;monitoring=none,Mapped from gross list in 03A; not previously reconciled.
GL-0455,gross_list_336,Rupert Neve Designs	Shelford Channel,Rupert Neve Designs,Shelford Channel,,exact_match,exact_kg_product,33e08a80-d6e5-4a5b-b39b-94a38074f26e,neve-rupert-neve-designs-5035-shelford-channel,excluded,,,support=known;visibility=private;monitoring=none,Mapped from gross list in 03A; not previously reconciled.
GL-0456,gross_list_336,Schoeps	CM 60,Schoeps,CM 60,,no_kg_match_brand_absent,no_kg_product,,,no_kg_product,,,registry_only:no_kg_row,"Gross-list family with no KG product; cannot be scraped, matched or priced today."
GL-0457,gross_list_336,Schoeps	Colette Series (CMC 6 / MK 4),Schoeps,Colette Series (CMC 6 / MK 4),,no_kg_match_brand_absent,no_kg_product,,,no_kg_product,,,registry_only:no_kg_row,"Gross-list family with no KG product; cannot be scraped, matched or priced today."
GL-0458,gross_list_336,Schoeps	M 221B,Schoeps,M 221B,,no_kg_match_brand_absent,no_kg_product,,,no_kg_product,,,registry_only:no_kg_row,"Gross-list family with no KG product; cannot be scraped, matched or priced today."
GL-0459,gross_list_336,Schoeps	V4 U,Schoeps,V4 U,,no_kg_match_brand_absent,no_kg_product,,,no_kg_product,,,registry_only:no_kg_row,"Gross-list family with no KG product; cannot be scraped, matched or priced today."
GL-0460,gross_list_336,Sennheiser	MD21,Sennheiser,MD21,,no_kg_match_brand_absent,no_kg_product,,,no_kg_product,,,registry_only:no_kg_row,"Gross-list family with no KG product; cannot be scraped, matched or priced today."
GL-0461,gross_list_336,Sennheiser	MD421 / MD421-II,Sennheiser,MD421 / MD421-II,,no_kg_match_brand_absent,no_kg_product,,,no_kg_product,,,registry_only:no_kg_row,"Gross-list family with no KG product; cannot be scraped, matched or priced today."
GL-0462,gross_list_336,Sennheiser	MD441-U,Sennheiser,MD441-U,,no_kg_match_brand_absent,no_kg_product,,,no_kg_product,,,registry_only:no_kg_row,"Gross-list family with no KG product; cannot be scraped, matched or priced today."
GL-0463,gross_list_336,Sennheiser	MKH 416,Sennheiser,MKH 416,,no_kg_match_brand_absent,no_kg_product,,,no_kg_product,,,registry_only:no_kg_row,"Gross-list family with no KG product; cannot be scraped, matched or priced today."
GL-0464,gross_list_336,Sennheiser	MKH 8040,Sennheiser,MKH 8040,,no_kg_match_brand_absent,no_kg_product,,,no_kg_product,,,registry_only:no_kg_row,"Gross-list family with no KG product; cannot be scraped, matched or priced today."
GL-0465,gross_list_336,Sennheiser	V472,Sennheiser,V472,,no_kg_match_brand_absent,no_kg_product,,,no_kg_product,,,registry_only:no_kg_row,"Gross-list family with no KG product; cannot be scraped, matched or priced today."
GL-0466,gross_list_336,Sequential Circuits	DrumTraks,Sequential Circuits,DrumTraks,,duplicate_consolidated,exact_kg_product,24c5ce54-aeb2-4296-928c-b0ae1994fd39,sequential-drumtraks,excluded,,,support=known;visibility=private;monitoring=none,Mapped from gross list in 03A; not previously reconciled.
GL-0467,gross_list_336,Sequential Circuits	DrumTraks,Sequential Circuits,DrumTraks,,duplicate_consolidated,exact_kg_product,7b21fe0f-4a34-4835-b663-95da6db1431d,sequential-drumtraks-12-voice-drum-machine-1984-black,excluded,,,support=known;visibility=private;monitoring=none,Mapped from gross list in 03A; not previously reconciled.
GL-0468,gross_list_336,Sequential Circuits	DrumTraks,Sequential Circuits,DrumTraks,,duplicate_consolidated,exact_kg_product,7fd1d8c4-db90-47fe-8473-902d7c75e83c,sequential-reverb-sequential-circuits-drumtraks-sample-pack,excluded,,,support=known;visibility=private;monitoring=none,Mapped from gross list in 03A; not previously reconciled.
GL-0469,gross_list_336,Sequential Circuits	DrumTraks,Sequential Circuits,DrumTraks,,duplicate_consolidated,exact_kg_product,ed66bc3f-365e-4826-97b1-674b20fd74e4,sequential-circuits-drumtraks,excluded,,,support=known;visibility=private;monitoring=none,Mapped from gross list in 03A; not previously reconciled.
GL-0470,gross_list_336,Sequential Circuits	Multi-Trak,Sequential Circuits,MultiTrak,,exact_match,exact_kg_product,7bf11a61-a597-4511-b750-8942c4878a19,sequential-circuits-multitrak,excluded,,,support=known;visibility=private;monitoring=none,Mapped from gross list in 03A; not previously reconciled.
GL-0471,gross_list_336,Sequential Circuits	Pro-One,Sequential Circuits,Pro-One,,exact_match,exact_kg_product,25400290-ee63-49e1-a505-1fd71d64a53b,sequential-circuits-pro-one,excluded,,,support=known;visibility=private;monitoring=none,Mapped from gross list in 03A; not previously reconciled.
GL-0472,gross_list_336,Sequential Circuits	Prophet-5,Sequential Circuits,Prophet-5,,duplicate_consolidated,exact_kg_product,b8d862f4-de0a-495d-b1c4-262fb8b6b022,sequential-prophet-5,incumbent_removed,62,medium,support=reserve;visibility=private;monitoring=none,Unchanged from Prompt 03.
GL-0473,gross_list_336,Sequential Circuits	Prophet-5,Sequential Circuits,Prophet-5,,duplicate_consolidated,exact_kg_product,358b29a0-f9d0-401a-8f52-a5b6182490ff,sequential-sequential-prophet-5-rev3-3-vintage-1984-polyphonic-synthesizer,excluded,,,support=known;visibility=private;monitoring=none,Mapped from gross list in 03A; not previously reconciled.
GL-0474,gross_list_336,Sequential Circuits	Prophet-5,Sequential Circuits,Prophet-5,,duplicate_consolidated,exact_kg_product,4f92502a-3f26-4cdb-b4df-12fbcda05a9f,sequential-sequential-prophet-5-legendary-5-voice-analog-poly-synth,excluded,,,support=known;visibility=private;monitoring=none,Mapped from gross list in 03A; not previously reconciled.
GL-0475,gross_list_336,Sequential Circuits	Prophet-5,Sequential Circuits,PROPHET 5 KEYBOARD : BRAND NEW :  [DETROIT MODULAR],,duplicate_consolidated,exact_kg_product,8f6168c6-eaa3-4e45-953b-8e2c77b219bb,sequential-sequential-prophet-5-keyboard--brand-new--detroit-modular,excluded,,,support=known;visibility=private;monitoring=none,Mapped from gross list in 03A; not previously reconciled.
GL-0476,gross_list_336,Sequential Circuits	Prophet-5,Sequential Circuits,Prophet-5,,duplicate_consolidated,exact_kg_product,f972650e-772f-434e-86c1-28da2e5f4522,sequential-sequential-prophet-5-polyphonic-analog-keyboard-synthesizer,excluded,,,support=known;visibility=private;monitoring=none,Mapped from gross list in 03A; not previously reconciled.
GL-0477,gross_list_336,Sequential Circuits	Prophet-5,Sequential Circuits,Prophet 5,,duplicate_consolidated,exact_kg_product,8e8e4fe3-f63c-476d-9088-c973a361b7be,sequential-circuits-prophet-5,excluded,,,support=known;visibility=private;monitoring=none,Mapped from gross list in 03A; not previously reconciled.
GL-0478,gross_list_336,Sequential Circuits	Prophet-10,Sequential Circuits,Prophet-10,matchable_canonical_product,duplicate_consolidated,exact_kg_product,ef069b5e-e1ea-43f7-bfd6-fa0ea9220926,sequential-prophet-10,core,75,medium,support=supported;visibility=private;monitoring=unchanged,"NEW ENTRY from gross list ""Sequential Circuits Prophet-10""."
GL-0479,gross_list_336,Sequential Circuits	Prophet-10,Sequential Circuits,Prophet-10,,duplicate_consolidated,exact_kg_product,3e8047cf-e924-4bd4-aec8-d486319b53ce,sequential-sequential-prophet-10-desktop-module-restock-deal,excluded,,,support=known;visibility=private;monitoring=none,Mapped from gross list in 03A; not previously reconciled.
GL-0480,gross_list_336,Sequential Circuits	Prophet-10,Sequential Circuits,PROPHET 10 DESKTOP : BRAND NEW :  [DETROIT MODULAR],,duplicate_consolidated,exact_kg_product,ab76ce00-6749-4e06-9ea7-413e7b1d196e,sequential-sequential-prophet-10-desktop--brand-new--detroit-modular,excluded,,,support=known;visibility=private;monitoring=none,Mapped from gross list in 03A; not previously reconciled.
GL-0481,gross_list_336,Sequential Circuits	Prophet-10,Sequential Circuits,Prophet-10,,duplicate_consolidated,exact_kg_product,dbd6f94b-abb1-43de-ae19-87ef3f402e1b,sequential-sequential-prophet-10-analogue-synthesiser-desktop,excluded,,,support=known;visibility=private;monitoring=none,Mapped from gross list in 03A; not previously reconciled.
GL-0482,gross_list_336,Sequential Circuits	Prophet-10,Sequential Circuits,Prophet 10,,duplicate_consolidated,exact_kg_product,f298302d-279a-4499-95ef-787995149a23,sequential-circuits-prophet-10,excluded,,,support=known;visibility=private;monitoring=none,Mapped from gross list in 03A; not previously reconciled.
GL-0483,gross_list_336,Sequential Circuits	Prophet-600,Sequential Circuits,Prophet-600,,exact_match,exact_kg_product,a3ac8f58-22e3-43fa-a2ab-4587447a90b8,sequential-circuits-prophet-600,excluded,,,support=known;visibility=private;monitoring=none,Mapped from gross list in 03A; not previously reconciled.
GL-0484,gross_list_336,Sequential Circuits	Prophet-T8,Sequential Circuits,Prophet-T8,,exact_match,exact_kg_product,53bb98b2-b35f-47d9-9c7a-c516f51ff02e,sequential-circuits-prophet-t8,excluded,,,support=known;visibility=private;monitoring=none,Mapped from gross list in 03A; not previously reconciled.
GL-0485,gross_list_336,Sequential Circuits	Prophet-VS,Sequential Circuits,Prophet-VS,,exact_match,exact_kg_product,74516f5e-328b-4bf9-987b-ed18d3c60c77,sequential-circuits-prophet-vs,excluded,,,support=known;visibility=private;monitoring=none,Mapped from gross list in 03A; not previously reconciled.
GL-0486,gross_list_336,Sequential Circuits	Six-Trak,Sequential Circuits,Six-Trak,,exact_match,exact_kg_product,bba7fa5a-e4b3-47d8-9285-a4803c0885f6,sequential-circuits-six-trak,excluded,,,support=known;visibility=private;monitoring=none,Mapped from gross list in 03A; not previously reconciled.
GL-0487,gross_list_336,Sequential Circuits	Studio 440,Sequential Circuits,Studio 440,,exact_match,exact_kg_product,7f058595-ef8f-481b-b475-acf46b8dfee7,sequential-circuits-studio-440,excluded,,,support=known;visibility=private;monitoring=none,Mapped from gross list in 03A; not previously reconciled.
GL-0488,gross_list_336,Shure	Level-Loc M62V,Shure,Level-Loc M62V,,no_kg_match,no_kg_product,,,no_kg_product,,,registry_only:no_kg_row,"Gross-list family with no KG product; cannot be scraped, matched or priced today."
GL-0489,gross_list_336,Shure	SM57 / SM57 Unidyne III,Shure,SM57 / SM57 Unidyne III,,no_kg_match,no_kg_product,,,no_kg_product,,,registry_only:no_kg_row,"Gross-list family with no KG product; cannot be scraped, matched or priced today."
GL-0490,gross_list_336,Shure	SM7B,Shure,SM7B,,no_kg_match,no_kg_product,,,no_kg_product,,,registry_only:no_kg_row,"Gross-list family with no KG product; cannot be scraped, matched or priced today."
GL-0491,gross_list_336,Siel	Orchestra / Orchestra 2,Siel,Orchestra / Orchestra 2,,exact_match,exact_kg_product,08e686ea-20ab-4ea5-ac5e-1878000affbe,siel-orchestra,excluded,,,support=known;visibility=private;monitoring=none,Mapped from gross list in 03A; not previously reconciled.
GL-0492,gross_list_336,Siemens	Sitral Series,Siemens,Sitral Series,,no_kg_match_brand_absent,no_kg_product,,,no_kg_product,,,registry_only:no_kg_row,"Gross-list family with no KG product; cannot be scraped, matched or priced today."
GL-0493,gross_list_336,Siemens	V72 / V74,Siemens,V72 / V74,,no_kg_match_brand_absent,no_kg_product,,,no_kg_product,,,registry_only:no_kg_row,"Gross-list family with no KG product; cannot be scraped, matched or priced today."
GL-0494,gross_list_336,Simmons	SDS-V / SDS-7 / SDS-8,Simmons,SDS-V / SDS-7 / SDS-8,,no_kg_match_brand_absent,no_kg_product,,,no_kg_product,,,registry_only:no_kg_row,"Gross-list family with no KG product; cannot be scraped, matched or priced today."
GL-0495,gross_list_336,Solid State Logic	4000 E / G Series,Solid State Logic,4000 E / G Series,,no_kg_match,no_kg_product,,,no_kg_product,,,registry_only:no_kg_row,"Gross-list family with no KG product; cannot be scraped, matched or priced today."
GL-0496,gross_list_336,Solid State Logic	Bus+,Solid State Logic,Bus+,,no_kg_match,no_kg_product,,,no_kg_product,,,registry_only:no_kg_row,"Gross-list family with no KG product; cannot be scraped, matched or priced today."
GL-0497,gross_list_336,Solid State Logic	Fusion,Solid State Logic,Fusion,,exact_match,exact_kg_product,4429ba1b-383e-4a63-b343-a006360400c9,ssl-fusion,reserve,52,medium,support=reserve;visibility=private;monitoring=none,"NEW from gross list ""Solid State Logic Fusion""."
GL-0498,gross_list_336,Solid State Logic	G-384 / G-Master Bus Compressor,Solid State Logic,G-384 / G-Master Bus Compressor,,no_kg_match,no_kg_product,,,no_kg_product,,,registry_only:no_kg_row,"Gross-list family with no KG product; cannot be scraped, matched or priced today."
GL-0499,gross_list_336,Solid State Logic	Ultraviolet EQ,Solid State Logic,UltraViolet EQ,,exact_match,exact_kg_product,a148372e-6d19-4b0b-91df-47e89e7fb3cc,ssl-ultraviolet-eq,excluded,,,support=known;visibility=private;monitoring=none,Mapped from gross list in 03A; not previously reconciled.
GL-0500,gross_list_336,Solid State Logic	X-Desk / X-Panda,Solid State Logic,X-Desk / X-Panda,,no_kg_match,no_kg_product,,,no_kg_product,,,registry_only:no_kg_row,"Gross-list family with no KG product; cannot be scraped, matched or priced today."
GL-0501,gross_list_336,Sontronics	Aria,Sontronics,Aria,,no_kg_match_brand_absent,no_kg_product,,,no_kg_product,,,registry_only:no_kg_row,"Gross-list family with no KG product; cannot be scraped, matched or priced today."
GL-0502,gross_list_336,Sontronics	Saturn,Sontronics,Saturn,,no_kg_match_brand_absent,no_kg_product,,,no_kg_product,,,registry_only:no_kg_row,"Gross-list family with no KG product; cannot be scraped, matched or priced today."
GL-0503,gross_list_336,Sontronics	Sigma / Delta,Sontronics,Sigma / Delta,,no_kg_match_brand_absent,no_kg_product,,,no_kg_product,,,registry_only:no_kg_row,"Gross-list family with no KG product; cannot be scraped, matched or priced today."
GL-0504,gross_list_336,Sony	C37A,Sony,C37A,,no_kg_match_brand_absent,no_kg_product,,,no_kg_product,,,registry_only:no_kg_row,"Gross-list family with no KG product; cannot be scraped, matched or priced today."
GL-0505,gross_list_336,Sony	C500,Sony,C500,,no_kg_match_brand_absent,no_kg_product,,,no_kg_product,,,registry_only:no_kg_row,"Gross-list family with no KG product; cannot be scraped, matched or priced today."
GL-0506,gross_list_336,Sony	C800 / C800G,Sony,C800 / C800G,,no_kg_match_brand_absent,no_kg_product,,,no_kg_product,,,registry_only:no_kg_row,"Gross-list family with no KG product; cannot be scraped, matched or priced today."
GL-0507,gross_list_336,SPL	Iron,SPL,Iron,,no_kg_match_brand_absent,no_kg_product,,,no_kg_product,,,registry_only:no_kg_row,"Gross-list family with no KG product; cannot be scraped, matched or priced today."
GL-0508,gross_list_336,SPL	Passeq,SPL,Passeq,,no_kg_match_brand_absent,no_kg_product,,,no_kg_product,,,registry_only:no_kg_row,"Gross-list family with no KG product; cannot be scraped, matched or priced today."
GL-0509,gross_list_336,SPL	Transient Designer 4,SPL,Transient Designer 4,,no_kg_match_brand_absent,no_kg_product,,,no_kg_product,,,registry_only:no_kg_row,"Gross-list family with no KG product; cannot be scraped, matched or priced today."
GL-0510,gross_list_336,SPL	Vitalizer MK2-T,SPL,Vitalizer MK2-T,,no_kg_match_brand_absent,no_kg_product,,,no_kg_product,,,registry_only:no_kg_row,"Gross-list family with no KG product; cannot be scraped, matched or priced today."
GL-0511,gross_list_336,Studer	A800,Studer,A800,,no_kg_match_brand_absent,no_kg_product,,,no_kg_product,,,registry_only:no_kg_row,"Gross-list family with no KG product; cannot be scraped, matched or priced today."
GL-0512,gross_list_336,TAB	U73b,TAB,U73b,,no_kg_match_brand_absent,no_kg_product,,,no_kg_product,,,registry_only:no_kg_row,"Gross-list family with no KG product; cannot be scraped, matched or priced today."
GL-0513,gross_list_336,TAB	V72 / V76,TAB,V72 / V76,,no_kg_match_brand_absent,no_kg_product,,,no_kg_product,,,registry_only:no_kg_row,"Gross-list family with no KG product; cannot be scraped, matched or priced today."
GL-0514,gross_list_336,TC Electronic	2290 Digital Delay,TC Electronic,2290 Digital Delay,,no_kg_match,no_kg_product,,,no_kg_product,,,registry_only:no_kg_row,"Gross-list family with no KG product; cannot be scraped, matched or priced today."
GL-0515,gross_list_336,Tegeler Audio Manufaktur	Crème,Tegeler Audio Manufaktur,Crème,,no_kg_match_brand_absent,no_kg_product,,,no_kg_product,,,registry_only:no_kg_row,"Gross-list family with no KG product; cannot be scraped, matched or priced today."
GL-0516,gross_list_336,Tegeler Audio Manufaktur	Magnetismus,Tegeler Audio Manufaktur,Magnetismus,,no_kg_match_brand_absent,no_kg_product,,,no_kg_product,,,registry_only:no_kg_row,"Gross-list family with no KG product; cannot be scraped, matched or priced today."
GL-0517,gross_list_336,Tegeler Audio Manufaktur	Schwerkraftmaschine,Tegeler Audio Manufaktur,Schwerkraftmaschine,,no_kg_match_brand_absent,no_kg_product,,,no_kg_product,,,registry_only:no_kg_row,"Gross-list family with no KG product; cannot be scraped, matched or priced today."
GL-0518,gross_list_336,Tegeler Audio Manufaktur	VTRC,Tegeler Audio Manufaktur,VTRC,,no_kg_match_brand_absent,no_kg_product,,,no_kg_product,,,registry_only:no_kg_row,"Gross-list family with no KG product; cannot be scraped, matched or priced today."
GL-0519,gross_list_336,Telefunken	Ela M 251 / 251E,Telefunken,Ela M 251 / 251E,,no_kg_match_brand_absent,no_kg_product,,,no_kg_product,,,registry_only:no_kg_row,"Gross-list family with no KG product; cannot be scraped, matched or priced today."
GL-0520,gross_list_336,Telefunken	M15 / M15A,Telefunken,M15 / M15A,,no_kg_match_brand_absent,no_kg_product,,,no_kg_product,,,registry_only:no_kg_row,"Gross-list family with no KG product; cannot be scraped, matched or priced today."
GL-0521,gross_list_336,Telefunken	M80 / M81,Telefunken,M80 / M81,,no_kg_match_brand_absent,no_kg_product,,,no_kg_product,,,registry_only:no_kg_row,"Gross-list family with no KG product; cannot be scraped, matched or priced today."
GL-0522,gross_list_336,Telefunken	TF11 / TF51,Telefunken,TF11 / TF51,,no_kg_match_brand_absent,no_kg_product,,,no_kg_product,,,registry_only:no_kg_row,"Gross-list family with no KG product; cannot be scraped, matched or priced today."
GL-0523,gross_list_336,Telefunken	U47 / U48,Telefunken,U47 / U48,,no_kg_match_brand_absent,no_kg_product,,,no_kg_product,,,registry_only:no_kg_row,"Gross-list family with no KG product; cannot be scraped, matched or priced today."
GL-0524,gross_list_336,Telefunken	V72 / V76,Telefunken,V72 / V76,,no_kg_match_brand_absent,no_kg_product,,,no_kg_product,,,registry_only:no_kg_row,"Gross-list family with no KG product; cannot be scraped, matched or priced today."
GL-0525,gross_list_336,Teletronix	LA-2A,Teletronix,LA-2A,,no_kg_match_brand_absent,no_kg_product,,,no_kg_product,,,registry_only:no_kg_row,"Gross-list family with no KG product; cannot be scraped, matched or priced today."
GL-0526,gross_list_336,Thermionic Culture	Culture Vulture / Super Vulture,Thermionic Culture,Culture Vulture / Super Vulture,,no_kg_match_brand_absent,no_kg_product,,,no_kg_product,,,registry_only:no_kg_row,"Gross-list family with no KG product; cannot be scraped, matched or priced today."
GL-0527,gross_list_336,Thermionic Culture	Phoenix / Phoenix HG15,Thermionic Culture,Phoenix / Phoenix HG15,,no_kg_match_brand_absent,no_kg_product,,,no_kg_product,,,registry_only:no_kg_row,"Gross-list family with no KG product; cannot be scraped, matched or priced today."
GL-0528,gross_list_336,Thermionic Culture	Pullet,Thermionic Culture,Pullet,,no_kg_match_brand_absent,no_kg_product,,,no_kg_product,,,registry_only:no_kg_row,"Gross-list family with no KG product; cannot be scraped, matched or priced today."
GL-0529,gross_list_336,Thermionic Culture	Swift,Thermionic Culture,Swift,,no_kg_match_brand_absent,no_kg_product,,,no_kg_product,,,registry_only:no_kg_row,"Gross-list family with no KG product; cannot be scraped, matched or priced today."
GL-0530,gross_list_336,Tube-Tech	CL 1B,Tube-Tech,CL 1B,matchable_canonical_product,duplicate_consolidated,exact_kg_product,85d39c38-0363-494a-a90b-28a57ea83334,tube-tech-cl1b,core,68,medium,support=supported;visibility=private;monitoring=unchanged,"NEW ENTRY from gross list ""Tube-Tech CL 1B""."
GL-0531,gross_list_336,Tube-Tech	CL 1B,Tube-Tech,CL 1B,,duplicate_consolidated,exact_kg_product,2f287821-496e-43f1-a52f-6d92e4280f1b,tube-tech-tube-tech-cl-1b-compressor-new-in-box-warranty,excluded,,,support=known;visibility=private;monitoring=none,Mapped from gross list in 03A; not previously reconciled.
GL-0532,gross_list_336,Tube-Tech	CL 1B,Tube-Tech,CL 1B Mono Opto Compressor 2010s - Blue,,duplicate_consolidated,exact_kg_product,776af8f7-7e6a-42a3-9499-bb570ae229f9,tube-tech-tube-tech-cl-1b-mono-opto-compressor-2010s-blue,excluded,,,support=known;visibility=private;monitoring=none,Mapped from gross list in 03A; not previously reconciled.
GL-0533,gross_list_336,Tube-Tech	CL 1B,Tube-Tech,CL 1B,,duplicate_consolidated,exact_kg_product,9652019b-6db3-42c7-abe7-e591eeb3520a,tube-tech-tube-tech-cl-1b-brand-new-unopened-box,excluded,,,support=known;visibility=private;monitoring=none,Mapped from gross list in 03A; not previously reconciled.
GL-0534,gross_list_336,Tube-Tech	CL 1B,Tube-Tech,CL 1B Single-Channel Optical Tube Compressor – Studio Icon,,duplicate_consolidated,exact_kg_product,98d15800-f379-4acb-9601-cab17d6b4425,tube-tech-tube-tech-cl-1b-single-channel-optical-tube-compressor--studio-icon,excluded,,,support=known;visibility=private;monitoring=none,Mapped from gross list in 03A; not previously reconciled.
GL-0535,gross_list_336,Tube-Tech	CL 1B,Tube-Tech,CL 1B Mono Opto Compressor 2023 - Blue,,duplicate_consolidated,exact_kg_product,baf23afd-4eb1-4902-9d86-883bf190583b,tube-tech-tube-tech-cl-1b-mono-opto-compressor-2023-blue,excluded,,,support=known;visibility=private;monitoring=none,Mapped from gross list in 03A; not previously reconciled.
GL-0536,gross_list_336,Tube-Tech	LCA 2B,Tube-Tech,LCA 2B,matchable_canonical_product,duplicate_consolidated,exact_kg_product,f97c09ec-319d-4cec-9728-d4623d2347fe,tube-tech-lca-2b,core,63,medium,support=supported;visibility=private;monitoring=unchanged,"NEW ENTRY from gross list ""Tube-Tech LCA 2B""."
GL-0537,gross_list_336,Tube-Tech	LCA 2B,Tube-Tech,LCA 2B Stereo Tube VCA Compressor/Limiter (Used),,duplicate_consolidated,exact_kg_product,0a4e82ea-1450-48f9-af4b-ced7e7eb789e,tube-tech-tube-tech-lca-2b-stereo-tube-vca-compressor-limiter-used,excluded,,,support=known;visibility=private;monitoring=none,Mapped from gross list in 03A; not previously reconciled.
GL-0538,gross_list_336,Tube-Tech	LCA 2B,Tube-Tech,LCA 2B,,duplicate_consolidated,exact_kg_product,4ba63bad-692d-4aaa-9694-df78eb0d1c40,tube-tech-tube-tech-lca-2b-stereo-compressor-limiter-green-day-owned-certificate-of-authenticity,excluded,,,support=known;visibility=private;monitoring=none,Mapped from gross list in 03A; not previously reconciled.
GL-0539,gross_list_336,Tube-Tech	LCA 2B,Tube-Tech,LCA 2B Stereo Tube Compressor / Limiter,,duplicate_consolidated,exact_kg_product,923fafc6-cae2-4d3f-9ad4-d1a0559d9373,tube-tech-tube-tech-lca-2b-stereo-tube-compressor-limiter,excluded,,,support=known;visibility=private;monitoring=none,Mapped from gross list in 03A; not previously reconciled.
GL-0540,gross_list_336,Tube-Tech	LCA 2B,Tube-Tech,LCA 2B,,duplicate_consolidated,exact_kg_product,c4e6e8ea-604f-4d2d-a771-275608a46052,tube-tech-tube-tech-lca-2b-dual-channel-tube-vca-compressor-limiter-2010s-blue,excluded,,,support=known;visibility=private;monitoring=none,Mapped from gross list in 03A; not previously reconciled.
GL-0541,gross_list_336,Tube-Tech	LCA 2B,Tube-Tech,LCA 2B,,duplicate_consolidated,exact_kg_product,e348a4f3-8faf-4f30-b5d6-5ecae232cc76,tube-tech-upgraded--modified-tube-tech-lca-2b-dual-channel-tube-vca-compressor-limiter,excluded,,,support=known;visibility=private;monitoring=none,Mapped from gross list in 03A; not previously reconciled.
GL-0542,gross_list_336,Tube-Tech	LCA 2B,Tube-Tech,MEC 1A + MP 2A + LCA 2B Dual Channel Tube VCA Compressor + Rack,,duplicate_consolidated,exact_kg_product,f4a360d2-5e46-4d42-b0a2-05e0f79d26af,tube-tech-tube-tech-mec-1a--mp-2a--lca-2b-dual-channel-tube-vca-compressor--rack,excluded,,,support=known;visibility=private;monitoring=none,Mapped from gross list in 03A; not previously reconciled.
GL-0543,gross_list_336,Tube-Tech	ME 1A,Tube-Tech,ME 1A,,no_kg_match,no_kg_product,,,no_kg_product,,,registry_only:no_kg_row,"Gross-list family with no KG product; cannot be scraped, matched or priced today."
GL-0544,gross_list_336,Tube-Tech	PE 1C,Tube-Tech,PE 1C Program Equalizer #04984,,duplicate_consolidated,exact_kg_product,70f4e5b5-f7fa-4eaa-913e-685f0d21eab2,tube-tech-tube-tech-pe-1c-program-equalizer-04984,excluded,,,support=known;visibility=private;monitoring=none,Mapped from gross list in 03A; not previously reconciled.
GL-0545,gross_list_336,Tube-Tech	PE 1C,Tube-Tech,PE 1C,,duplicate_consolidated,exact_kg_product,c01fa0aa-0639-47c1-b5fa-686d227c0448,tube-tech-tube-tech-pe-1c-program-equalizer--passive-pultec-style-eq-w-push-pull-amplifier,excluded,,,support=known;visibility=private;monitoring=none,Mapped from gross list in 03A; not previously reconciled.
GL-0546,gross_list_336,Tube-Tech	PE 1C,Tube-Tech,PE 1C,,duplicate_consolidated,exact_kg_product,de92e977-cfb1-4c79-984a-ec663430d968,tube-tech-tube-tech-pe-1c-program-equalizer-vintage-1990s,excluded,,,support=known;visibility=private;monitoring=none,Mapped from gross list in 03A; not previously reconciled.
GL-0547,gross_list_336,Tube-Tech	PE 1C,Tube-Tech,PE 1C Program Equalizer 2010s - Blue,,duplicate_consolidated,exact_kg_product,faab1ca0-a7e6-4d85-8c58-7f217c06c347,tube-tech-tube-tech-pe-1c-program-equalizer-2010s-blue,excluded,,,support=known;visibility=private;monitoring=none,Mapped from gross list in 03A; not previously reconciled.
GL-0548,gross_list_336,Tube-Tech	SMC 2B,Tube-Tech,SMC-2B Stereo Multiband Compressor,,variant_split,exact_kg_product,2caa8748-1c1f-458c-a3f8-457b4a75eaf6,tube-tech-tube-tech-smc-2b-stereo-multiband-compressor,excluded,,,support=known;visibility=private;monitoring=none,Mapped from gross list in 03A; not previously reconciled.
GL-0549,gross_list_336,Tube-Tech	SMC 2B,Tube-Tech,SMC 2B Multiband Opto Compressor,,variant_split,exact_kg_product,841ca986-30f4-4c51-8fb9-5ec4a058df67,tube-tech-tube-tech-smc-2b-multiband-opto-compressor,excluded,,,support=known;visibility=private;monitoring=none,Mapped from gross list in 03A; not previously reconciled.
GL-0550,gross_list_336,Tube-Tech	SMC 2B,Tube-Tech,SMC-2B Stereo Multiband Compressor 2010s - Blue,,variant_split,exact_kg_product,c36b2b02-3853-4f48-af12-bb3b65e14cf3,tube-tech-tube-tech-smc-2b-stereo-multiband-compressor-2010s-blue,excluded,,,support=known;visibility=private;monitoring=none,Mapped from gross list in 03A; not previously reconciled.
GL-0551,gross_list_336,Tube-Tech	SMC 2B,Tube-Tech,SMC-2B 2A Stereo Multiband Compressor 2010s - Blue,,variant_split,exact_kg_product,f00d0e98-7fd4-48d7-a1be-667bc6004760,tube-tech-tube-tech-smc-2b-2a-stereo-multiband-compressor-2010s-blue,excluded,,,support=known;visibility=private;monitoring=none,Mapped from gross list in 03A; not previously reconciled.
GL-0552,gross_list_336,Universal Audio	1176LN / 1176SE,Universal Audio,1176LN,matchable_canonical_product,duplicate_consolidated,exact_kg_product,9ece0f3a-f8d9-43dd-8667-d99c78eccac1,ua-1176ln,core,68,medium,support=supported;visibility=private;monitoring=unchanged,"Retained. Gross-list family ""Universal Audio 1176LN / 1176SE""."
GL-0553,gross_list_336,Universal Audio	1176LN / 1176SE,Universal Audio,1176LN / 1176SE,,duplicate_consolidated,exact_kg_product,eabdcc85-8682-4c86-93e6-fd3555bf9e46,ua-urei-and-ua-1176ln-2k-audio-taper-potentiometer,excluded,,,support=known;visibility=private;monitoring=none,Mapped from gross list in 03A; not previously reconciled.
GL-0554,gross_list_336,UREI	LA-3A,UREI,LA-3A,,no_kg_match_brand_absent,no_kg_product,,,no_kg_product,,,registry_only:no_kg_row,"Gross-list family with no KG product; cannot be scraped, matched or priced today."
GL-0555,gross_list_336,Univox	EC-80 / EC-100 Tape Echo,Univox,EC-80 / EC-100 Tape Echo,,no_kg_match_brand_absent,no_kg_product,,,no_kg_product,,,registry_only:no_kg_row,"Gross-list family with no KG product; cannot be scraped, matched or priced today."
GL-0556,gross_list_336,Vako	Orchestron,Vako,Orchestron,,no_kg_match_brand_absent,no_kg_product,,,no_kg_product,,,registry_only:no_kg_row,"Gross-list family with no KG product; cannot be scraped, matched or priced today."
GL-0557,gross_list_336,Watkins / WEM	Copicat,Watkins / WEM,Copicat,,no_kg_match_brand_absent,no_kg_product,,,no_kg_product,,,registry_only:no_kg_row,"Gross-list family with no KG product; cannot be scraped, matched or priced today."
GL-0558,gross_list_336,Welte	Lichtton-Orgel,Welte,Lichtton-Orgel,,no_kg_match_brand_absent,no_kg_product,,,no_kg_product,,,registry_only:no_kg_row,"Gross-list family with no KG product; cannot be scraped, matched or priced today."
GL-0559,gross_list_336,WSW	436512 Limiter,WSW,436512 Limiter,,no_kg_match_brand_absent,no_kg_product,,,no_kg_product,,,registry_only:no_kg_row,"Gross-list family with no KG product; cannot be scraped, matched or priced today."
GL-0560,gross_list_336,WSW	811403 Equalizer,WSW,811403 Equalizer,,no_kg_match_brand_absent,no_kg_product,,,no_kg_product,,,registry_only:no_kg_row,"Gross-list family with no KG product; cannot be scraped, matched or priced today."
GL-0561,gross_list_336,Wurlitzer	112 / 120 / 140B,Wurlitzer,112 / 120 / 140B,,no_kg_match,no_kg_product,,,no_kg_product,,,registry_only:no_kg_row,"Gross-list family with no KG product; cannot be scraped, matched or priced today."
GL-0562,gross_list_336,Wurlitzer	200 / 200A / 204,Wurlitzer,200A,matchable_canonical_product,variant_split,exact_kg_product,a263f97e-4c70-4f54-863c-0e4071e32239,wurlitzer-200a,core,69,medium,support=supported;visibility=private;monitoring=unchanged,"Retained. Gross-list family ""Wurlitzer 200 / 200A / 204""."
GL-0563,gross_list_336,Wurlitzer	200 / 200A / 204,Wurlitzer,200,,variant_split,exact_kg_product,7b2a3a46-76f5-4004-b8b1-a30156e8e83b,wurlitzer-200,incumbent_removed,46,medium,support=reserve;visibility=private;monitoring=none,Unchanged from Prompt 03 (incumbent removal).
GL-0564,gross_list_336,Yamaha	AN1x,Yamaha,AN1x,,exact_match,exact_kg_product,e44d20c4-3124-43b8-b871-c88076aa08fe,yamaha-an1x,excluded,,,support=known;visibility=private;monitoring=none,Mapped from gross list in 03A; not previously reconciled.
GL-0565,gross_list_336,Yamaha	CS-15 / CS-30 / CS-40M,Yamaha,CS-15 / CS-30 / CS-40M,,duplicate_consolidated,exact_kg_product,1fb4ef05-b180-49dd-be94-ca2a1c019271,yamaha-cs-40m,excluded,,,support=known;visibility=private;monitoring=none,Mapped from gross list in 03A; not previously reconciled.
GL-0566,gross_list_336,Yamaha	CS-15 / CS-30 / CS-40M,Yamaha,CS-15 / CS-30 / CS-40M,,duplicate_consolidated,exact_kg_product,32781b2e-2123-4929-9f42-de094331a2bc,yamaha-cs-30,excluded,,,support=known;visibility=private;monitoring=none,Mapped from gross list in 03A; not previously reconciled.
GL-0567,gross_list_336,Yamaha	CS-15 / CS-30 / CS-40M,Yamaha,CS-15 / CS-30 / CS-40M,,duplicate_consolidated,exact_kg_product,53187a50-e36f-482c-b80f-5ea59ab68a06,yamaha-cs-15,excluded,,,support=known;visibility=private;monitoring=none,Mapped from gross list in 03A; not previously reconciled.
GL-0568,gross_list_336,Yamaha	CS-50 / CS-60,Yamaha,CS-50,,duplicate_consolidated,exact_kg_product,3ea0498d-ea56-4603-9d02-e1c44ef50592,yamaha-cs-50,reserve,48,low,support=reserve;visibility=private;monitoring=none,"NEW from gross list ""Yamaha CS-50 / CS-60""."
GL-0569,gross_list_336,Yamaha	CS-50 / CS-60,Yamaha,CS-50 / CS-60,,duplicate_consolidated,exact_kg_product,b2bc6caa-04c9-4a4c-b397-df50e5cf9cf5,yamaha-cs-60,excluded,,,support=known;visibility=private;monitoring=none,Mapped from gross list in 03A; not previously reconciled.
GL-0570,gross_list_336,Yamaha	CS-70M,Yamaha,CS-70M,,exact_match,exact_kg_product,8bded613-1b9a-4574-b07a-36ecd5cccd3f,yamaha-cs-70m,excluded,,,support=known;visibility=private;monitoring=none,Mapped from gross list in 03A; not previously reconciled.
GL-0571,gross_list_336,Yamaha	CS-80,Yamaha,CS-80,,exact_match,exact_kg_product,d8db34ba-b8f8-41c7-9c96-2a2d7b26029a,yamaha-cs-80,excluded,,,support=known;visibility=private;monitoring=none,Mapped from gross list in 03A; not previously reconciled.
GL-0572,gross_list_336,Yamaha	DX1 / DX5,Yamaha,DX1,,duplicate_consolidated,exact_kg_product,124fd52c-640d-4aab-b6e4-7b9069c4fc05,yamaha-dx1,excluded,,,support=known;visibility=private;monitoring=none,Mapped from gross list in 03A; not previously reconciled.
GL-0573,gross_list_336,Yamaha	DX1 / DX5,Yamaha,DX1 / DX5,,duplicate_consolidated,exact_kg_product,2b6c3919-fc9a-4782-a0c7-37be9be7de92,yamaha-dx5,excluded,,,support=known;visibility=private;monitoring=none,Mapped from gross list in 03A; not previously reconciled.
GL-0574,gross_list_336,Yamaha	DX7 / DX7II,Yamaha,DX7,matchable_canonical_product,exact_match,exact_kg_product,f68bc299-4ab7-401d-bef4-81126714eafc,yamaha-dx7,core,65,medium,support=supported;visibility=private;monitoring=unchanged,"Retained, but the DX7/DX7 II combine is REVERSED: they are now separate decisions."
GL-0575,gross_list_336,Yamaha	GX-1,Yamaha,GX-1,,exact_match,exact_kg_product,6d8becaf-4158-4ea8-ae1a-255bb0145509,yamaha-gx-1,excluded,,,support=known;visibility=private;monitoring=none,Mapped from gross list in 03A; not previously reconciled.
GL-0576,gross_list_336,Yamaha	RX5 / RX11,Yamaha,RX5,,exact_match,exact_kg_product,1d78c2d0-114d-4559-843c-261dbfaf0342,yamaha-rx5,excluded,,,support=known;visibility=private;monitoring=none,Mapped from gross list in 03A; not previously reconciled.
GL-0577,gross_list_336,Yamaha	SS30,Yamaha,SS30,,exact_match,exact_kg_product,5af573ba-3234-4057-b03c-a30105cf5c15,yamaha-ss30,excluded,,,support=known;visibility=private;monitoring=none,Mapped from gross list in 03A; not previously reconciled.
GL-0578,gross_list_336,Yamaha	SY77 / SY99,Yamaha,SY77 / SY99,,duplicate_consolidated,exact_kg_product,42cf6ad1-ad2a-430d-9a86-3e6658a05373,yamaha-sy77,excluded,,,support=known;visibility=private;monitoring=none,Mapped from gross list in 03A; not previously reconciled.
GL-0579,gross_list_336,Yamaha	SY77 / SY99,Yamaha,SY99,,duplicate_consolidated,exact_kg_product,ef9bcf64-70cf-4c7a-a210-4918293e4b2a,yamaha-sy99,excluded,,,support=known;visibility=private;monitoring=none,Mapped from gross list in 03A; not previously reconciled.
GL-0580,gross_list_336,Yamaha	TX81Z,Yamaha,TX81Z,,exact_match,exact_kg_product,d339819b-c85b-409a-8076-6a02cda438ff,yamaha-tx81z,excluded,,,support=known;visibility=private;monitoring=none,Mapped from gross list in 03A; not previously reconciled.
GL-0581,gross_list_336,Yamaha	TX816,Yamaha,TX816,,exact_match,exact_kg_product,469e7cf2-37e9-45c5-8400-2473d043fa37,yamaha-tx816,excluded,,,support=known;visibility=private;monitoring=none,Mapped from gross list in 03A; not previously reconciled.
OV-0001,user_authoritative_addition,Fender Stratocaster,Fender,Fender Stratocaster / Fender Stratocaster,navigation_family,overlay_addition,exact_kg_product,f3de125a-453e-460f-bc2f-b50ae7dbffab,fender-stratocaster,navigation_family,,,navigation_only:no_kg_product_row,Navigation only: origin/series/era price bands differ by >3x.
OV-0002,user_authoritative_addition,Fender American Professional II Stratocaster,Fender,Fender Stratocaster / Fender American Professional II Stratocaster,matchable_canonical_product,overlay_addition,missing_from_kg,,,core,63,low,support=supported;visibility=private;monitoring=unchanged,Series named explicitly in title.
OV-0003,user_authoritative_addition,Fender American Ultra Stratocaster,Fender,Fender Stratocaster / Fender American Ultra Stratocaster,matchable_canonical_product,overlay_addition,missing_from_kg,,,reserve,62,low,support=reserve;visibility=private;monitoring=none,Excludes Ultra II unless evidence merges them.
OV-0004,user_authoritative_addition,Fender American Vintage II Stratocaster,Fender,Fender Stratocaster / Fender American Vintage II Stratocaster,matchable_canonical_product,overlay_addition,missing_from_kg,,,reserve,57,low,support=reserve;visibility=private;monitoring=none,"Reissue line, distinct from AVRI."
OV-0005,user_authoritative_addition,Fender Player Stratocaster,Fender,Fender Stratocaster / Fender Player Stratocaster,matchable_canonical_product,overlay_addition,missing_from_kg,,,reserve,62,low,support=reserve;visibility=private;monitoring=none,Player/Player II; MIM.
OV-0006,user_authoritative_addition,Fender MIJ/CIJ Stratocaster,Fender,Fender Stratocaster / Fender MIJ/CIJ Stratocaster,discovery_only,overlay_addition,missing_from_kg,,,discovery_only,50,low,registry_only:not_a_match_target,"DISCOVERY: era/series unresolved (ST-54/57/62, Traditional, Heritage)."
OV-0007,user_authoritative_addition,Squier Classic Vibe Stratocaster,Squier,Fender Stratocaster / Squier Classic Vibe Stratocaster,matchable_canonical_product,overlay_addition,missing_from_kg,,,excluded,49,low,support=known;visibility=private;monitoring=none,Separate sub-brand family; never merges into Fender.
OV-0008,user_authoritative_addition,Fender Telecaster,Fender,Fender Telecaster / Fender Telecaster,navigation_family,overlay_addition,partial_family_multiple_kg_rows,,,navigation_family,,,navigation_only:no_kg_product_row,Navigation only.
OV-0009,user_authoritative_addition,Fender American Standard Telecaster,Fender,Fender Telecaster / Fender American Standard Telecaster,matchable_canonical_product,overlay_addition,missing_from_kg,,,reserve,57,low,support=reserve;visibility=private;monitoring=none,Only where origin+era explicit.
OV-0010,user_authoritative_addition,Fender Telecaster Thinline,Fender,Fender Telecaster / Fender Telecaster Thinline,matchable_canonical_product,overlay_addition,missing_from_kg,,,core,67,low,support=supported;visibility=private;monitoring=unchanged,Semi-hollow; distinct market.
OV-0011,user_authoritative_addition,Fender Telecaster Custom,Fender,Fender Telecaster / Fender Telecaster Custom,matchable_canonical_product,overlay_addition,missing_from_kg,,,core,66,low,support=supported;visibility=private;monitoring=unchanged,Excludes Custom Shop.
OV-0012,user_authoritative_addition,Fender Telecaster Deluxe,Fender,Fender Telecaster / Fender Telecaster Deluxe,matchable_canonical_product,overlay_addition,missing_from_kg,,,reserve,57,low,support=reserve;visibility=private;monitoring=none,Wide-range humbuckers.
OV-0013,user_authoritative_addition,Fender American Vintage '52 Telecaster,Fender,Fender Telecaster / Fender American Vintage '52 Telecaster,matchable_canonical_product,overlay_addition,missing_from_kg,,,core,65,low,support=supported;visibility=private;monitoring=unchanged,1952 reissue line.
OV-0014,user_authoritative_addition,Fender Jazzmaster,Fender,Fender Jazzmaster / Fender Jazzmaster,navigation_family,overlay_addition,partial_family_multiple_kg_rows,,,navigation_family,,,navigation_only:no_kg_product_row,Navigation only.
OV-0015,user_authoritative_addition,Fender American Vintage II Jazzmaster,Fender,Fender Jazzmaster / Fender American Vintage II Jazzmaster,matchable_canonical_product,overlay_addition,missing_from_kg,,,reserve,59,low,support=reserve;visibility=private;monitoring=none,Reissue line.
OV-0016,user_authoritative_addition,Fender Troy Van Leeuwen Jazzmaster,Fender,Fender Jazzmaster / Fender Troy Van Leeuwen Jazzmaster,matchable_canonical_product,overlay_addition,missing_from_kg,,,excluded,49,low,support=known;visibility=private;monitoring=none,Signature; distinct price.
OV-0017,user_authoritative_addition,Squier J Mascis Jazzmaster,Squier,Fender Jazzmaster / Squier J Mascis Jazzmaster,matchable_canonical_product,overlay_addition,missing_from_kg,,,excluded,31,low,support=known;visibility=private;monitoring=none,Squier signature; separate sub-brand.
OV-0018,user_authoritative_addition,Fender Jaguar,Fender,Fender Jaguar / Fender Jaguar,navigation_family,overlay_addition,partial_family_multiple_kg_rows,,,navigation_family,,,navigation_only:no_kg_product_row,Navigation only.
OV-0019,user_authoritative_addition,Fender Kurt Cobain Jaguar,Fender,Fender Jaguar / Fender Kurt Cobain Jaguar,matchable_canonical_product,overlay_addition,missing_from_kg,,,reserve,50,low,support=reserve;visibility=private;monitoring=none,Signature; distinct price.
OV-0020,user_authoritative_addition,Fender Johnny Marr Jaguar,Fender,Fender Jaguar / Fender Johnny Marr Jaguar,matchable_canonical_product,overlay_addition,exact_kg_product,7a4cc0ae-f51c-4468-ab1d-525b0ea578be,fender-johnny-marr-jaguar,reserve,63,low,support=reserve;visibility=private;monitoring=none,Signature; distinct price.
OV-0021,user_authoritative_addition,Gibson Les Paul,Gibson,Gibson Les Paul / Gibson Les Paul,navigation_family,overlay_addition,partial_family_multiple_kg_rows,,,navigation_family,,,navigation_only:no_kg_product_row,Navigation only; Epiphone hard-blocked.
OV-0022,user_authoritative_addition,Gibson Les Paul Standard '50s,Gibson,Gibson Les Paul / Gibson Les Paul Standard '50s,matchable_canonical_product,overlay_addition,missing_from_kg,,,core,73,low,support=supported;visibility=private;monitoring=unchanged,Distinct from 60s neck profile market.
OV-0023,user_authoritative_addition,Gibson Les Paul Standard '60s,Gibson,Gibson Les Paul / Gibson Les Paul Standard '60s,matchable_canonical_product,overlay_addition,missing_from_kg,,,core,76,low,support=supported;visibility=private;monitoring=unchanged,Distinct from 50s.
OV-0024,user_authoritative_addition,Gibson Les Paul Custom,Gibson,Gibson Les Paul / Gibson Les Paul Custom,matchable_canonical_product,overlay_addition,exact_kg_product,652e8f4b-b789-442c-84cb-97eb6ccdec71,gibson-les-paul-custom,core,81,low,support=supported;visibility=private;monitoring=unchanged,Excludes Custom Shop reissues.
OV-0025,user_authoritative_addition,Gibson Les Paul Studio,Gibson,Gibson Les Paul / Gibson Les Paul Studio,matchable_canonical_product,overlay_addition,missing_from_kg,,,core,73,low,support=supported;visibility=private;monitoring=unchanged,Lower tier.
OV-0026,user_authoritative_addition,Gibson Les Paul Junior,Gibson,Gibson Les Paul / Gibson Les Paul Junior,matchable_canonical_product,overlay_addition,missing_from_kg,,,reserve,68,low,support=reserve;visibility=private;monitoring=none,Single-pickup.
OV-0027,user_authoritative_addition,Gibson Les Paul Special,Gibson,Gibson Les Paul / Gibson Les Paul Special,matchable_canonical_product,overlay_addition,missing_from_kg,,,core,71,low,support=supported;visibility=private;monitoring=unchanged,P-90 tier.
OV-0028,user_authoritative_addition,Gibson Custom Shop Les Paul R7,Gibson,Gibson Les Paul / Gibson Custom Shop Les Paul R7,matchable_canonical_product,overlay_addition,missing_from_kg,,,reserve,58,low,support=reserve;visibility=private;monitoring=none,Custom Shop 1957 reissue.
OV-0029,user_authoritative_addition,Gibson Custom Shop Les Paul R8,Gibson,Gibson Les Paul / Gibson Custom Shop Les Paul R8,matchable_canonical_product,overlay_addition,missing_from_kg,,,reserve,59,low,support=reserve;visibility=private;monitoring=none,Custom Shop 1958 reissue.
OV-0030,user_authoritative_addition,Gibson Custom Shop Les Paul R9,Gibson,Gibson Les Paul / Gibson Custom Shop Les Paul R9,matchable_canonical_product,overlay_addition,missing_from_kg,,,reserve,67,low,support=reserve;visibility=private;monitoring=none,Custom Shop 1959 reissue; highest value.
OV-0031,user_authoritative_addition,Gibson Custom Shop Les Paul R0,Gibson,Gibson Les Paul / Gibson Custom Shop Les Paul R0,matchable_canonical_product,overlay_addition,missing_from_kg,,,reserve,59,low,support=reserve;visibility=private;monitoring=none,Custom Shop 1960 reissue.
OV-0032,user_authoritative_addition,Gibson ES family,Gibson,Gibson ES / Gibson ES family,navigation_family,overlay_addition,exact_kg_product,c716d85e-a9b1-4ccf-b96c-387589a73d49,gibson-es-335,navigation_family,,,navigation_only:no_kg_product_row,Navigation only; never merge on the token 335.
OV-0033,user_authoritative_addition,Gibson ES-335 Dot,Gibson,Gibson ES / Gibson ES-335 Dot,matchable_canonical_product,overlay_addition,missing_from_kg,,,core,70,low,support=supported;visibility=private;monitoring=unchanged,Dot inlay.
OV-0034,user_authoritative_addition,Gibson ES-335 Block,Gibson,Gibson ES / Gibson ES-335 Block,matchable_canonical_product,overlay_addition,missing_from_kg,,,reserve,53,low,support=reserve;visibility=private;monitoring=none,Block inlay; distinct era/value.
OV-0035,user_authoritative_addition,Gibson ES-345,Gibson,Gibson ES / Gibson ES-345,matchable_canonical_product,overlay_addition,missing_from_kg,,,reserve,54,low,support=reserve;visibility=private;monitoring=none,Stereo/Varitone.
OV-0036,user_authoritative_addition,Gibson ES-355,Gibson,Gibson ES / Gibson ES-355,matchable_canonical_product,overlay_addition,missing_from_kg,,,excluded,48,low,support=known;visibility=private;monitoring=none,Top of line.
OV-0037,user_authoritative_addition,Gibson ES-330,Gibson,Gibson ES / Gibson ES-330,matchable_canonical_product,overlay_addition,missing_from_kg,,,excluded,42,low,support=known;visibility=private;monitoring=none,"Fully hollow, P-90."
OV-0038,user_authoritative_addition,Gibson SG,Gibson,Gibson SG / Gibson SG,navigation_family,overlay_addition,partial_family_multiple_kg_rows,,,navigation_family,,,navigation_only:no_kg_product_row,Navigation only.
OV-0039,user_authoritative_addition,Gibson SG Standard,Gibson,Gibson SG / Gibson SG Standard,matchable_canonical_product,overlay_addition,exact_kg_product,3c46b0b4-e927-4938-8ff1-87a4b18aed0e,gibson-sg-standard-large-guard-with-maestro-vibrola,core,62,low,support=supported;visibility=private;monitoring=unchanged,Core model.
OV-0040,user_authoritative_addition,Gibson SG 61 Reissue,Gibson,Gibson SG / Gibson SG 61 Reissue,matchable_canonical_product,overlay_addition,missing_from_kg,,,excluded,37,low,support=known;visibility=private;monitoring=none,Reissue line.
OV-0041,user_authoritative_addition,Gibson SG Special,Gibson,Gibson SG / Gibson SG Special,matchable_canonical_product,overlay_addition,exact_kg_product,68a23f09-bd30-473e-ac3e-ecfc2c8e3725,gibson-sg-special,reserve,65,medium,support=reserve;visibility=private;monitoring=none,P-90 tier.
OV-0042,user_authoritative_addition,Ibanez JEM7V,Ibanez,Ibanez JEM / Ibanez JEM7V,matchable_canonical_product,overlay_addition,missing_from_kg,,,excluded,23,low,support=known;visibility=private;monitoring=none,"Vai signature, premium tier."
OV-0043,user_authoritative_addition,Ibanez JEM777,Ibanez,Ibanez JEM / Ibanez JEM777,matchable_canonical_product,overlay_addition,missing_from_kg,,,excluded,23,low,support=known;visibility=private;monitoring=none,Original 1987 tier.
OV-0044,user_authoritative_addition,Ibanez JEMJR,Ibanez,Ibanez JEM / Ibanez JEMJR,matchable_canonical_product,overlay_addition,missing_from_kg,,,excluded,23,low,support=known;visibility=private;monitoring=none,Budget tier; must not merge with 7V/777.
OV-0045,user_authoritative_addition,Ibanez PIA,Ibanez,Ibanez PIA / Ibanez PIA,discovery_only,overlay_addition,missing_from_kg,,,discovery_only,17,low,registry_only:not_a_match_target,DISCOVERY: exact PIA model numbers unresolved.
OV-0046,user_authoritative_addition,Ibanez RG Series,Ibanez,Ibanez RG / Ibanez RG Series,navigation_family,overlay_addition,missing_from_kg,,,navigation_family,,,navigation_only:no_kg_product_row,Navigation only; RG Series is not a product.
OV-0047,user_authoritative_addition,Ibanez RG550 Genesis,Ibanez,Ibanez RG / Ibanez RG550 Genesis,matchable_canonical_product,overlay_addition,missing_from_kg,,,excluded,36,low,support=known;visibility=private;monitoring=none,Genesis reissue.
OV-0048,user_authoritative_addition,Ibanez RG421,Ibanez,Ibanez RG / Ibanez RG421,matchable_canonical_product,overlay_addition,missing_from_kg,,,excluded,23,low,support=known;visibility=private;monitoring=none,Entry tier.
OV-0049,user_authoritative_addition,Ibanez RG Prestige (named models),Ibanez,Ibanez RG / Ibanez RG Prestige (named models),discovery_only,overlay_addition,missing_from_kg,,,discovery_only,17,low,registry_only:not_a_match_target,DISCOVERY: exact Prestige model numbers unresolved.
OV-0050,user_authoritative_addition,PRS Custom 24,PRS,PRS Core / PRS Custom 24,matchable_canonical_product,overlay_addition,missing_from_kg,,,reserve,54,low,support=reserve;visibility=private;monitoring=none,Core model.
OV-0051,user_authoritative_addition,PRS Custom 22,PRS,PRS Core / PRS Custom 22,matchable_canonical_product,overlay_addition,missing_from_kg,,,excluded,36,low,support=known;visibility=private;monitoring=none,Core model.
OV-0052,user_authoritative_addition,PRS McCarty 594,PRS,PRS Core / PRS McCarty 594,matchable_canonical_product,overlay_addition,missing_from_kg,,,excluded,36,low,support=known;visibility=private;monitoring=none,594 scale.
OV-0053,user_authoritative_addition,PRS Silver Sky,PRS,PRS Core / PRS Silver Sky,matchable_canonical_product,overlay_addition,missing_from_kg,,,excluded,35,low,support=known;visibility=private;monitoring=none,Mayer signature.
OV-0054,user_authoritative_addition,PRS SE Series,PRS,PRS SE / PRS SE Series,navigation_family,overlay_addition,missing_from_kg,,,navigation_family,,,navigation_only:no_kg_product_row,Navigation only; SE Series is not a product.
OV-0055,user_authoritative_addition,Rickenbacker 330,Rickenbacker,Rickenbacker Electric / Rickenbacker 330,matchable_canonical_product,overlay_addition,missing_from_kg,,,excluded,38,low,support=known;visibility=private;monitoring=none,Distinct from 360.
OV-0056,user_authoritative_addition,Rickenbacker 360,Rickenbacker,Rickenbacker Electric / Rickenbacker 360,matchable_canonical_product,overlay_addition,missing_from_kg,,,excluded,38,low,support=known;visibility=private;monitoring=none,6-string.
OV-0057,user_authoritative_addition,Rickenbacker 360/12,Rickenbacker,Rickenbacker Electric / Rickenbacker 360/12,matchable_canonical_product,overlay_addition,missing_from_kg,,,excluded,40,low,support=known;visibility=private;monitoring=none,12-string; separate market.
OV-0058,user_authoritative_addition,Gretsch G6120 Chet Atkins,Gretsch,Gretsch Electric / Gretsch G6120 Chet Atkins,matchable_canonical_product,overlay_addition,missing_from_kg,,,excluded,38,low,support=known;visibility=private;monitoring=none,Pro-line tier.
OV-0059,user_authoritative_addition,Gretsch G6136 White Falcon,Gretsch,Gretsch Electric / Gretsch G6136 White Falcon,matchable_canonical_product,overlay_addition,missing_from_kg,,,excluded,37,low,support=known;visibility=private;monitoring=none,Flagship tier.
OV-0060,user_authoritative_addition,Gretsch G5420T Electromatic,Gretsch,Gretsch Electric / Gretsch G5420T Electromatic,matchable_canonical_product,overlay_addition,missing_from_kg,,,excluded,30,low,support=known;visibility=private;monitoring=none,Budget tier; must not merge with 6120.
OV-0061,user_authoritative_addition,Fender Precision Bass,Fender,Fender Precision Bass / Fender Precision Bass,navigation_family,overlay_addition,partial_family_multiple_kg_rows,,,navigation_family,,,navigation_only:no_kg_product_row,Navigation only.
OV-0062,user_authoritative_addition,Fender American Standard Precision Bass,Fender,Fender Precision Bass / Fender American Standard Precision Bass,matchable_canonical_product,overlay_addition,missing_from_kg,,,reserve,51,low,support=reserve;visibility=private;monitoring=none,Origin+era explicit only.
OV-0063,user_authoritative_addition,Fender Precision Bass '51 Reissue,Fender,Fender Precision Bass / Fender Precision Bass '51 Reissue,matchable_canonical_product,overlay_addition,exact_kg_product,1e1736c7-e757-4564-a6ac-c7d145292414,fender-fender-japan-51-reissue-precision-legacy-bass-1996-97,excluded,23,low,support=known;visibility=private;monitoring=none,Single-coil reissue.
OV-0064,user_authoritative_addition,Fender Precision Bass '57 Reissue,Fender,Fender Precision Bass / Fender Precision Bass '57 Reissue,matchable_canonical_product,overlay_addition,missing_from_kg,,,excluded,35,low,support=known;visibility=private;monitoring=none,Split-coil reissue.
OV-0065,user_authoritative_addition,Fender Jazz Bass,Fender,Fender Jazz Bass / Fender Jazz Bass,navigation_family,overlay_addition,partial_family_multiple_kg_rows,,,navigation_family,,,navigation_only:no_kg_product_row,"Navigation only; pickup spacing is an attribute, not a product."
OV-0066,user_authoritative_addition,Fender American Standard Jazz Bass,Fender,Fender Jazz Bass / Fender American Standard Jazz Bass,matchable_canonical_product,overlay_addition,missing_from_kg,,,reserve,61,low,support=reserve;visibility=private;monitoring=none,Explicit series/era only.
OV-0067,user_authoritative_addition,Yamaha BB1200,Yamaha,Yamaha BB / Yamaha BB1200,matchable_canonical_product,overlay_addition,missing_from_kg,,,excluded,34,low,support=known;visibility=private;monitoring=none,Vintage Japan tier.
OV-0068,user_authoritative_addition,Yamaha BB2000,Yamaha,Yamaha BB / Yamaha BB2000,matchable_canonical_product,overlay_addition,missing_from_kg,,,excluded,34,low,support=known;visibility=private;monitoring=none,Vintage Japan tier.
OV-0069,user_authoritative_addition,Yamaha BB3000,Yamaha,Yamaha BB / Yamaha BB3000,matchable_canonical_product,overlay_addition,missing_from_kg,,,excluded,48,low,support=known;visibility=private;monitoring=none,Vintage Japan top tier.
OV-0070,user_authoritative_addition,Yamaha BB434,Yamaha,Yamaha BB / Yamaha BB434,matchable_canonical_product,overlay_addition,missing_from_kg,,,excluded,29,low,support=known;visibility=private;monitoring=none,Current budget tier.
OV-0071,user_authoritative_addition,Yamaha BB734A,Yamaha,Yamaha BB / Yamaha BB734A,matchable_canonical_product,overlay_addition,missing_from_kg,,,excluded,29,low,support=known;visibility=private;monitoring=none,Current mid tier.
OV-0072,user_authoritative_addition,Yamaha BBP34,Yamaha,Yamaha BB / Yamaha BBP34,matchable_canonical_product,overlay_addition,missing_from_kg,,,excluded,31,low,support=known;visibility=private;monitoring=none,Pro Japan tier.
OV-0073,user_authoritative_addition,Höfner 500/1 German Reissue,Höfner,Höfner 500/1 / Höfner 500/1 German Reissue,matchable_canonical_product,overlay_addition,missing_from_kg,,,excluded,39,low,support=known;visibility=private;monitoring=none,German-made; top tier.
OV-0074,user_authoritative_addition,Höfner Contemporary H500/1,Höfner,Höfner 500/1 / Höfner Contemporary H500/1,matchable_canonical_product,overlay_addition,missing_from_kg,,,excluded,30,low,support=known;visibility=private;monitoring=none,Chinese-made mid tier.
OV-0075,user_authoritative_addition,Höfner Ignition HI-BB,Höfner,Höfner 500/1 / Höfner Ignition HI-BB,matchable_canonical_product,overlay_addition,missing_from_kg,,,excluded,28,low,support=known;visibility=private;monitoring=none,Entry tier; must not merge with German.
OV-0076,user_authoritative_addition,Music Man StingRay (USA),Music Man,Music Man StingRay / Music Man StingRay (USA),matchable_canonical_product,overlay_addition,missing_from_kg,,,excluded,36,low,support=known;visibility=private;monitoring=none,USA/current; title evidence permitting.
OV-0077,user_authoritative_addition,Music Man Pre-Ernie Ball StingRay,Music Man,Music Man StingRay / Music Man Pre-Ernie Ball StingRay,discovery_only,overlay_addition,missing_from_kg,,,discovery_only,22,low,registry_only:not_a_match_target,DISCOVERY: pre-EB identification unreliable in titles.
OV-0078,user_authoritative_addition,Sterling by Music Man,Sterling,Music Man StingRay / Sterling by Music Man,matchable_canonical_product,overlay_addition,missing_from_kg,,,excluded,28,low,support=known;visibility=private;monitoring=none,Separate sub-brand; excluded from StingRay page.
OV-0079,user_authoritative_addition,Rickenbacker 4001,Rickenbacker,Rickenbacker Bass / Rickenbacker 4001,matchable_canonical_product,overlay_addition,missing_from_kg,,,excluded,39,low,support=known;visibility=private;monitoring=none,Vintage; distinct from 4003.
OV-0080,user_authoritative_addition,Rickenbacker 4003,Rickenbacker,Rickenbacker Bass / Rickenbacker 4003,matchable_canonical_product,overlay_addition,missing_from_kg,,,reserve,51,low,support=reserve;visibility=private;monitoring=none,Current; distinct from 4001.
OV-0081,user_authoritative_addition,Martin D-28,Martin,Martin Dreadnought / Martin D-28,matchable_canonical_product,overlay_addition,exact_kg_product,ee08ba0c-435a-451b-93f6-75b4d3287603,martin-d-28,core,70,medium,support=supported;visibility=private;monitoring=unchanged,Excludes HD-28.
OV-0082,user_authoritative_addition,Martin HD-28,Martin,Martin Dreadnought / Martin HD-28,matchable_canonical_product,overlay_addition,missing_from_kg,,,excluded,37,low,support=known;visibility=private;monitoring=none,Herringbone; distinct price.
OV-0083,user_authoritative_addition,Martin D-18,Martin,Martin Dreadnought / Martin D-18,matchable_canonical_product,overlay_addition,missing_from_kg,,,excluded,38,low,support=known;visibility=private;monitoring=none,Mahogany.
OV-0084,user_authoritative_addition,Martin 0-18,Martin,Martin Small Body / Martin 0-18,matchable_canonical_product,overlay_addition,missing_from_kg,,,excluded,34,low,support=known;visibility=private;monitoring=none,"Exact model, not ""0 Series""."
OV-0085,user_authoritative_addition,Martin 00-18,Martin,Martin Small Body / Martin 00-18,matchable_canonical_product,overlay_addition,missing_from_kg,,,excluded,34,low,support=known;visibility=private;monitoring=none,Exact model.
OV-0086,user_authoritative_addition,Martin 000-18,Martin,Martin Small Body / Martin 000-18,matchable_canonical_product,overlay_addition,missing_from_kg,,,excluded,35,low,support=known;visibility=private;monitoring=none,Exact model.
OV-0087,user_authoritative_addition,Martin 000-28,Martin,Martin Small Body / Martin 000-28,matchable_canonical_product,overlay_addition,missing_from_kg,,,reserve,50,low,support=reserve;visibility=private;monitoring=none,Exact model.
OV-0088,user_authoritative_addition,Martin OM-28,Martin,Martin Small Body / Martin OM-28,matchable_canonical_product,overlay_addition,missing_from_kg,,,excluded,36,low,support=known;visibility=private;monitoring=none,Orchestra model.
OV-0089,user_authoritative_addition,Gibson J-45,Gibson,Gibson Acoustic / Gibson J-45,matchable_canonical_product,overlay_addition,partial_family_multiple_kg_rows,22325142-9c6a-47d8-809f-b9a5913355cd,gibson-j-45,core,75,low,support=supported;visibility=private;monitoring=unchanged,Reference slope-shoulder.
OV-0090,user_authoritative_addition,Gibson Hummingbird,Gibson,Gibson Acoustic / Gibson Hummingbird,matchable_canonical_product,overlay_addition,partial_family_multiple_kg_rows,c857b33b-9d55-4fc2-b8ff-150c41017a9f,gibson-hummingbird,core,76,low,support=supported;visibility=private;monitoring=unchanged,Square-shoulder.
OV-0091,user_authoritative_addition,Gibson L-00,Gibson,Gibson Acoustic / Gibson L-00,matchable_canonical_product,overlay_addition,partial_family_multiple_kg_rows,,,reserve,65,low,support=reserve;visibility=private;monitoring=none,Small body blues.
OV-0092,user_authoritative_addition,Taylor 314ce,Taylor,Taylor Acoustic / Taylor 314ce,matchable_canonical_product,overlay_addition,missing_from_kg,,,excluded,33,low,support=known;visibility=private;monitoring=none,Grand Auditorium.
OV-0093,user_authoritative_addition,Taylor GS Mini,Taylor,Taylor Acoustic / Taylor GS Mini,matchable_canonical_product,overlay_addition,missing_from_kg,,,excluded,30,low,support=known;visibility=private;monitoring=none,Travel size; distinct market.
OV-0094,user_authoritative_addition,Korg SDD-3000 (rackmount),Korg,Korg SDD-3000 / Korg SDD-3000 (rackmount),matchable_canonical_product,overlay_addition,missing_from_kg,,,excluded,48,low,support=known;visibility=private;monitoring=none,Rack unit; vintage.
OV-0095,user_authoritative_addition,Korg SDD-3000 Pedal,Korg,Korg SDD-3000 / Korg SDD-3000 Pedal,matchable_canonical_product,overlay_addition,missing_from_kg,,,excluded,32,low,support=known;visibility=private;monitoring=none,Modern pedal; separate product.
OV-0096,user_authoritative_addition,Boss PH-1,Boss,Boss Phaser / Boss PH-1,matchable_canonical_product,overlay_addition,missing_from_kg,,,excluded,43,low,support=known;visibility=private;monitoring=none,Vintage phaser.
OV-0097,user_authoritative_addition,Boss PH-1R,Boss,Boss Phaser / Boss PH-1R,matchable_canonical_product,overlay_addition,missing_from_kg,,,excluded,36,low,support=known;visibility=private;monitoring=none,Vintage variant.
OV-0098,user_authoritative_addition,Boss PH-3,Boss,Boss Phaser / Boss PH-3,matchable_canonical_product,overlay_addition,partial_family_multiple_kg_rows,,,reserve,56,low,support=reserve;visibility=private;monitoring=none,Current phaser.
OV-0099,user_authoritative_addition,Boss CE-2,Boss,Boss Chorus / Boss CE-2,matchable_canonical_product,overlay_addition,missing_from_kg,,,excluded,47,low,support=known;visibility=private;monitoring=none,Vintage chorus.
OV-0100,user_authoritative_addition,Boss CE-2W,Boss,Boss Chorus / Boss CE-2W,matchable_canonical_product,overlay_addition,missing_from_kg,,,excluded,31,low,support=known;visibility=private;monitoring=none,Waza Craft reissue.
OV-0101,user_authoritative_addition,Boss DS-1,Boss,Boss Drive / Boss DS-1,matchable_canonical_product,overlay_addition,partial_family_multiple_kg_rows,,,reserve,55,low,support=reserve;visibility=private;monitoring=none,Distortion.
OV-0102,user_authoritative_addition,Boss SD-1,Boss,Boss Drive / Boss SD-1,matchable_canonical_product,overlay_addition,missing_from_kg,,,excluded,44,low,support=known;visibility=private;monitoring=none,Super Overdrive.
OV-0103,user_authoritative_addition,EHX Deluxe Memory Man (vintage MN3005),Electro-Harmonix,EHX Deluxe Memory Man / EHX Deluxe Memory Man (vintage MN3005),matchable_canonical_product,overlay_addition,missing_from_kg,,,excluded,37,low,support=known;visibility=private;monitoring=none,Vintage big-box; highest value.
OV-0104,user_authoritative_addition,EHX Deluxe Memory Man XO,Electro-Harmonix,EHX Deluxe Memory Man / EHX Deluxe Memory Man XO,matchable_canonical_product,overlay_addition,missing_from_kg,,,excluded,30,low,support=known;visibility=private;monitoring=none,XO reissue.
OV-0105,user_authoritative_addition,EHX Deluxe Memory Man 550-TT,Electro-Harmonix,EHX Deluxe Memory Man / EHX Deluxe Memory Man 550-TT,matchable_canonical_product,overlay_addition,missing_from_kg,,,excluded,30,low,support=known;visibility=private;monitoring=none,Tap tempo 550ms.
OV-0106,user_authoritative_addition,EHX Deluxe Memory Man 1100-TT,Electro-Harmonix,EHX Deluxe Memory Man / EHX Deluxe Memory Man 1100-TT,matchable_canonical_product,overlay_addition,missing_from_kg,,,excluded,30,low,support=known;visibility=private;monitoring=none,Tap tempo 1100ms.
OV-0107,user_authoritative_addition,EHX Memory Man Nano,Electro-Harmonix,EHX Deluxe Memory Man / EHX Memory Man Nano,matchable_canonical_product,overlay_addition,missing_from_kg,,,excluded,28,low,support=known;visibility=private;monitoring=none,Nano format.
OV-0108,user_authoritative_addition,Tokai Springy Sound,Tokai,Tokai Vintage / Tokai Springy Sound,matchable_canonical_product,overlay_addition,missing_from_kg,,,excluded,46,low,support=known;visibility=private;monitoring=none,Strat-type lawsuit era.
OV-0109,user_authoritative_addition,Tokai Breezy Sound,Tokai,Tokai Vintage / Tokai Breezy Sound,matchable_canonical_product,overlay_addition,missing_from_kg,,,excluded,33,low,support=known;visibility=private;monitoring=none,Tele-type lawsuit era.
OV-0110,user_authoritative_addition,Tokai Love Rock,Tokai,Tokai Vintage / Tokai Love Rock,matchable_canonical_product,overlay_addition,missing_from_kg,,,excluded,34,low,support=known;visibility=private;monitoring=none,LP-type.
OV-0111,user_authoritative_addition,Tokai ES models,Tokai,Tokai Vintage / Tokai ES models,discovery_only,overlay_addition,missing_from_kg,,,discovery_only,17,low,registry_only:not_a_match_target,DISCOVERY: exact ES model numbers unresolved.
OV-0112,user_authoritative_addition,Greco Spacey Sound,Greco,Greco Vintage / Greco Spacey Sound,matchable_canonical_product,overlay_addition,missing_from_kg,,,excluded,33,low,support=known;visibility=private;monitoring=none,Tele-type.
OV-0113,user_authoritative_addition,Greco Super Real,Greco,Greco Vintage / Greco Super Real,matchable_canonical_product,overlay_addition,missing_from_kg,,,excluded,32,low,support=known;visibility=private;monitoring=none,Series designation.
OV-0114,user_authoritative_addition,Greco Mint Collection,Greco,Greco Vintage / Greco Mint Collection,matchable_canonical_product,overlay_addition,missing_from_kg,,,excluded,30,low,support=known;visibility=private;monitoring=none,Series designation.
OV-0115,user_authoritative_addition,Greco SA models,Greco,Greco Vintage / Greco SA models,discovery_only,overlay_addition,missing_from_kg,,,discovery_only,17,low,registry_only:not_a_match_target,DISCOVERY: exact SA model numbers unresolved.
OV-0116,user_authoritative_addition,Burny Super Grade,Burny,Burny Vintage / Burny Super Grade,matchable_canonical_product,overlay_addition,missing_from_kg,,,excluded,32,low,support=known;visibility=private;monitoring=none,LP-type Super Grade.
OV-0117,user_authoritative_addition,Fernandes The Function,Fernandes,Fernandes Vintage / Fernandes The Function,matchable_canonical_product,overlay_addition,missing_from_kg,,,excluded,28,low,support=known;visibility=private;monitoring=none,Named series.
OV-0118,user_authoritative_addition,Fernandes Revival Series,Fernandes,Fernandes Vintage / Fernandes Revival Series,discovery_only,overlay_addition,missing_from_kg,,,discovery_only,17,low,registry_only:not_a_match_target,DISCOVERY: exact Revival models unresolved.
OV-0119,user_authoritative_addition,Nash S-Model,Nash,Nash Guitars / Nash S-Model,matchable_canonical_product,overlay_addition,missing_from_kg,,,excluded,30,low,support=known;visibility=private;monitoring=none,Relic S-type.
OV-0120,user_authoritative_addition,Nash T-Model,Nash,Nash Guitars / Nash T-Model,matchable_canonical_product,overlay_addition,missing_from_kg,,,excluded,30,low,support=known;visibility=private;monitoring=none,Relic T-type.
OV-0121,user_authoritative_addition,Nash J-Model,Nash,Nash Guitars / Nash J-Model,matchable_canonical_product,overlay_addition,missing_from_kg,,,excluded,30,low,support=known;visibility=private;monitoring=none,Relic J-Bass type.
OV-0122,user_authoritative_addition,Nash PB-Model,Nash,Nash Guitars / Nash PB-Model,matchable_canonical_product,overlay_addition,missing_from_kg,,,excluded,30,low,support=known;visibility=private;monitoring=none,Relic P-Bass type.
OV-0123,user_authoritative_addition,Suhr Classic S,Suhr,Suhr Guitars / Suhr Classic S,matchable_canonical_product,overlay_addition,missing_from_kg,,,excluded,32,low,support=known;visibility=private;monitoring=none,S-type boutique.
OV-0124,user_authoritative_addition,Suhr Classic T,Suhr,Suhr Guitars / Suhr Classic T,matchable_canonical_product,overlay_addition,missing_from_kg,,,excluded,32,low,support=known;visibility=private;monitoring=none,T-type boutique.
OV-0125,user_authoritative_addition,Heritage H-150,Heritage,Heritage Guitars / Heritage H-150,matchable_canonical_product,overlay_addition,missing_from_kg,,,excluded,32,low,support=known;visibility=private;monitoring=none,LP-type.
OV-0126,user_authoritative_addition,Heritage H-535,Heritage,Heritage Guitars / Heritage H-535,matchable_canonical_product,overlay_addition,missing_from_kg,,,excluded,32,low,support=known;visibility=private;monitoring=none,335-type.
OV-0127,user_authoritative_addition,Eastman SB59,Eastman,Eastman Guitars / Eastman SB59,matchable_canonical_product,overlay_addition,missing_from_kg,,,excluded,31,low,support=known;visibility=private;monitoring=none,LP-type.
OV-0128,user_authoritative_addition,Eastman AR models,Eastman,Eastman Guitars / Eastman AR models,discovery_only,overlay_addition,missing_from_kg,,,discovery_only,17,low,registry_only:not_a_match_target,DISCOVERY: exact AR model numbers unresolved.
OV-0129,user_authoritative_addition,Takamine F-360S,Takamine,Takamine Vintage / Takamine F-360S,matchable_canonical_product,overlay_addition,missing_from_kg,,,excluded,30,low,support=known;visibility=private;monitoring=none,Lawsuit-era; year evidence required.
OV-0130,user_authoritative_addition,Hansen (brand discovery),Hansen,Hansen / Hansen (brand discovery),discovery_only,overlay_addition,missing_from_kg,,,discovery_only,17,low,registry_only:not_a_match_target,DISCOVERY: no product/model identity established.
OV-0131,assistant_obvious_challenger,Fender Mustang,Fender,Fender Mustang / Fender Mustang,matchable_canonical_product,overlay_addition,exact_kg_product,83ef96d8-49a1-46c4-aca3-d910025be38e,fender-fender-fender-player-ii-mustang-pj-bass-coral-red,excluded,48,low,support=known;visibility=private;monitoring=none,Short scale; excludes Mustang Bass.
OV-0132,assistant_obvious_challenger,Gibson Firebird,Gibson,Gibson Firebird / Gibson Firebird,matchable_canonical_product,overlay_addition,missing_from_kg,,,excluded,45,low,support=known;visibility=private;monitoring=none,Distinct body.
OV-0133,assistant_obvious_challenger,Gibson Explorer,Gibson,Gibson Explorer / Gibson Explorer,matchable_canonical_product,overlay_addition,missing_from_kg,,,excluded,40,low,support=known;visibility=private;monitoring=none,Distinct body.
OV-0134,assistant_obvious_challenger,Gibson Flying V,Gibson,Gibson Flying V / Gibson Flying V,matchable_canonical_product,overlay_addition,missing_from_kg,,,excluded,48,low,support=known;visibility=private;monitoring=none,Distinct body.
OV-0135,assistant_obvious_challenger,Epiphone Casino,Epiphone,Epiphone Casino / Epiphone Casino,matchable_canonical_product,overlay_addition,missing_from_kg,,,excluded,36,low,support=known;visibility=private;monitoring=none,Hollow P-90; own brand.
OV-0136,assistant_obvious_challenger,Gretsch Duo Jet,Gretsch,Gretsch Electric / Gretsch Duo Jet,matchable_canonical_product,overlay_addition,missing_from_kg,,,excluded,35,low,support=known;visibility=private;monitoring=none,Solid/chambered.
OV-0137,assistant_obvious_challenger,Gretsch Country Gentleman,Gretsch,Gretsch Electric / Gretsch Country Gentleman,matchable_canonical_product,overlay_addition,missing_from_kg,,,excluded,35,low,support=known;visibility=private;monitoring=none,Large hollow.
OV-0138,assistant_obvious_challenger,Yamaha SG-2000,Yamaha,Yamaha SG / Yamaha SG-2000,matchable_canonical_product,overlay_addition,missing_from_kg,,,excluded,36,low,support=known;visibility=private;monitoring=none,Vintage Japan flagship.
OV-0139,assistant_obvious_challenger,Fender Mustang Bass,Fender,Fender Mustang Bass / Fender Mustang Bass,matchable_canonical_product,overlay_addition,partial_family_multiple_kg_rows,9493f297-b121-4d97-8e3b-f4a0b48797c5,fender-mustang-bass,core,60,low,support=supported;visibility=private;monitoring=unchanged,Short scale bass.
OV-0140,assistant_obvious_challenger,Gibson Thunderbird,Gibson,Gibson Thunderbird / Gibson Thunderbird,matchable_canonical_product,overlay_addition,missing_from_kg,,,reserve,50,low,support=reserve;visibility=private;monitoring=none,Neck-through bass.
OV-0141,assistant_obvious_challenger,Gibson SJ-200,Gibson,Gibson Acoustic / Gibson SJ-200,matchable_canonical_product,overlay_addition,partial_family_multiple_kg_rows,e4d3b8a1-613c-475d-ab2c-16c965278bba,gibson-sj-200-original,core,74,low,support=supported;visibility=private;monitoring=unchanged,Flagship jumbo.
OV-0142,assistant_obvious_challenger,Guild D-55,Guild,Guild Acoustic / Guild D-55,matchable_canonical_product,overlay_addition,missing_from_kg,,,excluded,34,low,support=known;visibility=private;monitoring=none,Flagship dreadnought.
OV-0143,assistant_obvious_challenger,Taylor 814ce,Taylor,Taylor Acoustic / Taylor 814ce,matchable_canonical_product,overlay_addition,missing_from_kg,,,excluded,33,low,support=known;visibility=private;monitoring=none,Flagship GA.
OV-0144,assistant_obvious_challenger,Boss CE-1,Boss,Boss Chorus / Boss CE-1,matchable_canonical_product,overlay_addition,missing_from_kg,,,excluded,48,low,support=known;visibility=private;monitoring=none,Chorus Ensemble; vintage.
OV-0145,assistant_obvious_challenger,Boss DM-2,Boss,Boss Delay / Boss DM-2,matchable_canonical_product,overlay_addition,missing_from_kg,,,excluded,34,low,support=known;visibility=private;monitoring=none,Analog delay; vintage.
OV-0146,assistant_obvious_challenger,Boss DM-2W,Boss,Boss Delay / Boss DM-2W,matchable_canonical_product,overlay_addition,missing_from_kg,,,excluded,31,low,support=known;visibility=private;monitoring=none,Waza Craft reissue.
OV-0147,assistant_obvious_challenger,Boss OD-1,Boss,Boss Drive / Boss OD-1,matchable_canonical_product,overlay_addition,missing_from_kg,,,excluded,35,low,support=known;visibility=private;monitoring=none,Overdrive; vintage.
OV-0148,assistant_obvious_challenger,Boss HM-2,Boss,Boss Drive / Boss HM-2,matchable_canonical_product,overlay_addition,exact_kg_product,9b4aeeb4-2fc8-47fd-ae88-319220756c94,boss-boss-boss-hm-2-heavy-metal-pedal--black-label-made-in-japan-1985-w-box--serial-no-573600-1985,excluded,46,low,support=known;visibility=private;monitoring=none,Swedish death metal chainsaw.
OV-0149,assistant_obvious_challenger,Boss BD-2,Boss,Boss Drive / Boss BD-2,matchable_canonical_product,overlay_addition,missing_from_kg,,,excluded,41,low,support=known;visibility=private;monitoring=none,Blues Driver.
OV-0150,assistant_obvious_challenger,EHX Big Muff Pi Triangle,Electro-Harmonix,EHX Big Muff / EHX Big Muff Pi Triangle,matchable_canonical_product,overlay_addition,missing_from_kg,,,excluded,36,low,support=known;visibility=private;monitoring=none,V1 Triangle.
OV-0151,assistant_obvious_challenger,EHX Big Muff Pi Ram's Head,Electro-Harmonix,EHX Big Muff / EHX Big Muff Pi Ram's Head,matchable_canonical_product,overlay_addition,missing_from_kg,,,excluded,36,low,support=known;visibility=private;monitoring=none,V2.
OV-0152,assistant_obvious_challenger,EHX Big Muff Pi Russian,Electro-Harmonix,EHX Big Muff / EHX Big Muff Pi Russian,matchable_canonical_product,overlay_addition,missing_from_kg,,,excluded,34,low,support=known;visibility=private;monitoring=none,Sovtek era.
OV-0153,assistant_obvious_challenger,EHX Big Muff Pi Op-Amp,Electro-Harmonix,EHX Big Muff / EHX Big Muff Pi Op-Amp,matchable_canonical_product,overlay_addition,missing_from_kg,,,excluded,35,low,support=known;visibility=private;monitoring=none,V4 IC version.
OV-0154,assistant_obvious_challenger,EHX Big Muff Pi (current),Electro-Harmonix,EHX Big Muff / EHX Big Muff Pi (current),matchable_canonical_product,overlay_addition,missing_from_kg,,,excluded,30,low,support=known;visibility=private;monitoring=none,Current production baseline.
OV-0155,assistant_obvious_challenger,Ibanez TS808,Ibanez,Ibanez Tube Screamer / Ibanez TS808,matchable_canonical_product,overlay_addition,missing_from_kg,,,excluded,37,low,support=known;visibility=private;monitoring=none,Original/reissue split pending.
OV-0156,assistant_obvious_challenger,Ibanez TS9,Ibanez,Ibanez Tube Screamer / Ibanez TS9,matchable_canonical_product,overlay_addition,missing_from_kg,,,excluded,35,low,support=known;visibility=private;monitoring=none,Distinct circuit.
OV-0157,assistant_obvious_challenger,Pro Co RAT / RAT2,Pro Co,Pro Co RAT / Pro Co RAT / RAT2,matchable_canonical_product,overlay_addition,missing_from_kg,,,excluded,34,low,support=known;visibility=private;monitoring=none,Vintage variants only where reliable.
OV-0158,assistant_obvious_challenger,Klon Centaur,Klon,Klon / Klon Centaur,matchable_canonical_product,overlay_addition,missing_from_kg,,,excluded,40,low,support=known;visibility=private;monitoring=none,Extreme value; boutique.
OV-0159,assistant_obvious_challenger,Klon KTR,Klon,Klon / Klon KTR,matchable_canonical_product,overlay_addition,missing_from_kg,,,excluded,34,low,support=known;visibility=private;monitoring=none,Production version; separate price.
OV-0160,assistant_obvious_challenger,MXR Phase 90,MXR,MXR Phase 90 / MXR Phase 90,matchable_canonical_product,overlay_addition,missing_from_kg,,,excluded,32,low,support=known;visibility=private;monitoring=none,Vintage/reissue split where evidence supports.
OV-0161,assistant_obvious_challenger,Strymon TimeLine,Strymon,Strymon TimeLine / Strymon TimeLine,matchable_canonical_product,overlay_addition,exact_kg_product,f0bf6aa4-4c4b-46e2-92da-d886110b4c53,strymon-timeline,reserve,67,medium,support=reserve;visibility=private;monitoring=none,Liquidity challenger.
OV-0162,assistant_obvious_challenger,Fender Deluxe Reverb (vintage),Fender,Fender Deluxe Reverb / Fender Deluxe Reverb (vintage),matchable_canonical_product,overlay_addition,missing_from_kg,,,excluded,43,low,support=known;visibility=private;monitoring=none,Blackface/silverface vintage.
OV-0163,assistant_obvious_challenger,Fender '65 Deluxe Reverb Reissue,Fender,Fender Deluxe Reverb / Fender '65 Deluxe Reverb Reissue,matchable_canonical_product,overlay_addition,missing_from_kg,,,excluded,37,low,support=known;visibility=private;monitoring=none,Reissue line.
OV-0164,assistant_obvious_challenger,Fender '68 Custom Deluxe Reverb,Fender,Fender Deluxe Reverb / Fender '68 Custom Deluxe Reverb,matchable_canonical_product,overlay_addition,missing_from_kg,,,excluded,35,low,support=known;visibility=private;monitoring=none,Custom line.
OV-0165,assistant_obvious_challenger,Fender Tone Master Deluxe Reverb,Fender,Fender Deluxe Reverb / Fender Tone Master Deluxe Reverb,matchable_canonical_product,overlay_addition,missing_from_kg,,,excluded,32,low,support=known;visibility=private;monitoring=none,Digital; separate market.
OV-0166,assistant_obvious_challenger,Fender Princeton Reverb (vintage),Fender,Fender Princeton Reverb / Fender Princeton Reverb (vintage),matchable_canonical_product,overlay_addition,missing_from_kg,,,excluded,37,low,support=known;visibility=private;monitoring=none,Vintage.
OV-0167,assistant_obvious_challenger,Fender '65 Princeton Reverb Reissue,Fender,Fender Princeton Reverb / Fender '65 Princeton Reverb Reissue,matchable_canonical_product,overlay_addition,missing_from_kg,,,excluded,23,low,support=known;visibility=private;monitoring=none,Reissue.
OV-0168,assistant_obvious_challenger,Fender Tone Master Princeton Reverb,Fender,Fender Princeton Reverb / Fender Tone Master Princeton Reverb,matchable_canonical_product,overlay_addition,missing_from_kg,,,excluded,23,low,support=known;visibility=private;monitoring=none,Digital.
OV-0169,assistant_obvious_challenger,Fender Twin Reverb (vintage),Fender,Fender Twin Reverb / Fender Twin Reverb (vintage),matchable_canonical_product,overlay_addition,missing_from_kg,,,reserve,50,low,support=reserve;visibility=private;monitoring=none,Vintage.
OV-0170,assistant_obvious_challenger,Fender '65 Twin Reverb Reissue,Fender,Fender Twin Reverb / Fender '65 Twin Reverb Reissue,matchable_canonical_product,overlay_addition,missing_from_kg,,,excluded,23,low,support=known;visibility=private;monitoring=none,Reissue.
OV-0171,assistant_obvious_challenger,Fender Tone Master Twin Reverb,Fender,Fender Twin Reverb / Fender Tone Master Twin Reverb,matchable_canonical_product,overlay_addition,missing_from_kg,,,excluded,23,low,support=known;visibility=private;monitoring=none,Digital.
OV-0172,assistant_obvious_challenger,Marshall JTM45,Marshall,Marshall Vintage / Marshall JTM45,matchable_canonical_product,overlay_addition,missing_from_kg,,,excluded,39,low,support=known;visibility=private;monitoring=none,Earliest circuit.
OV-0173,assistant_obvious_challenger,Marshall Super Lead / Plexi,Marshall,Marshall Vintage / Marshall Super Lead / Plexi,matchable_canonical_product,overlay_addition,missing_from_kg,,,excluded,47,low,support=known;visibility=private;monitoring=none,1959SLP family.
OV-0174,assistant_obvious_challenger,Marshall JCM800 2203,Marshall,Marshall JCM800 / Marshall JCM800 2203,matchable_canonical_product,overlay_addition,missing_from_kg,,,excluded,38,low,support=known;visibility=private;monitoring=none,Master volume 100W.
OV-0175,assistant_obvious_challenger,Marshall JCM800 2204,Marshall,Marshall JCM800 / Marshall JCM800 2204,matchable_canonical_product,overlay_addition,missing_from_kg,,,reserve,51,low,support=reserve;visibility=private;monitoring=none,Master volume 50W.
OV-0176,assistant_obvious_challenger,Vox AC30 (vintage),Vox,Vox AC30 / Vox AC30 (vintage),matchable_canonical_product,overlay_addition,missing_from_kg,,,excluded,47,low,support=known;visibility=private;monitoring=none,Vintage AC30 family.
OV-0177,assistant_obvious_challenger,Vox AC30 (modern/reissue),Vox,Vox AC30 / Vox AC30 (modern/reissue),discovery_only,overlay_addition,missing_from_kg,,,discovery_only,17,low,registry_only:not_a_match_target,DISCOVERY: modern sub-model boundary unreliable.
OV-0178,assistant_obvious_challenger,Mesa/Boogie Dual Rectifier,Mesa/Boogie,Mesa Rectifier / Mesa/Boogie Dual Rectifier,matchable_canonical_product,overlay_addition,missing_from_kg,,,excluded,34,low,support=known;visibility=private;monitoring=none,High-gain reference.
OV-0179,assistant_obvious_challenger,Mesa/Boogie Mark IIC+,Mesa/Boogie,Mesa Mark / Mesa/Boogie Mark IIC+,matchable_canonical_product,overlay_addition,missing_from_kg,,,excluded,38,low,support=known;visibility=private;monitoring=none,Collector tier.
OV-0180,assistant_obvious_challenger,Roland JC-120,Roland,Roland JC-120 / Roland JC-120,matchable_canonical_product,overlay_addition,partial_family_multiple_kg_rows,,,reserve,57,low,support=reserve;visibility=private;monitoring=none,Jazz Chorus.
OV-0181,assistant_obvious_challenger,Ampeg B-15,Ampeg,Ampeg Bass / Ampeg B-15,matchable_canonical_product,overlay_addition,missing_from_kg,,,excluded,36,low,support=known;visibility=private;monitoring=none,Portaflex.
OV-0182,assistant_obvious_challenger,Ampeg SVT,Ampeg,Ampeg Bass / Ampeg SVT,matchable_canonical_product,overlay_addition,missing_from_kg,,,excluded,37,low,support=known;visibility=private;monitoring=none,Reference bass head.
RC-0001,prompt03_reconstruction,TimeLine,Strymon,TimeLine,,not_on_gross_list,exact_kg_product,f0bf6aa4-4c4b-46e2-92da-d886110b4c53,strymon-timeline,superseded_by_variant,64,medium,registry_only:superseded,Prompt 04: replaced by the more precise music-vertical overlay row 'Strymon TimeLine'. The Prompt 03A row treated the family label as a single product; the overlay resolves it to a navigation family plus concrete matchable children.
RC-0002,prompt03_reconstruction,ATR-700,Ampex,ATR-700,,not_on_gross_list,exact_kg_product,ff6e70e8-3bad-4062-a0fe-063622e813f0,ampex-atr-700,incumbent_removed,35,medium,support=reserve;visibility=private;monitoring=none,Unchanged from Prompt 03 (incumbent removal); now also shown to be OFF the gross list.
RC-0003,prompt03_reconstruction,207,Wurlitzer,207,,not_on_gross_list,exact_kg_product,d9bd7176-0ecb-4f45-a6ad-1a59b96c8001,wurlitzer-207,incumbent_removed,33,medium,support=reserve;visibility=private;monitoring=none,Unchanged from Prompt 03 (incumbent removal); now also shown to be OFF the gross list.
RC-0004,prompt03_reconstruction,yamaha-dx7iid-dx7iifd,Yamaha,,,not_on_gross_list,exact_kg_product,edf4be31-0e24-4c68-8e2a-c97e52840d36,yamaha-dx7iid-dx7iifd,out_of_gross_list_high_evidence,30,low,support=known;visibility=private;monitoring=none,NEW: reverses the Prompt 03 DX7/DX7 II combine.
RC-0005,prompt03_reconstruction,ES-335,Gibson,ES-335,,not_on_gross_list,exact_kg_product,c716d85e-a9b1-4ccf-b96c-387589a73d49,gibson-es-335,superseded_by_variant,,,registry_only:superseded,Prompt 04: replaced by the more precise music-vertical overlay row 'Gibson ES family'. The Prompt 03A row treated the family label as a single product; the overlay resolves it to a navigation family plus concrete matchable children.
RC-0006,prompt03_reconstruction,Jazz Bass,Fender,Jazz Bass,,not_on_gross_list,exact_kg_product,f4cb848f-c67f-4648-8f02-f9371c7d099a,fender-jazz-bass,superseded_by_variant,,,registry_only:superseded,Prompt 04: replaced by the more precise music-vertical overlay row 'Fender Jazz Bass'. The Prompt 03A row treated the family label as a single product; the overlay resolves it to a navigation family plus concrete matchable children.
RC-0007,prompt03_reconstruction,Precision Bass,Fender,Precision Bass,,not_on_gross_list,exact_kg_product,58cb4b2e-6c45-4fa7-8f44-5b8c58fe8920,fender-precision-bass,superseded_by_variant,,,registry_only:superseded,Prompt 04: replaced by the more precise music-vertical overlay row 'Fender Precision Bass'. The Prompt 03A row treated the family label as a single product; the overlay resolves it to a navigation family plus concrete matchable children.
RC-0008,prompt03_reconstruction,Telecaster,Fender,Telecaster,,not_on_gross_list,exact_kg_product,1aed57d4-8972-42c2-bf39-682d3f595b94,fender-telecaster,superseded_by_variant,,,registry_only:superseded,Prompt 04: replaced by the more precise music-vertical overlay row 'Fender Telecaster'. The Prompt 03A row treated the family label as a single product; the overlay resolves it to a navigation family plus concrete matchable children.
RC-0009,prompt03_reconstruction,Stratocaster,Fender,Stratocaster,,not_on_gross_list,exact_kg_product,f3de125a-453e-460f-bc2f-b50ae7dbffab,fender-stratocaster,superseded_by_variant,,,registry_only:superseded,Prompt 04: replaced by the more precise music-vertical overlay row 'Fender Stratocaster'. The Prompt 03A row treated the family label as a single product; the overlay resolves it to a navigation family plus concrete matchable children.
RC-0010,prompt03_reconstruction,Les Paul,Gibson,Les Paul,,not_on_gross_list,exact_kg_product,776dff2d-15eb-42fe-8202-471f0feebbb6,gibson-les-paul,superseded_by_variant,,,registry_only:superseded,Prompt 04: replaced by the more precise music-vertical overlay row 'Gibson Les Paul'. The Prompt 03A row treated the family label as a single product; the overlay resolves it to a navigation family plus concrete matchable children.
RC-0011,prompt03_reconstruction,J-45,Gibson,J-45,,not_on_gross_list,exact_kg_product,22325142-9c6a-47d8-809f-b9a5913355cd,gibson-j-45,superseded_by_variant,,,registry_only:superseded,Prompt 04: replaced by the more precise music-vertical overlay row 'Gibson J-45'. The Prompt 03A row treated the family label as a single product; the overlay resolves it to a navigation family plus concrete matchable children.
RC-0012,prompt03_reconstruction,Hummingbird,Gibson,Hummingbird,,not_on_gross_list,exact_kg_product,c857b33b-9d55-4fc2-b8ff-150c41017a9f,gibson-hummingbird,superseded_by_variant,,,registry_only:superseded,Prompt 04: replaced by the more precise music-vertical overlay row 'Gibson Hummingbird'. The Prompt 03A row treated the family label as a single product; the overlay resolves it to a navigation family plus concrete matchable children.
RC-0013,prompt03_reconstruction,OB-X8,Oberheim,OB-X8,,not_on_gross_list,exact_kg_product,4a8de23d-fc30-4e9b-bd3b-362d6218148a,oberheim-ob-x8,out_of_gross_list_high_evidence,,,support=known;visibility=private;monitoring=none,Retained from Prompt 03 (core); absent from the authoritative 336-family gross list.
RC-0014,prompt03_reconstruction,Variable MU,Manley,Variable MU,,not_on_gross_list,exact_kg_product,d5d8be7b-6a4f-4cb3-bb9d-e17cd0739914,manley-variable-mu,out_of_gross_list_high_evidence,,,support=known;visibility=private;monitoring=none,Retained from Prompt 03 (core); absent from the authoritative 336-family gross list.
RC-0015,prompt03_reconstruction,SJ-200 Original,Gibson,SJ-200 Original,,not_on_gross_list,exact_kg_product,e4d3b8a1-613c-475d-ab2c-16c965278bba,gibson-sj-200-original,superseded_by_variant,,,registry_only:superseded,Prompt 04: replaced by the more precise music-vertical overlay row 'Gibson SJ-200'. The Prompt 03A row treated the family label as a single product; the overlay resolves it to a navigation family plus concrete matchable children.
RC-0016,prompt03_reconstruction,6176,Universal Audio,6176,,not_on_gross_list,exact_kg_product,7ee44ce9-bad7-45f2-81c2-65c816bf7ceb,ua-6176,out_of_gross_list_high_evidence,,,support=known;visibility=private;monitoring=none,Retained from Prompt 03 (core); absent from the authoritative 336-family gross list.
RC-0017,prompt03_reconstruction,Prophet-6,Sequential,Prophet-6,,not_on_gross_list,exact_kg_product,addd261d-e084-4e07-a0d9-433bd7652871,sequential-prophet-6,out_of_gross_list_high_evidence,,,support=known;visibility=private;monitoring=none,Retained from Prompt 03 (core); absent from the authoritative 336-family gross list.
RC-0018,prompt03_reconstruction,Prophet Rev2,Sequential,Prophet Rev2,,not_on_gross_list,exact_kg_product,eefdf96b-55e7-4c64-9998-5e68bfbff27c,sequential-prophet-rev2,out_of_gross_list_high_evidence,,,support=known;visibility=private;monitoring=none,Retained from Prompt 03 (core); absent from the authoritative 336-family gross list.
RC-0019,prompt03_reconstruction,Jazzmaster,Fender,Jazzmaster,,not_on_gross_list,exact_kg_product,8316cec0-1d33-4489-b9e9-7e90ebe19c3c,fender-jazzmaster,superseded_by_variant,,,registry_only:superseded,Prompt 04: replaced by the more precise music-vertical overlay row 'Fender Jazzmaster'. The Prompt 03A row treated the family label as a single product; the overlay resolves it to a navigation family plus concrete matchable children.
RC-0020,prompt03_reconstruction,D-28,Martin,D-28,,not_on_gross_list,exact_kg_product,ee08ba0c-435a-451b-93f6-75b4d3287603,martin-d-28,superseded_by_variant,,,registry_only:superseded,Prompt 04: replaced by the more precise music-vertical overlay row 'Martin D-28'. The Prompt 03A row treated the family label as a single product; the overlay resolves it to a navigation family plus concrete matchable children.
RC-0021,prompt03_reconstruction,J-185,Gibson,J-185,,not_on_gross_list,exact_kg_product,efe64b6a-d6d0-4f68-9dfc-8507e908248a,gibson-j-185,out_of_gross_list,,,support=known;visibility=private;monitoring=none,Retained from Prompt 03 (reserve); absent from the authoritative 336-family gross list.
RC-0022,prompt03_reconstruction,Jupiter-XM,Roland,Jupiter-XM,,not_on_gross_list,exact_kg_product,eb62014c-1a34-4a0f-88c6-a42fd01889e6,roland-jupiter-xm,out_of_gross_list,,,support=known;visibility=private;monitoring=none,Retained from Prompt 03 (reserve); absent from the authoritative 336-family gross list.
RC-0023,prompt03_reconstruction,Trigon-6,Sequential,Trigon-6,,not_on_gross_list,exact_kg_product,9567df58-9ad6-41a7-a59e-1fd906649017,sequential-trigon-6,out_of_gross_list,,,support=known;visibility=private;monitoring=none,Retained from Prompt 03 (reserve); absent from the authoritative 336-family gross list.
RC-0024,prompt03_reconstruction,ES-335,Epiphone,ES-335,,not_on_gross_list,exact_kg_product,d47d5b8b-aa49-4a2e-8888-b167da141b99,epiphone-es-335,out_of_gross_list,,,support=known;visibility=private;monitoring=none,Retained from Prompt 03 (reserve); absent from the authoritative 336-family gross list.
RC-0025,prompt03_reconstruction,Mustang Bass,Fender,Mustang Bass,,not_on_gross_list,exact_kg_product,9493f297-b121-4d97-8e3b-f4a0b48797c5,fender-mustang-bass,superseded_by_variant,,,registry_only:superseded,Prompt 04: replaced by the more precise music-vertical overlay row 'Fender Mustang Bass'. The Prompt 03A row treated the family label as a single product; the overlay resolves it to a navigation family plus concrete matchable children.
RC-0026,prompt03_reconstruction,TR-09,Roland,TR-09,,not_on_gross_list,exact_kg_product,1265f4e5-60e6-4f22-8eff-ff40260a10d0,roland-tr-09,out_of_gross_list,,,support=known;visibility=private;monitoring=none,Retained from Prompt 03 (reserve); absent from the authoritative 336-family gross list.
RC-0027,prompt03_reconstruction,SG Special,Gibson,SG Special,,not_on_gross_list,exact_kg_product,68a23f09-bd30-473e-ac3e-ecfc2c8e3725,gibson-sg-special,superseded_by_variant,,,registry_only:superseded,Prompt 04: replaced by the more precise music-vertical overlay row 'Gibson SG Special'. The Prompt 03A row treated the family label as a single product; the overlay resolves it to a navigation family plus concrete matchable children.
RC-0028,prompt03_reconstruction,PolyBrute,Arturia,PolyBrute,,not_on_gross_list,exact_kg_product,ffb2d508-30eb-4236-8841-32d551068fee,arturia-polybrute,out_of_gross_list,,,support=known;visibility=private;monitoring=none,Retained from Prompt 03 (reserve); absent from the authoritative 336-family gross list.
RC-0029,prompt03_reconstruction,LG-2,Gibson,LG-2,,not_on_gross_list,exact_kg_product,d0a5a1ce-2aba-432a-b167-d9ccb4456d1b,gibson-lg-2,out_of_gross_list,,,support=known;visibility=private;monitoring=none,Retained from Prompt 03 (reserve); absent from the authoritative 336-family gross list.
RC-0030,prompt03_reconstruction,Dove Original,Gibson,Dove Original,,not_on_gross_list,exact_kg_product,c544d559-3f60-46cb-9553-08162a14c710,gibson-dove-original,out_of_gross_list,,,support=known;visibility=private;monitoring=none,Retained from Prompt 03 (reserve); absent from the authoritative 336-family gross list.
RC-0031,prompt03_reconstruction,Quantum,Waldorf,Quantum,,not_on_gross_list,exact_kg_product,8c93b577-ca6a-4101-b1e9-287b1eaab9c4,waldorf-quantum,out_of_gross_list,,,support=known;visibility=private;monitoring=none,Retained from Prompt 03 (reserve); absent from the authoritative 336-family gross list.
RC-0032,prompt03_reconstruction,Summit,Novation,Summit,,not_on_gross_list,exact_kg_product,68f6fe2f-3e46-4b85-a775-e1fd4b00d883,novation-summit,out_of_gross_list,,,support=known;visibility=private;monitoring=none,Retained from Prompt 03 (reserve); absent from the authoritative 336-family gross list.
RC-0033,prompt03_reconstruction,Advanced Jumbo,Gibson,Advanced Jumbo,,not_on_gross_list,exact_kg_product,8df7e512-fcad-4bd5-9fab-b19eca86cb7a,gibson-advanced-jumbo,out_of_gross_list,,,support=known;visibility=private;monitoring=none,Retained from Prompt 03 (reserve); absent from the authoritative 336-family gross list.
RC-0034,prompt03_reconstruction,J-55,Gibson,J-55,,not_on_gross_list,exact_kg_product,6bde4caf-a4a2-49f2-9a46-f714f80ff6c2,gibson-j-55,out_of_gross_list,,,support=known;visibility=private;monitoring=none,Retained from Prompt 03 (reserve); absent from the authoritative 336-family gross list.
RC-0035,prompt03_reconstruction,Octatrack,Elektron,Octatrack,,not_on_gross_list,exact_kg_product,01665fd3-8516-4a8b-aa87-9e8e8bea8f4f,elektron-octatrack,out_of_gross_list,,,support=known;visibility=private;monitoring=none,Retained from Prompt 03 (reserve); absent from the authoritative 336-family gross list.
RC-0036,prompt03_reconstruction,microKorg,Korg,microKorg,,not_on_gross_list,exact_kg_product,c4df2758-f665-47a5-89f0-e71ce4f7b49c,korg-microkorg,out_of_gross_list,,,support=known;visibility=private;monitoring=none,Retained from Prompt 03 (reserve); absent from the authoritative 336-family gross list.
RC-0037,prompt03_reconstruction,MPC X,Akai,MPC X,,not_on_gross_list,exact_kg_product,53628015-6761-4224-a574-62df5c910e6a,akai-mpc-x,out_of_gross_list,,,support=known;visibility=private;monitoring=none,Retained from Prompt 03 (reserve); absent from the authoritative 336-family gross list.
RC-0038,prompt03_reconstruction,Analog Rytm,Elektron,Analog Rytm,,not_on_gross_list,exact_kg_product,cea84c8f-ba4b-45d8-bad8-8530aba9140c,elektron-analog-rytm,out_of_gross_list,,,support=known;visibility=private;monitoring=none,Retained from Prompt 03 (reserve); absent from the authoritative 336-family gross list.
RC-0039,prompt03_reconstruction,1073,Neve,1073,,not_on_gross_list,exact_kg_product,6a9cc22f-7f75-475f-a331-fc7d4eb89ead,neve-1073,out_of_gross_list,,,support=known;visibility=private;monitoring=none,Retained from Prompt 03 (reserve); absent from the authoritative 336-family gross list.
