candidate_id,gross_list_status,gross_list_name,canonical_product_id,slug,brand,model,family,current_status,provisional_decision,final_decision,decision_change_reason,rank,score,confidence,trusted_active_total,safe_proposal_total,source_count,price_evidence,matchability_risk,variant_decision,query_readiness,main_reason,promotion_or_removal_trigger,evidence_basis,candidate_origin,hierarchy_role,kg_status,matcher_guard_conflict,lexical_clean_hits,lexical_nordic_de_hits
CAND-0001,variant_split,Roland Juno-106 / HS-60,9d6cbf78-d99f-4995-9010-b811453e829e,roland-juno-106,Roland,Juno-106,Vintage synthesizers,legendary/public,core,core,"Retained. Gross-list family ""Roland Juno-106 / HS-60"".",1,92,high,45,31,5,"median 13964 DKK (p25 11337 / p75 16189, n=65)",11 deferrals (non_product_intent:7 ambiguous_tie:4); 62 rejected,Single page. Juno-6/60 are separate pages. HS-60 is the consumer-badged 106 and shares this page.,Incumbent query on all four marketplace scrapers; CSP set.,"Best-evidenced product in the catalogue: 5 sources, 65 records, tight 11.3k-16.2k DKK band.",Supply below 15 across all sources for 60 days.,gross_list+klup_trusted+klup_dryrun+incumbent_query,gross_list_336,matchable_canonical_product,exact_kg_product,,,
CAND-0002,exact_match,Roland Juno-60,3ecf2933-92b9-4676-b80f-d4b0ba7e2c5d,roland-juno-60,Roland,Juno-60,Vintage synthesizers,legendary/public,core,core,"Retained. Gross-list family ""Roland Juno-60"".",2,91,high,40,23,5,"median 22750 DKK (p25 19143 / p75 29000, n=62)",11 deferrals (ambiguous_tie:10 non_product_intent:1); 26 rejected,Single page. Distinct from Juno-6 (patch memory) and Juno-106 (MIDI).,Incumbent query on all four marketplace scrapers; CSP set.,"5 sources, 62 records, tight 19.1k-29.0k band at a materially higher level than the 106.",Supply below 15 for 60 days.,gross_list+klup_trusted+klup_dryrun+incumbent_query,gross_list_336,matchable_canonical_product,exact_kg_product,,,
CAND-0003,exact_match,Roland TR-909,352d676c-ad63-489a-82c1-e59333f79bff,roland-tr-909,Roland,TR-909,Drum machines & samplers,legendary/public,core,core,"Retained. Gross-list family ""Roland TR-909"".",3,83,high,17,24,3,"median 42949 DKK (p25 33525 / p75 52150, n=40)",2 deferrals (ambiguous_tie:2); 71 rejected,Single page. Exclude TR-09 (Boutique).,Incumbent query; CSP set.,"42.9k median, tight 33.5k-52.2k band, 40 records.",Fewer than 5 active records for 90 days.,gross_list+klup_trusted+klup_dryrun+incumbent_query,gross_list_336,matchable_canonical_product,exact_kg_product,,,
CAND-0004,variant_split,Moog Minimoog Model D,a03a8e67-8b21-4837-af83-606e63f2e08f,moog-minimoog,Moog,Minimoog,Vintage synthesizers,legendary/public,core,core,"Retained. Gross-list family ""Moog Minimoog Model D"" (variant split).",5,81,medium,45,6,4,"median 34975 DKK (p25 27208 / p75 49648, n=50)",56 deferrals (ambiguous_tie:53 non_product_intent:2); 64 rejected,ORIGINAL Model D (1970-81). The 2016 reissue is the separate moog-model-d page; Voyager excluded.,Incumbent query; CSP set.,"35.0k median, 50 records, 4 sources.",Ambiguous ties against Model D/Voyager above 25%.,gross_list+klup_trusted+klup_dryrun+incumbent_query,gross_list_336,matchable_canonical_product,exact_kg_product,,,
CAND-0005,exact_match,Roland TR-808,d7f70d54-57ae-475d-affd-b02cf75d3f74,roland-tr-808,Roland,TR-808,Drum machines & samplers,legendary/public,core,core,"Retained. Gross-list family ""Roland TR-808"".",6,80,high,14,10,2,"median 46771 DKK (p25 38480 / p75 53787, n=23)",4 deferrals (ambiguous_tie:2 brand_mismatch:1); 55 rejected,Single page. Exclude TR-08/TR-8/TR-8S and clones.,Incumbent query; CSP set; 8 curated aliases.,"Iconic, 46.8k median, tight 38.5k-53.8k band.",Fewer than 5 active records for 90 days.,gross_list+klup_trusted+klup_dryrun+incumbent_query,gross_list_336,matchable_canonical_product,exact_kg_product,,,
CAND-0006,variant_split,Korg MS-20,9622dc8d-b230-4eb4-9598-aae5c762a7c3,korg-ms-20,Korg,MS-20,Vintage synthesizers,legendary/public,core,core,"Retained. Gross-list family ""Korg MS-20"".",7,78,medium,9,38,5,"median 11693 DKK (p25 8900 / p75 13842, n=45)",53 deferrals (ambiguous_tie:51 copy_or_reference:1); 1 rejected,"ORIGINAL (1978) only. MS-20 Mini, MS-20 Kit and MS-20 FS are materially cheaper and MUST NOT land here (korg-ms-20-mini exists as a separate row).",Incumbent query on all four marketplace scrapers; CSP set.,"5 sources, tight 8.9k-13.8k band.",Mini/Kit/FS leakage above 10% of matched listings.,gross_list+klup_trusted+klup_dryrun+incumbent_query,gross_list_336,matchable_canonical_product,exact_kg_product,,,
CAND-0007,variant_split,Rhodes Mark I / Mark II / Mark V Stage,88fd0362-a085-463e-9eae-5300a3a43640,rhodes-mark-i-suitcase-73,Rhodes,Mark I Suitcase 73,Electric pianos,legendary/public,core,core,Retained as a variant split of the Rhodes gross-list family.,8,77,medium,9,2,4,"median 24700 DKK (p25 22000 / p75 29250, n=11)",1 deferrals (copy_or_reference:1); 0 rejected,"Active Suitcase (built-in amp + speaker cabinet), 73 keys. NOTE: ""Suitcase"" is not literally named in the gross-list family string, which says ""Stage"" - recorded as a variant split, not an exact match.","Incumbent query. No CSP, no subcategory.","4 sources, 22.0k-29.3k band.",Fewer than 5 active records for 90 days.,gross_list+klup_trusted+klup_dryrun+incumbent_query,gross_list_336,matchable_canonical_product,exact_kg_product,,,
CAND-0008,duplicate_consolidated,Roland RE-101 / RE-150 / RE-201 / RE-301 Space Echo,07cc1ac5-a0c9-4707-99ed-c4440a1f9563,roland-re-201,Roland,RE-201,Tape echo & effects,legendary/public,core,core,"Retained. Gross-list family ""Roland RE-101 / RE-150 / RE-201 / RE-301 Space Echo"".",11,76,medium,23,0,3,"median 14803 DKK (p25 13095 / p75 18365, n=23)",32 deferrals (product_data_conflict:30 shared_identifier_conflict:2); 21 rejected,RE-201 only. Distinct from RE-101/RE-150/RE-301 (same gross-list family) and from RE-2/RE-20 pedals.,Incumbent query; CSP set; 13 curated aliases.,"Tight 13.1k-18.4k band, 23 trusted records.",product_data_conflict still non-zero after migration 053 reaches POST.,gross_list+klup_trusted+klup_dryrun+incumbent_query,gross_list_336,matchable_canonical_product,exact_kg_product,,,
CAND-0009,duplicate_consolidated,Sequential Circuits Prophet-10,ef069b5e-e1ea-43f7-bfd6-fa0ea9220926,sequential-prophet-10,Sequential,Prophet-10,Vintage synthesizers,standard/qa_only,excluded,core,"NEW ENTRY from gross list ""Sequential Circuits Prophet-10"".",13,75,medium,24,21,2,"median 24700 DKK (p25 20520 / p75 28576, n=45)",5 deferrals (ambiguous_tie:3 low_confidence:2); 16 rejected,Prophet-10 only. Distinct from Prophet-5 (unresolved vintage/Rev4 split) and from the modern Prophet-10 reissue where titles allow.,Not an incumbent; Blocket evidence incidental. Needs a query seed.,"45 records, tight 20.5k-28.6k band, only 5 deferrals.",Prophet-5 leakage above 10%.,"gross_list+klup_trusted+klup_dryrun+no_incumbent_query(nordic/de evidence unavailable, not zero)",gross_list_336,matchable_canonical_product,exact_kg_product,,,
CAND-0010,duplicate_consolidated,Roland Jupiter-8,fb04b727-b3aa-462c-8456-064f3add5121,roland-jupiter-8,Roland,Jupiter-8,Vintage synthesizers,legendary/public,core,core,"Retained. Gross-list family ""Roland Jupiter-8"".",15,74,medium,8,4,2,"median 161946 DKK (p25 155474 / p75 187007, n=11)",10 deferrals (ambiguous_tie:7 non_product_intent:3); 33 rejected,Single page. Distinct from Jupiter-6/-4 and from Jupiter-X/Xm.,Incumbent query; CSP set. DBA returns zero results (documented source property).,Highest-value instrument with a usable band (155k-187k).,Fewer than 5 active records for 90 days.,gross_list+klup_trusted+klup_dryrun+incumbent_query,gross_list_336,matchable_canonical_product,exact_kg_product,,,
CAND-0011,exact_match,Roland SH-101,52a95e16-0211-44d5-8c02-21a4a7e28fb3,roland-sh-101,Roland,SH-101,Vintage synthesizers,legendary/public,core,core,"Retained. Gross-list family ""Roland SH-101"".",16,74,medium,3,56,5,"median 9069 DKK (p25 405 / p75 11537, n=55)",44 deferrals (ambiguous_tie:39 non_product_intent:2); 0 rejected,Single page. Exclude SH-01/SH-01A (Boutique) and SH-4d.,Incumbent query on all four marketplace scrapers.,Only 5-source mono-synth in the set; 55 records.,p25 remaining below 20% of median after parts exclusions tighten.,gross_list+klup_trusted+klup_dryrun+incumbent_query,gross_list_336,matchable_canonical_product,exact_kg_product,,,
CAND-0012,variant_split,Rhodes Mark I / Mark II / Mark V Stage,370d7660-dd92-4cab-84dc-eabbc38f7b26,rhodes-mark-ii-stage-73,Rhodes,Mark II Stage 73,Electric pianos,legendary/public,core,core,"Retained. Gross-list family ""Rhodes Mark I / Mark II / Mark V Stage"".",19,73,medium,9,2,5,"median 24831 DKK (p25 22750 / p75 42016, n=8)",0 deferrals; 0 rejected,"Mark II (1980-) Stage, 73 keys. Distinct generation from Mark I.","Incumbent query on all four marketplace scrapers. No CSP, no subcategory.",The only 5-source product with ZERO deferrals and ZERO rejections.,Fewer than 5 active records for 90 days.,gross_list+klup_trusted+klup_dryrun+incumbent_query,gross_list_336,matchable_canonical_product,exact_kg_product,,,
CAND-0013,variant_split,Neumann U87 / U87 Ai,a7e63634-c60e-40bc-aa7f-5c1b918d8b7a,neumann-u87ai,Neumann,U 87 Ai,Studio microphones,standard/qa_only,core,core,"Retained. Gross-list family ""Neumann U87 / U87 Ai"".",20,72,medium,25,51,1,"median 16843 DKK (p25 14576 / p75 21378, n=76)",0 deferrals; 12 rejected,U 87 Ai (1986-) ONLY; the vintage U 87/U87i is a different circuit and price. DUPLICATE KG ROW neumann-u87-ai (T12/S11) must be consolidated before launch - evidence is currently split across two rows.,Not an incumbent. Reverb-only. Needs a query seed.,"76 records, 14.6k-21.4k band and ZERO deferrals. Best microphone candidate.","Duplicate row not consolidated, or vintage U 87 leakage above 10%.","gross_list+klup_trusted+klup_dryrun+single_source_only+no_incumbent_query(nordic/de evidence unavailable, not zero)",gross_list_336,matchable_canonical_product,exact_kg_product,,,
CAND-0014,exact_match,Roland Juno-6,c9dad2ee-9386-41e2-89d5-be25d0ff79d0,roland-juno-6,Roland,Juno-6,Vintage synthesizers,standard/qa_only,core,core,"Retained. Gross-list family ""Roland Juno-6"".",21,72,medium,8,22,3,"median 16424 DKK (p25 12000 / p75 19162, n=30)",51 deferrals (ambiguous_tie:50 non_product_intent:1); 0 rejected,Split from Juno-60/106.,Not an incumbent; DBA/Finn evidence incidental. Needs its own query seed.,Tight 12.0k-19.2k band across 3 sources; completes the Juno family.,Ambiguous ties against Juno-60/106 above 25% of proposals.,"gross_list+klup_trusted+klup_dryrun+no_incumbent_query(nordic/de evidence unavailable, not zero)",gross_list_336,matchable_canonical_product,exact_kg_product,,,
CAND-0015,variant_split,Rhodes Mark I / Mark II / Mark V Stage,8d38e57e-1960-452f-981c-777fe4c89c9d,rhodes-mark-i-stage-73,Rhodes,Mark I Stage 73,Electric pianos,legendary/public,core,core,"Retained. Gross-list family ""Rhodes Mark I / Mark II / Mark V Stage"".",23,71,medium,7,8,2,"median 28683 DKK (p25 21605 / p75 33525, n=14)",0 deferrals; 1 rejected,"Passive Stage, 73 keys. External evidence: Suitcase adds amp+cabinet - a real price and portability difference.","Incumbent query. No CSP, no subcategory.","Zero deferrals, 21.6k-33.5k band.",Fewer than 5 active records for 90 days.,gross_list+klup_trusted+klup_dryrun+incumbent_query,gross_list_336,matchable_canonical_product,exact_kg_product,,,
CAND-0016,exact_match,Roland RE-501 / SRE-555 Chorus Echo,7861124f-5e67-4c2c-916d-170577cee116,roland-re-501,Roland,RE-501,Tape echo & effects,standard/qa_only,core,core,"Retained. Gross-list family ""Roland RE-501 / SRE-555 Chorus Echo"".",24,71,medium,15,7,3,"median 17586 DKK (p25 14440 / p75 20530, n=22)",1 deferrals (shared_identifier_conflict:1); 8 rejected,RE-501 Chorus Echo. SRE-555 is the rack sibling in the same gross-list family; alias needs review before merging.,Not an incumbent; DBA/Finn evidence incidental. 16 curated aliases exist.,"22 records, 14.4k-20.5k band, one deferral.",Supply below 8 for 90 days.,"gross_list+klup_trusted+klup_dryrun+no_incumbent_query(nordic/de evidence unavailable, not zero)",gross_list_336,matchable_canonical_product,exact_kg_product,,,
CAND-0017,variant_split,Roland TR-707 / TR-727,df0e0d26-c129-4cab-bc8c-121b5b1e7246,roland-tr-707,Roland,TR-707,Drum machines & samplers,standard/qa_only,core,core,"Retained. Gross-list family ""Roland TR-707 / TR-727"".",27,70,medium,24,17,3,"median 5363 DKK (p25 4528 / p75 7016, n=41)",1 deferrals (ambiguous_tie:1); 41 rejected,"SPLIT from TR-727 (different voice set, different buyer). Distinct from TR-06 Boutique.",Not an incumbent; Blocket/Finn evidence incidental. Needs its own query seed.,"Clean 4.5k-7.0k band, 41 records, 3 sources.",Supply below 10 for 90 days.,"gross_list+klup_trusted+klup_dryrun+no_incumbent_query(nordic/de evidence unavailable, not zero)",gross_list_336,matchable_canonical_product,exact_kg_product,,,
CAND-0018,variant_split,Moog Minimoog Model D,3f50f49b-7af3-464d-8494-b76e49327b84,moog-model-d,Moog,Model D,Vintage synthesizers,standard/qa_only,core,core,"Retained. Gross-list family ""Moog Minimoog Model D"" (variant split).",28,69,medium,42,0,1,"median 50185 DKK (p25 34327 / p75 70389, n=42)",3 deferrals (ambiguous_tie:2 non_product_intent:1); 22 rejected,2016 REISSUE only. Sibling of moog-minimoog; neither may absorb the other.,Not an incumbent. Reverb-only. Needs a query seed.,"42 trusted records, 50.2k median. Exists so the vintage page is not polluted by reissue prices.",Cannot be distinguished from the vintage page in practice.,"gross_list+klup_trusted+klup_dryrun+single_source_only+no_incumbent_query(nordic/de evidence unavailable, not zero)",gross_list_336,matchable_canonical_product,exact_kg_product,,,
CAND-0019,variant_split,Wurlitzer 200 / 200A / 204,a263f97e-4c70-4f54-863c-0e4071e32239,wurlitzer-200a,Wurlitzer,200A,Electric pianos,legendary/public,core,core,"Retained. Gross-list family ""Wurlitzer 200 / 200A / 204"".",29,69,medium,12,43,4,"median 27532 DKK (p25 1781 / p75 40007, n=53)",22 deferrals (ambiguous_tie:19 non_product_intent:2); 0 rejected,200A only. The 200 and 204 in the same gross-list family are inseparable in current data and stay in reserve.,"Incumbent query. No CSP, no subcategory.","4 sources, 53 records, 27.5k median.","Leakage from 200/204 above 15%, or p25 staying below 20% of median.",gross_list+klup_trusted+klup_dryrun+incumbent_query,gross_list_336,matchable_canonical_product,exact_kg_product,,,
CAND-0020,duplicate_consolidated,E-MU Systems SP-12 / SP-1200,7547ed8f-be71-4297-925d-09b90d428478,emu-sp-1200,E Mu,SP-1200,Drum machines & samplers,standard/qa_only,excluded,core,"NEW ENTRY from gross list ""E-MU Systems SP-12 / SP-1200"".",30,68,medium,12,7,1,"median 48501 DKK (p25 42094 / p75 58296, n=19)",1 deferrals (brand_mismatch:1); 58 rejected,SP-1200 only. SP-12 is the earlier machine in the same gross-list family and is materially different; not merged.,Not an incumbent. Reverb-only. Needs a query seed.,"19 records, very tight 42.1k-58.3k band. The reference hip-hop sampler.","SP-12 leakage above 10%, or supply below 8 for 90 days.","gross_list+klup_trusted+klup_dryrun+single_source_only+no_incumbent_query(nordic/de evidence unavailable, not zero)",gross_list_336,matchable_canonical_product,exact_kg_product,,,
CAND-0021,duplicate_consolidated,Tube-Tech CL 1B,85d39c38-0363-494a-a90b-28a57ea83334,tube-tech-cl1b,Tube-Tech,CL 1B,Studio outboard,standard/qa_only,excluded,core,"NEW ENTRY from gross list ""Tube-Tech CL 1B"".",31,68,medium,12,7,1,"median 34917 DKK (p25 27365 / p75 37417, n=19)",4 deferrals (shared_identifier_conflict:4); 1 rejected,CL 1B only. Distinct from CL 2A and the LCA 2B channel.,Not an incumbent. Reverb-only. Needs a query seed.,"19 records, tight 27.4k-37.4k band, ZERO deferral pressure and 1 rejection. Danish manufacturer - directly relevant to the DK market.",Supply below 8 for 90 days.,"gross_list+klup_trusted+klup_dryrun+single_source_only+no_incumbent_query(nordic/de evidence unavailable, not zero)",gross_list_336,matchable_canonical_product,exact_kg_product,,,
CAND-0022,duplicate_consolidated,Universal Audio 1176LN / 1176SE,9ece0f3a-f8d9-43dd-8667-d99c78eccac1,ua-1176ln,Universal Audio,1176LN,Studio outboard,standard/qa_only,core,core,"Retained. Gross-list family ""Universal Audio 1176LN / 1176SE"".",32,68,medium,25,14,1,"median 19428 DKK (p25 17145 / p75 32390, n=39)",3 deferrals (low_confidence:2 ambiguous_tie:1); 5 rejected,1176LN reissue line; 1176SE is in the same gross-list family. Vintage Rev A Bluestripe should split later.,Not an incumbent. Reverb-only. Needs a query seed.,"39 records, 19.4k median. The reference compressor.","Clone/""style"" leakage above 10%.","gross_list+klup_trusted+klup_dryrun+single_source_only+no_incumbent_query(nordic/de evidence unavailable, not zero)",gross_list_336,matchable_canonical_product,exact_kg_product,,,
CAND-0023,variant_split,Korg Mono/Poly,69e4e94d-cbb8-4a15-a6a3-3eb5a6558011,korg-mono-poly,Korg,MONO/POLY,Vintage synthesizers,standard/qa_only,reserve,core,"NEW ENTRY from gross list ""Korg Mono/Poly"".",35,66,medium,1,38,1,"median 13839 DKK (p25 10041 / p75 17458, n=39)",7 deferrals (ambiguous_tie:5 non_product_intent:2); 0 rejected,MONO/POLY only. Duplicate KG row korg-monopoly must be consolidated before launch. Distinct from Poly-61/Poly-800/Polysix.,Not an incumbent. Reverb-only. Needs a query seed.,"39 records, tight 10.0k-17.5k band, ZERO rejections.","Duplicate row not consolidated, or leakage from the Poly-6x line above 10%.","gross_list+klup_trusted+klup_dryrun+single_source_only+no_incumbent_query(nordic/de evidence unavailable, not zero)",gross_list_336,matchable_canonical_product,exact_kg_product,,,
CAND-0024,duplicate_consolidated,Korg Polysix,7d4b2240-0e63-4e29-897f-91e6688b826d,korg-polysix,Korg,PolySix,Vintage synthesizers,standard/qa_only,excluded,core,"NEW ENTRY from gross list ""Korg Polysix"".",36,66,medium,1,37,2,"median 11013 DKK (p25 8757 / p75 14811, n=38)",47 deferrals (ambiguous_tie:45 non_product_intent:2); 0 rejected,"Polysix only. Distinct from Poly-61, Poly-800 and Mono/Poly.",Not an incumbent; Finn evidence incidental. Needs a query seed.,"38 records, tight 8.8k-14.8k band across 2 sources.",Ambiguous ties against the Poly-6x line above 25%.,"gross_list+klup_trusted+klup_dryrun+no_incumbent_query(nordic/de evidence unavailable, not zero)",gross_list_336,matchable_canonical_product,exact_kg_product,,,
CAND-0025,duplicate_consolidated,Roland Jupiter-4,43e45ad9-67ec-4e6a-8eed-44feb5a14265,roland-jupiter-4,Roland,Jupiter-4,Vintage synthesizers,standard/qa_only,reserve,core,"PROMOTED from Prompt 03 reserve: on the gross list, and displaced guitar capacity.",37,66,medium,9,22,2,"median 36248 DKK (p25 26578 / p75 61504, n=31)",48 deferrals (ambiguous_tie:48); 0 rejected,Single page. Distinct from Jupiter-6/-8 and the Compuphonic badge variant.,Not an incumbent; DBA evidence incidental. Needs its own query seed.,"31 records, 26.6k-61.5k band. Genuine vintage classic on the gross list at a high value level.","IQR/median above 1.2 for 60 days, or parts share above 20%.","gross_list+klup_trusted+klup_dryrun+no_incumbent_query(nordic/de evidence unavailable, not zero)",gross_list_336,matchable_canonical_product,exact_kg_product,,,
CAND-0026,exact_match,Yamaha DX7 / DX7II,f68bc299-4ab7-401d-bef4-81126714eafc,yamaha-dx7,Yamaha,DX7,Vintage synthesizers,legendary/public,core,core,"Retained, but the DX7/DX7 II combine is REVERSED: they are now separate decisions.",39,65,medium,11,91,5,"median 3353 DKK (p25 551 / p75 5588, n=91)",11 deferrals (ambiguous_tie:11); 91 rejected,"DX7 (1983) ONLY. DX7 II is now a SEPARATE decision: kg row yamaha-dx7iid-dx7iifd exists and has ZERO observable supply, so it goes to reserve rather than sharing this page.",Incumbent query on all four marketplace scrapers; CSP set.,5 sources and 91 records - the widest reach in the cohort. Accepted with the highest contamination risk (p25 551 DKK = cartridges/ROM/cases).,Parts share above 20% after intent-guard tuning.,gross_list+klup_trusted+klup_dryrun+incumbent_query,gross_list_336,matchable_canonical_product,exact_kg_product,,,
CAND-0027,duplicate_consolidated,Manley VOXBOX,00966076-422b-4494-95f3-2791e2364738,manley-voxbox,Manley,VOXBOX,Studio outboard,standard/qa_only,excluded,core,"NEW ENTRY from gross list ""Manley VOXBOX"".",41,63,medium,8,8,1,"median 28562 DKK (p25 25258 / p75 32384, n=16)",0 deferrals; 31 rejected,"VOXBOX channel strip only. Distinct from ELOP, Massive Passive and Variable Mu.",Not an incumbent. Reverb-only. Needs a query seed.,"16 records, tight 25.3k-32.4k band, ZERO deferrals.",Supply below 8 for 90 days.,"gross_list+klup_trusted+klup_dryrun+single_source_only+no_incumbent_query(nordic/de evidence unavailable, not zero)",gross_list_336,matchable_canonical_product,exact_kg_product,,,
CAND-0028,duplicate_consolidated,Roland TR-606,43df4ad3-ab37-47b7-be18-728fd7a63254,roland-tr-606,Roland,TR-606,Drum machines & samplers,standard/qa_only,excluded,core,"NEW ENTRY from gross list ""Roland TR-606"".",42,63,medium,9,32,1,"median 3887 DKK (p25 3109 / p75 4850, n=41)",1 deferrals (ambiguous_tie:1); 43 rejected,Single page. Distinct from TR-626 and the TB-303 it was sold alongside.,Not an incumbent. Reverb-only. Needs a query seed.,"41 records, tight 3.1k-4.9k band. Low value but unambiguous.",Supply below 10 for 90 days.,"gross_list+klup_trusted+klup_dryrun+single_source_only+no_incumbent_query(nordic/de evidence unavailable, not zero)",gross_list_336,matchable_canonical_product,exact_kg_product,,,
CAND-0029,duplicate_consolidated,Tube-Tech LCA 2B,f97c09ec-319d-4cec-9728-d4623d2347fe,tube-tech-lca-2b,Tube-Tech,LCA 2B,Studio outboard,standard/qa_only,excluded,core,"NEW ENTRY from gross list ""Tube-Tech LCA 2B"".",43,63,medium,7,3,1,"median 23386 DKK (p25 19110 / p75 30401, n=10)",0 deferrals; 0 rejected,LCA 2B only. Distinct from CL 1B and LCA 2A.,Not an incumbent. Reverb-only. Needs a query seed.,"10 records, 19.1k-30.4k band, ZERO deferrals and ZERO rejections.",Supply below 6 for 90 days.,"gross_list+klup_trusted+klup_dryrun+single_source_only+no_incumbent_query(nordic/de evidence unavailable, not zero)",gross_list_336,matchable_canonical_product,exact_kg_product,,,
CAND-0030,variant_split,Roland System-100 / 100M,98f1f0e1-fff5-4fad-b39c-f83ca2d4557f,roland-system-100,Roland,System 100,Vintage synthesizers,standard/qa_only,excluded,core,"NEW ENTRY from gross list ""Roland System-100 / 100M"".",45,62,low,0,25,1,"median 18754 DKK (p25 14900 / p75 27365, n=25)",0 deferrals; 0 rejected,SPLIT from System-100M. The 100 is semi-modular; the 100M is a modular rack system with a different buyer decision.,Not an incumbent. Reverb-only. Needs a query seed.,"25 records, 14.9k-27.4k band, ZERO deferrals and ZERO rejections. Zero trusted matches is why confidence is low.",Fails to convert proposals into trusted matches in the first cohort pass.,"gross_list+klup_trusted+klup_dryrun+single_source_only+no_incumbent_query(nordic/de evidence unavailable, not zero)",gross_list_336,matchable_canonical_product,exact_kg_product,,,
CAND-0031,duplicate_consolidated,Rupert Neve Designs Master Buss Processor,c9bf115a-2e11-4f35-8575-63437b376d04,neve-portico-ii-master-buss-processor,Neve,Portico II Master Buss Processor,Studio outboard,standard/qa_only,reserve,core,"PROMOTED from Prompt 03 reserve: on the gross list as ""Rupert Neve Designs Master Buss Processor"".",46,61,low,16,12,1,"median 30071 DKK (p25 25427 / p75 34327, n=28)",0 deferrals; 0 rejected,Portico II Master Buss Processor only. Distinct from the 1073 line and from vintage Neve.,Not an incumbent. Reverb-only; NO CSP. Needs a query seed.,"28 records, tight 25.4k-34.3k band, ZERO deferrals and ZERO rejections.",Supply below 8 for 90 days.,"gross_list+klup_trusted+klup_dryrun+single_source_only+no_incumbent_query(nordic/de evidence unavailable, not zero)",gross_list_336,matchable_canonical_product,exact_kg_product,,,
CAND-0032,exact_match,Moog Source,c407d5eb-6423-4854-bffe-4a0b1a519b34,moog-source,Moog,Source,Vintage synthesizers,standard/qa_only,excluded,core,"NEW ENTRY from gross list ""Moog Source"".",48,58,medium,14,0,1,"median 17149 DKK (p25 13604 / p75 21345, n=14)",39 deferrals (brand_mismatch:32 low_confidence:4); 33 rejected,Source only. Distinct from Rogue/Prodigy/Micromoog.,Not an incumbent. Reverb-only. Needs a query seed.,"14 trusted records, tight 13.6k-21.3k band.",Ambiguous ties against the Minimoog line above 25%.,"gross_list+klup_trusted+klup_dryrun+single_source_only+no_incumbent_query(nordic/de evidence unavailable, not zero)",gross_list_336,matchable_canonical_product,exact_kg_product,,,
CAND-0033,variant_split,Roland TR-707 / TR-727,a93f7164-b48b-4e66-8390-7e11d6093616,roland-tr-727,Roland,TR-727,Drum machines & samplers,standard/qa_only,excluded,reserve,Displaced in Prompt 04: zero trusted matches; outscored by guitar/bass challengers carrying Danish and German liquidity.,,58,low,0,16,2,"median 6154 DKK (p25 4956 / p75 6665, n=16)",1 deferrals (non_product_intent:1); 0 rejected,SPLIT from TR-707. Latin percussion voices; not interchangeable.,Not an incumbent; DBA evidence incidental. Needs a query seed.,"16 records, very tight 5.0k-6.7k band, 1 deferral. Zero trusted matches.",Fails to convert proposals into trusted matches.,"gross_list+klup_trusted+klup_dryrun+no_incumbent_query(nordic/de evidence unavailable, not zero)",gross_list_336,matchable_canonical_product,exact_kg_product,,,
CAND-0034,not_on_gross_list,,f0bf6aa4-4c4b-46e2-92da-d886110b4c53,strymon-timeline,Strymon,TimeLine,Tape echo & effects,classic/public,incumbent_removed,superseded_by_variant,Prompt 04: replaced by the more precise music-vertical overlay row 'Strymon TimeLine'. The Prompt 03A row treated the family label as a single product; the overlay resolves it to a navigation family plus concrete matchable children.,,64,medium,4,46,1,"median 2909 DKK (p25 2464 / p75 3190, n=50)",0 deferrals; 0 rejected,TimeLine only. NOT on the gross list.,Incumbent (classic tier).,"90 records with ZERO deferrals and ZERO rejections, but a 2,905 DKK median.",PROMOTE if pedals are confirmed as a launch category.,not_on_gross_list+klup_trusted+klup_dryrun+single_source_only+incumbent_query,gross_list_336,,exact_kg_product,,,
CAND-0035,duplicate_consolidated,Sequential Circuits Prophet-5,b8d862f4-de0a-495d-b1c4-262fb8b6b022,sequential-prophet-5,Sequential,Prophet-5,Vintage synthesizers,legendary/public,incumbent_removed,incumbent_removed,Unchanged from Prompt 03.,2,62,medium,8,80,4,"median 19434 DKK (p25 272 / p75 24585, n=87)",76 deferrals (ambiguous_tie:73 non_product_intent:2); 2 rejected,"SPLIT REQUIRED: vintage SCI Rev1-3 vs 2020 Rev4 reissue. The gross list names the SCI original specifically, which sharpens the requirement.",Incumbent query; CSP set.,"87 records across 4 sources but 76 deferrals and p25 272 DKK. A vintage Rev3 sells ~USD 5,000 above a Rev4.",PROMOTE when split into vintage and Rev4 pages with distinct query seeds.,gross_list+klup_trusted+klup_dryrun+incumbent_query,gross_list_336,,exact_kg_product,,,
CAND-0036,duplicate_consolidated,Roland Jupiter-6,5a14382e-d200-47ef-a2e3-d7eeb8c9d1a0,roland-jupiter-6,Roland,Jupiter-6,Vintage synthesizers,standard/qa_only,reserve,reserve,Unchanged from Prompt 03.,3,60,medium,12,38,2,"median 36000 DKK (p25 1166 / p75 42075, n=50)",45 deferrals (ambiguous_tie:44 non_product_intent:1); 0 rejected,Distinct from Jupiter-8/-4.,Not an incumbent; DBA evidence incidental.,"50 records and a 36.0k median, but p25 1,166 DKK and 45 deferrals.",PROMOTE when p25 rises above 40% of median after parts exclusions.,"gross_list+klup_trusted+klup_dryrun+no_incumbent_query(nordic/de evidence unavailable, not zero)",gross_list_336,,exact_kg_product,,,
CAND-0037,duplicate_consolidated,Neumann TLM 103,35044f99-0871-4294-8dbd-32afeefcc5db,neumann-tlm-103,Neumann,TLM 103,Studio microphones,standard/qa_only,excluded,reserve,"NEW from gross list ""Neumann TLM 103"".",4,58,medium,10,26,1,"median 6478 DKK (p25 5475 / p75 8389, n=36)",0 deferrals; 78 rejected,TLM 103 only; distinct from TLM 102/107/170.,Reverb-only.,"36 records, tight 5.5k-8.4k band, but 78 rejections from the TLM line.",PROMOTE when rejections fall below 20.,"gross_list+klup_trusted+klup_dryrun+single_source_only+no_incumbent_query(nordic/de evidence unavailable, not zero)",gross_list_336,,exact_kg_product,,,
CAND-0038,exact_match,Neumann U67,9637ace0-336f-41d2-bc0c-d122e75b73dd,neumann-u67,Neumann,U67,Studio microphones,standard/qa_only,reserve,reserve,Unchanged from Prompt 03.,5,56,low,11,20,1,"median 53762 DKK (p25 26560 / p75 81851, n=31)",2 deferrals (non_product_intent:1 low_confidence:1); 25 rejected,Vintage U 67 vs 2018 reissue.,Reverb-only; no CSP.,"31 records, 26.6k-81.9k band.",PROMOTE when split by generation.,"gross_list+klup_trusted+klup_dryrun+single_source_only+no_incumbent_query(nordic/de evidence unavailable, not zero)",gross_list_336,,exact_kg_product,,,
CAND-0039,variant_split,Akai MPC2000 / MPC2000XL,774716ff-a54a-4b8a-b619-64aa351ae635,akai-mpc2000xl,Akai,MPC2000XL,Drum machines & samplers,standard/qa_only,reserve,reserve,Unchanged from Prompt 03.,6,55,low,10,18,1,"median 7126 DKK (p25 5992 / p75 12956, n=28)",2 deferrals (ambiguous_tie:1 non_product_intent:1); 32 rejected,MPC2000XL vs MPC2000 - both exist as KG rows in one gross-list family; the MPC family page policy is unresolved.,Reverb-only.,"28 records, 6.0k-13.0k band, 32 rejections.",PROMOTE when the MPC family page boundaries are decided.,"gross_list+klup_trusted+klup_dryrun+single_source_only+no_incumbent_query(nordic/de evidence unavailable, not zero)",gross_list_336,,exact_kg_product,,,
CAND-0040,exact_match,Roland JX-3P,fe7b64e7-cf2e-4de0-aaf1-3b22628b44dd,roland-jx-3p,Roland,JX-3P,Vintage synthesizers,standard/qa_only,excluded,reserve,"NEW from gross list ""Roland JX-3P"".",7,55,low,0,43,1,"median 7573 DKK (p25 5182 / p75 9717, n=43)",47 deferrals (ambiguous_tie:43 non_product_intent:3); 0 rejected,JX-3P only; distinct from JX-8P and PG-200 programmer.,Reverb-only.,"43 records, 5.2k-9.7k band, but 47 deferrals.",PROMOTE when ambiguity drops below 10%.,"gross_list+klup_trusted+klup_dryrun+single_source_only+no_incumbent_query(nordic/de evidence unavailable, not zero)",gross_list_336,,exact_kg_product,,,
CAND-0041,duplicate_consolidated,Manley ELOP,d53a889e-63be-4eb7-a2e1-b011f94557b3,manley-elop,Manley,ELOP,Studio outboard,standard/qa_only,excluded,reserve,"NEW from gross list ""Manley ELOP"".",8,54,low,4,7,1,"median 14252 DKK (p25 12956 / p75 21371, n=11)",7 deferrals (ambiguous_tie:7); 5 rejected,ELOP only; distinct from ELOP+ and VOXBOX.,Reverb-only.,"11 records, 13.0k-21.4k band.",PROMOTE when supply exceeds 15.,"gross_list+klup_trusted+klup_dryrun+single_source_only+no_incumbent_query(nordic/de evidence unavailable, not zero)",gross_list_336,,exact_kg_product,,,
CAND-0042,variant_split,Rhodes Mark I / Mark II / Mark V Stage,8140937c-2f87-4c9f-ad59-5e808c9275f2,rhodes-mark-i-stage-88,Rhodes,Mark I Stage 88,Electric pianos,legendary/public,incumbent_removed,incumbent_removed,Unchanged from Prompt 03 (incumbent removal).,9,54,low,1,1,2,"median 40535 DKK (p25 37250 / p75 40535, n=2)",0 deferrals; 0 rejected,88-key Stage; correctly split from the 73-key pages.,"Incumbent query; no CSP, no subcategory.",Two records.,PROMOTE when active records exceed 8.,gross_list+klup_trusted+klup_dryrun+incumbent_query,gross_list_336,,exact_kg_product,,,
CAND-0043,exact_match,Akai MPC60 / MPC60II,bc3e6626-435f-48d1-876f-eb8e08644224,akai-mpc60,Akai,MPC60,Drum machines & samplers,standard/qa_only,excluded,reserve,"NEW from gross list ""Akai MPC60 / MPC60II"".",10,53,low,4,4,1,"median 28063 DKK (p25 23184 / p75 31103, n=8)",0 deferrals; 57 rejected,MPC60 vs MPC60II in one gross-list family.,Reverb-only.,"8 records, 57 rejections.",PROMOTE when supply exceeds 15 and rejections fall.,"gross_list+klup_trusted+klup_dryrun+single_source_only+no_incumbent_query(nordic/de evidence unavailable, not zero)",gross_list_336,,exact_kg_product,,,
CAND-0044,duplicate_consolidated,ARP 2600,94a1d89d-2bae-42c8-aeac-4706a7729eed,arp-2600,Arp,ARP 2600,Vintage synthesizers,legendary/public,incumbent_removed,incumbent_removed,Unchanged from Prompt 03.,11,52,medium,0,28,3,"median 9000 DKK (p25 648 / p75 75710, n=27)",19 deferrals (ambiguous_tie:18 copy_or_reference:1); 3 rejected,"SPLIT REQUIRED: original ARP (1971), Korg ARP 2600 FS reissue, Behringer 2600 clone.",Incumbent query; CSP set. DBA returns zero results.,"27 records but p25 648 and p75 75,710 - a 100x band mixing three products. Zero trusted matches.",PROMOTE when split into original / Korg FS / clone-excluded pages.,gross_list+klup_trusted+klup_dryrun+incumbent_query,gross_list_336,,exact_kg_product,,,
CAND-0045,exact_match,Crumar Spirit,0f17b901-692d-4f2f-ab36-3cebeee963d1,crumar-spirit,Crumar,Spirit,Vintage synthesizers,standard/qa_only,excluded,reserve,"NEW from gross list ""Crumar Spirit"".",12,52,low,0,14,1,"median 25552 DKK (p25 21378 / p75 31103, n=14)",0 deferrals; 2 rejected ; GENERIC MODEL TOKEN,"Spirit only. NOTE: ""Spirit"" also appears in the gross list under Aston Microphones - a cross-brand name collision.",Reverb-only.,"14 records, 21.4k-31.1k band, ZERO deferrals, but zero trusted matches and an obscure instrument.",PROMOTE on trusted-match conversion.,"gross_list+klup_trusted+klup_dryrun+single_source_only+no_incumbent_query(nordic/de evidence unavailable, not zero)",gross_list_336,,exact_kg_product,,,
CAND-0046,exact_match,Moog Memorymoog,67d2fb6f-523e-4a21-970f-26c02d16fdf7,moog-memorymoog,Moog,Memorymoog,Vintage synthesizers,standard/qa_only,reserve,reserve,Unchanged from Prompt 03.,13,52,low,0,36,1,"median 60717 DKK (p25 624 / p75 91154, n=36)",32 deferrals (ambiguous_tie:24 non_product_intent:5); 0 rejected,Memorymoog vs Memorymoog Plus / LAMM.,Reverb-only.,"36 records but p25 624 vs median 60,717, and 32 deferrals.",PROMOTE when p25 rises above 40% of median.,"gross_list+klup_trusted+klup_dryrun+single_source_only+no_incumbent_query(nordic/de evidence unavailable, not zero)",gross_list_336,,exact_kg_product,,,
CAND-0047,duplicate_consolidated,Neumann U47,320e7e96-e759-4bce-bd14-230e9fed84bf,neumann-u47,Neumann,U 47,Studio microphones,standard/qa_only,reserve,reserve,Unchanged from Prompt 03.,14,52,low,26,3,1,"median 43318 DKK (p25 28471 / p75 187085, n=29)",9 deferrals (shared_identifier_conflict:9); 23 rejected,SPLIT REQUIRED: vintage U 47 vs U 47 fet vs reissues. Telefunken U47/U48 is a separate gross-list family.,Reverb-only; 28 aliases.,"Median 43,318 but p75 187,085; the alias set is too broad to navigate safely.",PROMOTE when the alias set is curated and the band tightens.,"gross_list+klup_trusted+klup_dryrun+single_source_only+no_incumbent_query(nordic/de evidence unavailable, not zero)",gross_list_336,,exact_kg_product,,,
CAND-0048,exact_match,Solid State Logic Fusion,4429ba1b-383e-4a63-b343-a006360400c9,ssl-fusion,SSL,Fusion,Studio outboard,standard/qa_only,excluded,reserve,"NEW from gross list ""Solid State Logic Fusion"".",15,52,medium,18,1,1,"median 15476 DKK (p25 9978 / p75 17491, n=19)",10 deferrals (low_confidence:8 ambiguous_tie:1); 27 rejected,Fusion only; distinct from the 4000-series consoles and Bus+.,Reverb-only.,"19 records, 10.0k-17.5k band, but a 2019 product with 27 rejections.",PROMOTE if modern outboard is confirmed as a launch category.,"gross_list+klup_trusted+klup_dryrun+single_source_only+no_incumbent_query(nordic/de evidence unavailable, not zero)",gross_list_336,,exact_kg_product,,,
CAND-0049,exact_match,Roland JX-8P / Super JX-10,4c02851f-ab77-4063-a2a3-40ba9c19e26e,roland-jx-8p,Roland,JX-8P,Vintage synthesizers,standard/qa_only,excluded,reserve,"NEW from gross list ""Roland JX-8P / Super JX-10"".",16,50,low,2,64,2,"median 4200 DKK (p25 84 / p75 7676, n=66)",23 deferrals (ambiguous_tie:22 non_product_intent:1); 0 rejected,JX-8P only; Super JX-10 is a different instrument in the same gross-list family.,Finn evidence incidental.,"66 records but p25 84 DKK against a 4,200 median - dominated by PG-800 programmers and parts.",PROMOTE when p25 rises above 40% of median.,"gross_list+klup_trusted+klup_dryrun+no_incumbent_query(nordic/de evidence unavailable, not zero)",gross_list_336,,exact_kg_product,,,
CAND-0050,duplicate_consolidated,API 550A,8c3117c6-baa7-42d4-8db6-aa85ce4a1a2c,api-550a,API,550A,Studio outboard,standard/qa_only,excluded,reserve,"NEW from gross list ""API 550A"".",17,49,low,2,17,1,"median 14371 DKK (p25 7354 / p75 27791, n=19)",1 deferrals (ambiguous_tie:1); 78 rejected,550A only; distinct from 550b and the 500-series clones.,Reverb-only.,19 records but 78 rejections and a 7.4k-27.8k band.,PROMOTE when rejections fall below 20.,"gross_list+klup_trusted+klup_dryrun+single_source_only+no_incumbent_query(nordic/de evidence unavailable, not zero)",gross_list_336,,exact_kg_product,,,
CAND-0051,duplicate_consolidated,Kush Audio Clariphonic,8a4be504-6dca-404c-b37b-a4842971a9f9,kush-clariphonic,Kush Audio,Clariphonic,Studio outboard,standard/qa_only,excluded,reserve,"NEW from gross list ""Kush Audio Clariphonic"".",18,49,low,3,5,1,"median 7767 DKK (p25 7288 / p75 11693, n=8)",0 deferrals; 0 rejected,Clariphonic DSP/MKII variants not separated.,Reverb-only.,"8 records, ZERO deferrals and ZERO rejections, but very thin supply.",PROMOTE when supply exceeds 15.,"gross_list+klup_trusted+klup_dryrun+single_source_only+no_incumbent_query(nordic/de evidence unavailable, not zero)",gross_list_336,,exact_kg_product,,,
CAND-0052,variant_split,Roland System-100 / 100M,48a084dd-ba80-42ba-9797-efdd5f240e60,roland-system-100m,Roland,System 100m,Vintage synthesizers,standard/qa_only,excluded,reserve,"NEW from gross list ""Roland System-100 / 100M"" (variant split).",19,49,low,0,28,1,"median 4772 DKK (p25 1086 / p75 10851, n=28)",3 deferrals (copy_or_reference:2 ambiguous_tie:1); 0 rejected,SPLIT from System-100. Modular rack system; module-level listings dominate.,Reverb-only.,"28 records but p25 1,086 vs median 4,772 - the matches are individual modules, not systems.",PROMOTE when whole-system listings can be separated from module listings.,"gross_list+klup_trusted+klup_dryrun+single_source_only+no_incumbent_query(nordic/de evidence unavailable, not zero)",gross_list_336,,exact_kg_product,,,
CAND-0053,duplicate_consolidated,Oberheim OB-Xa,ed747820-9953-4055-a71f-7d745ebaeb6f,oberheim-ob-xa,Oberheim,OB-Xa,Vintage synthesizers,legendary/public,incumbent_removed,incumbent_removed,Unchanged from Prompt 03.,20,48,medium,0,29,2,"median 2721 DKK (p25 374 / p75 46642, n=28)",16 deferrals (ambiguous_tie:16); 0 rejected,Mutually inseparable from OB-X and OB-X8.,Incumbent query; CSP set.,"ZERO trusted matches, 28 records, median 2,721 with p75 46,642.",Same as OB-X.,gross_list+klup_trusted+klup_dryrun+incumbent_query,gross_list_336,,exact_kg_product,,,
CAND-0054,duplicate_consolidated,Yamaha CS-50 / CS-60,3ea0498d-ea56-4603-9d02-e1c44ef50592,yamaha-cs-50,Yamaha,CS-50,Vintage synthesizers,standard/qa_only,excluded,reserve,"NEW from gross list ""Yamaha CS-50 / CS-60"".",21,48,low,0,27,1,"median 7795 DKK (p25 780 / p75 62362, n=27)",0 deferrals; 0 rejected,CS-50 and CS-60 are different instruments in one gross-list family.,Reverb-only.,"27 records but p25 780 vs median 7,795 and a 62k p75 - bimodal.",PROMOTE when CS-50 and CS-60 are split.,"gross_list+klup_trusted+klup_dryrun+single_source_only+no_incumbent_query(nordic/de evidence unavailable, not zero)",gross_list_336,,exact_kg_product,,,
CAND-0055,exact_match,Elka Synthex,12b2c46c-75b6-4f7c-84ed-3bf627ec03c0,elka-synthex,Elka,Synthex,Vintage synthesizers,standard/qa_only,excluded,reserve,"NEW from gross list ""Elka Synthex"".",22,47,low,0,13,1,"median 131739 DKK (p25 249 / p75 144212, n=13)",1 deferrals (ambiguous_tie:1); 0 rejected,Synthex only; Mk I/II not separated.,Reverb-only.,"13 records, median 131,739 with p25 249 - bimodal.",PROMOTE when p25 rises above 40% of median.,"gross_list+klup_trusted+klup_dryrun+single_source_only+no_incumbent_query(nordic/de evidence unavailable, not zero)",gross_list_336,,exact_kg_product,,,
CAND-0056,exact_match,Korg Poly-800,92653139-5144-47b5-8cb6-b88f48710d8a,korg-poly-800,Korg,Poly-800,Vintage synthesizers,standard/qa_only,excluded,reserve,"NEW from gross list ""Korg Poly-800"".",23,47,low,0,44,1,"median 2261 DKK (p25 582 / p75 4209, n=44)",33 deferrals (ambiguous_tie:31 non_product_intent:2); 1 rejected,Poly-800 only; distinct from Poly-61 and Mono/Poly.,Reverb-only.,"44 records but median 2,261 with p25 582, and 33 deferrals.",PROMOTE when p25 rises above 40% of median.,"gross_list+klup_trusted+klup_dryrun+single_source_only+no_incumbent_query(nordic/de evidence unavailable, not zero)",gross_list_336,,exact_kg_product,,,
CAND-0057,exact_match,Korg Trident,89a6f2d7-9fd0-4d67-93ed-307aa515d5f2,korg-trident,Korg,Trident,Vintage synthesizers,standard/qa_only,excluded,reserve,"NEW from gross list ""Korg Trident"".",24,47,low,0,14,1,"median 28504 DKK (p25 194 / p75 31927, n=14)",12 deferrals (ambiguous_tie:12); 0 rejected,Trident only; Mk II not separated.,Reverb-only.,"14 records and a 28.5k median, but p25 194 - bimodal parts contamination.",PROMOTE when p25 rises above 40% of median.,"gross_list+klup_trusted+klup_dryrun+single_source_only+no_incumbent_query(nordic/de evidence unavailable, not zero)",gross_list_336,,exact_kg_product,,,
CAND-0058,exact_match,Oberheim OB-X,1acf5130-9c9e-4ed5-923f-87dc7cfef20d,oberheim-ob-x,Oberheim,OB-X,Vintage synthesizers,legendary/public,incumbent_removed,incumbent_removed,Unchanged from Prompt 03.,25,47,medium,0,19,2,"median 103617 DKK (p25 1455 / p75 116921, n=18)",18 deferrals (ambiguous_tie:16 copy_or_reference:1); 0 rejected,Mutually inseparable from OB-Xa and OB-X8 in current data.,Incumbent query; CSP set.,"ZERO trusted matches, 18 records, 16 ambiguous ties, p25 1,455 vs median 103,617.",PROMOTE when OB-X / OB-Xa / OB-X8 ambiguity drops below 10%.,gross_list+klup_trusted+klup_dryrun+incumbent_query,gross_list_336,,exact_kg_product,,,
CAND-0059,duplicate_consolidated,Korg Wavestation,081d6e35-16e8-4546-9ca5-a66ab10e5117,korg-wavestation,Korg,Wavestation,Vintage synthesizers,standard/qa_only,excluded,reserve,"NEW from gross list ""Korg Wavestation"".",26,46,low,8,8,1,"median 3118 DKK (p25 1442 / p75 4287, n=16)",19 deferrals (ambiguous_tie:19); 36 rejected,Wavestation / A/D / SR are different form factors and are not separated.,Reverb-only.,"16 records, 1.4k-4.3k band, 36 rejections.",PROMOTE when the A/D/SR variants are split.,"gross_list+klup_trusted+klup_dryrun+single_source_only+no_incumbent_query(nordic/de evidence unavailable, not zero)",gross_list_336,,exact_kg_product,,,
CAND-0060,variant_split,Wurlitzer 200 / 200A / 204,7b2a3a46-76f5-4004-b8b1-a30156e8e83b,wurlitzer-200,Wurlitzer,200,Electric pianos,legendary/qa_only,incumbent_removed,incumbent_removed,Unchanged from Prompt 03 (incumbent removal).,27,46,medium,6,31,4,"median 2222 DKK (p25 741 / p75 29151, n=36)",35 deferrals (ambiguous_tie:18 brand_mismatch:12); 10 rejected,"INSEPARABLE from 200A - ""200"" is a strict prefix of ""200A"". Same gross-list family.",Incumbent query; qa_only.,"Median 2,222 with p75 29,151, 35 deferrals.",PROMOTE when a token rule can separate 200 / 200A / 204.,gross_list+klup_trusted+klup_dryrun+incumbent_query,gross_list_336,,exact_kg_product,,,
CAND-0061,variant_split,ARP Quadra,783303e3-d406-4f84-aa0d-0be50f385240,arp-quadra,Arp,Quadra,Vintage synthesizers,standard/qa_only,excluded,reserve,"NEW from gross list ""ARP Quadra"".",28,45,low,2,15,1,"median 37573 DKK (p25 311 / p75 60570, n=17)",6 deferrals (ambiguous_tie:3 non_product_intent:3); 1 rejected,Quadra only.,Reverb-only.,"17 records, median 37,573 but p25 311.",PROMOTE when p25 rises above 40% of median.,"gross_list+klup_trusted+klup_dryrun+single_source_only+no_incumbent_query(nordic/de evidence unavailable, not zero)",gross_list_336,,exact_kg_product,,,
CAND-0062,exact_match,Korg Poly-61,2b3960b1-453a-42c0-ac4b-84c8638dd9e2,korg-poly-61,Korg,Poly-61,Vintage synthesizers,standard/qa_only,excluded,reserve,"NEW from gross list ""Korg Poly-61"".",29,45,low,2,26,1,"median 3887 DKK (p25 453 / p75 6197, n=28)",35 deferrals (ambiguous_tie:33 non_product_intent:2); 5 rejected,Poly-61 only. Duplicate KG row korg-poly61 must be consolidated.,Reverb-only.,"28 records but p25 453 vs median 3,887, and 35 deferrals.",PROMOTE when duplicates are consolidated and p25 rises.,"gross_list+klup_trusted+klup_dryrun+single_source_only+no_incumbent_query(nordic/de evidence unavailable, not zero)",gross_list_336,,exact_kg_product,,,
CAND-0063,exact_match,Roland TB-303,67ac8f9a-5064-4c43-9673-6360b92d3148,roland-tb-303,Roland,TB-303,Vintage synthesizers,standard/qa_only,excluded,reserve,"NEW from gross list ""Roland TB-303"".",30,45,low,0,22,1,"median 1754 DKK (p25 132 / p75 21594, n=22)",15 deferrals (low_confidence:11 ambiguous_tie:2); 2 rejected,TB-303 only; exclude Devil Fish mods and clones.,Reverb-only.,"22 records but median 1,754 with p25 132 - the matches are parts, clones and merchandise, not instruments.",PROMOTE when p25 rises above 40% of median.,"gross_list+klup_trusted+klup_dryrun+single_source_only+no_incumbent_query(nordic/de evidence unavailable, not zero)",gross_list_336,,exact_kg_product,,,
CAND-0064,exact_match,Linn LinnDrum,39ed2910-11ae-44ad-a1b1-3f724fc483cf,linn-electronics-linndrum,Linn Electronics,LinnDrum,Drum machines & samplers,legendary/public,incumbent_removed,incumbent_removed,Unchanged from Prompt 03 (incumbent removal).,31,44,low,3,0,1,"median 59987 DKK (p25 37411 / p75 61542, n=3)",6 deferrals (low_confidence:4 brand_mismatch:2); 2 rejected,LinnDrum (LM-2) vs LM-1 vs Linn 9000 - three separate gross-list families.,Incumbent query; no CSP.,"Three records, single source. Iconic but no observable supply.",PROMOTE when active records exceed 10 across at least 2 sources.,gross_list+klup_trusted+klup_dryrun+single_source_only+incumbent_query,gross_list_336,,exact_kg_product,,,
CAND-0065,exact_match,Oberheim OB-8,a424fd04-572b-4f1b-a07a-a586b4f55c4a,oberheim-ob-8,Oberheim,OB-8,Vintage synthesizers,standard/qa_only,excluded,reserve,"NEW from gross list ""Oberheim OB-8"".",32,44,low,3,12,1,"median 48586 DKK (p25 780 / p75 57941, n=15)",34 deferrals (ambiguous_tie:34); 0 rejected,OB-8 only; part of the unresolved Oberheim OB boundary.,Reverb-only.,"15 records, 48.6k median but p25 780 - parts contamination.",PROMOTE when the OB line boundary is resolved.,"gross_list+klup_trusted+klup_dryrun+single_source_only+no_incumbent_query(nordic/de evidence unavailable, not zero)",gross_list_336,,exact_kg_product,,,
CAND-0066,variant_split,Oberheim DMX / DX,96b18c9d-ef54-4d4e-b253-f37e5bcab413,oberheim-dmx,Oberheim,DMX,Drum machines & samplers,standard/qa_only,excluded,reserve,"NEW from gross list ""Oberheim DMX / DX"".",33,43,low,2,8,1,"median 18705 DKK (p25 1231 / p75 23152, n=10)",1 deferrals (ambiguous_tie:1); 83 rejected,DMX and DX are different machines in the same gross-list family.,Reverb-only.,"10 records, 83 rejections, p25 1,231 vs median 18,705.",PROMOTE when DMX and DX are split and rejections fall.,"gross_list+klup_trusted+klup_dryrun+single_source_only+no_incumbent_query(nordic/de evidence unavailable, not zero)",gross_list_336,,exact_kg_product,,,
CAND-0067,duplicate_consolidated,ARP Axxe,31b86cbb-bef0-439f-8636-ced0dc51dfb7,arp-axxe,Arp,Axxe,Vintage synthesizers,standard/qa_only,excluded,reserve,"NEW from gross list ""ARP Axxe"".",34,41,low,0,25,1,"median 2089 DKK (p25 130 / p75 7016, n=25)",6 deferrals (ambiguous_tie:5 low_confidence:1); 4 rejected,Axxe only; Mk I/II not separated.,Reverb-only.,"25 records, median 2,089 with p25 130 - parts dominated.",PROMOTE when p25 rises above 40% of median.,"gross_list+klup_trusted+klup_dryrun+single_source_only+no_incumbent_query(nordic/de evidence unavailable, not zero)",gross_list_336,,exact_kg_product,,,
CAND-0068,not_on_gross_list,,ff6e70e8-3bad-4062-a0fe-063622e813f0,ampex-atr-700,Ampex,ATR-700,Studio outboard,legendary/public,incumbent_removed,incumbent_removed,Unchanged from Prompt 03 (incumbent removal); now also shown to be OFF the gross list.,35,35,medium,0,14,1,"median 3239 DKK (p25 2591 / p75 3887, n=14)",0 deferrals; 0 rejected,"ATR-700 only. NOTE: the gross list contains Ampex 350 and ATR-102, NOT the ATR-700.","Incumbent, public. DBA returns zero results.","Zero trusted matches, Reverb-only, 3,239 DKK median against an external asking range of ~6,500-19,000 DKK.",PROMOTE only with Nordic supply and whole-unit matching.,not_on_gross_list+klup_trusted+klup_dryrun+single_source_only+incumbent_query,gross_list_336,,exact_kg_product,,,
CAND-0069,not_on_gross_list,,d9bd7176-0ecb-4f45-a6ad-1a59b96c8001,wurlitzer-207,Wurlitzer,207,Electric pianos,classic/qa_only,incumbent_removed,incumbent_removed,Unchanged from Prompt 03 (incumbent removal); now also shown to be OFF the gross list.,36,33,medium,2,9,3,"median 577 DKK (p25 512 / p75 15871, n=11)",1 deferrals (ambiguous_tie:1); 0 rejected,"Classroom variant; inseparable from the 200 family. NOTE: 207 is NOT in the gross-list family string (""200 / 200A / 204"").",Incumbent (classic tier); qa_only.,"Eleven records, 577 DKK median - the matches are parts.",PROMOTE when whole-unit supply exceeds 10.,not_on_gross_list+klup_trusted+klup_dryrun+incumbent_query,gross_list_336,,exact_kg_product,,,
CAND-0070,not_on_gross_list,,edf4be31-0e24-4c68-8e2a-c97e52840d36,yamaha-dx7iid-dx7iifd,Yamaha,,Vintage synthesizers,standard/qa_only,,out_of_gross_list_high_evidence,NEW: reverses the Prompt 03 DX7/DX7 II combine.,37,30,low,0,0,0,,0 deferrals; 0 rejected,"DX7 II split OUT of the DX7 page. Separate decision, as required.",Not queried anywhere.,ZERO observable supply of any kind - the row exists but nothing has ever matched it.,PROMOTE when any observable supply appears.,"not_on_gross_list+klup_trusted+klup_dryrun+no_incumbent_query(nordic/de evidence unavailable, not zero)",gross_list_336,,exact_kg_product,,,
CAND-0071,duplicate_consolidated,Access Virus A / B / C / TI,1a70f939-1fb3-4246-8e52-43275265bd1b,access-virus-b,Access,,,standard/qa_only,,excluded,Mapped from gross list in 03A; not previously reconciled.,,,,0,0,0,,0 deferrals; 0 rejected,,,Mapped from the gross list; no observable Klup supply.,,"gross_list+klup_trusted+klup_dryrun+no_incumbent_query(nordic/de evidence unavailable, not zero)",gross_list_336,,exact_kg_product,,,
CAND-0072,duplicate_consolidated,Access Virus A / B / C / TI,2ed44647-2f3f-4605-9418-be1c35c21740,access-virus-c,Access,,,standard/qa_only,,excluded,Mapped from gross list in 03A; not previously reconciled.,,,,0,0,0,,0 deferrals; 0 rejected,,,Mapped from the gross list; no observable Klup supply.,,"gross_list+klup_trusted+klup_dryrun+no_incumbent_query(nordic/de evidence unavailable, not zero)",gross_list_336,,exact_kg_product,,,
CAND-0073,duplicate_consolidated,Access Virus A / B / C / TI,3207286d-474b-4e67-8921-0a9258f7d540,access-virus-ti-snow,Access,,,standard/qa_only,,excluded,Mapped from gross list in 03A; not previously reconciled.,,,,0,0,0,,0 deferrals; 0 rejected,,,Mapped from the gross list; no observable Klup supply.,,"gross_list+klup_trusted+klup_dryrun+no_incumbent_query(nordic/de evidence unavailable, not zero)",gross_list_336,,exact_kg_product,,,
CAND-0074,duplicate_consolidated,Access Virus A / B / C / TI,836dc2ff-03ea-4350-84e8-b0e9a005e687,access-virus,Access,,,standard/qa_only,,excluded,Mapped from gross list in 03A; not previously reconciled.,,,,0,0,0,,0 deferrals; 0 rejected,,,Mapped from the gross list; no observable Klup supply.,,"gross_list+klup_trusted+klup_dryrun+no_incumbent_query(nordic/de evidence unavailable, not zero)",gross_list_336,,exact_kg_product,,,
CAND-0075,duplicate_consolidated,Access Virus A / B / C / TI,e81cea4a-c124-4076-8f33-97ebc8fdf265,access-virus-ti,Access,,,standard/qa_only,,excluded,Mapped from gross list in 03A; not previously reconciled.,,,,0,0,0,,0 deferrals; 0 rejected,,,Mapped from the gross list; no observable Klup supply.,,"gross_list+klup_trusted+klup_dryrun+no_incumbent_query(nordic/de evidence unavailable, not zero)",gross_list_336,,exact_kg_product,,,
CAND-0076,duplicate_consolidated,Access Virus A / B / C / TI,f5fbb21d-8f29-4337-8091-2ff6571ea34d,access-virus-ti-polar,Access,,,standard/qa_only,,excluded,Mapped from gross list in 03A; not previously reconciled.,,,,0,0,0,,0 deferrals; 0 rejected,,,Mapped from the gross list; no observable Klup supply.,,"gross_list+klup_trusted+klup_dryrun+no_incumbent_query(nordic/de evidence unavailable, not zero)",gross_list_336,,exact_kg_product,,,
CAND-0077,duplicate_consolidated,Akai AX60 / AX73 / AX80,2fdcdd49-dcac-456e-a0b6-3f278e3630ee,akai-ax73,Akai,AX73,,standard/qa_only,excluded,excluded,Mapped from gross list in 03A; not previously reconciled.,,,,1,1,1,"median 7715 DKK (p25 108 / p75 7715, n=2)",1 deferrals (non_product_intent:1); 0 rejected,,,Mapped from the gross list but evidence is below the threshold for a canonical page.,,"gross_list+klup_trusted+klup_dryrun+single_source_only+no_incumbent_query(nordic/de evidence unavailable, not zero)",gross_list_336,,exact_kg_product,,,
CAND-0078,duplicate_consolidated,Akai AX60 / AX73 / AX80,4abc498a-665b-4fce-a86f-db8549eefff3,akai-ax60,Akai,,,standard/qa_only,,excluded,Mapped from gross list in 03A; not previously reconciled.,,,,0,0,0,,0 deferrals; 0 rejected,,,Mapped from the gross list; no observable Klup supply.,,"gross_list+klup_trusted+klup_dryrun+no_incumbent_query(nordic/de evidence unavailable, not zero)",gross_list_336,,exact_kg_product,,,
CAND-0079,duplicate_consolidated,Akai AX60 / AX73 / AX80,a615a361-7800-49c3-a6d8-bff252a8bc75,akai-ax80,Akai,,,standard/qa_only,,excluded,Mapped from gross list in 03A; not previously reconciled.,,,,0,0,0,,0 deferrals; 0 rejected,,,Mapped from the gross list; no observable Klup supply.,,"gross_list+klup_trusted+klup_dryrun+no_incumbent_query(nordic/de evidence unavailable, not zero)",gross_list_336,,exact_kg_product,,,
CAND-0080,exact_match,Akai MPC3000,5404dd30-1550-41d4-b08d-aef50d0e6ad7,akai-mpc3000,Akai,MPC3000,,standard/qa_only,excluded,excluded,Mapped from gross list in 03A; not previously reconciled.,,,,1,3,1,"median 27283 DKK (p25 1160 / p75 45340, n=4)",0 deferrals; 52 rejected,,,Mapped from the gross list but evidence is below the threshold for a canonical page.,,"gross_list+klup_trusted+klup_dryrun+single_source_only+no_incumbent_query(nordic/de evidence unavailable, not zero)",gross_list_336,,exact_kg_product,,,
CAND-0081,variant_split,Akai MPC2000 / MPC2000XL,5d19c42a-115c-4db8-bc60-28b3bc7117c3,akai-mpc2000,Akai,MPC2000,,standard/qa_only,excluded,excluded,Mapped from gross list in 03A; not previously reconciled.,,,,6,14,1,"median 4841 DKK (p25 2585 / p75 5830, n=20)",1 deferrals (ambiguous_tie:1); 33 rejected,,,Mapped from the gross list but evidence is below the threshold for a canonical page.,,"gross_list+klup_trusted+klup_dryrun+single_source_only+no_incumbent_query(nordic/de evidence unavailable, not zero)",gross_list_336,,exact_kg_product,,,
CAND-0082,exact_match,Akai S900 / S950,ac39e5c6-43d2-46be-924e-0bdf69618177,akai-s900,Akai,,,standard/qa_only,,excluded,Mapped from gross list in 03A; not previously reconciled.,,,,0,0,0,,0 deferrals; 0 rejected,,,Mapped from the gross list; no observable Klup supply.,,"gross_list+klup_trusted+klup_dryrun+no_incumbent_query(nordic/de evidence unavailable, not zero)",gross_list_336,,exact_kg_product,,,
CAND-0083,exact_match,Akai S1000 / S1100,b7780d4e-93af-4b42-9670-e8ef424ca019,akai-s1000,Akai,S1000,,standard/qa_only,excluded,excluded,Mapped from gross list in 03A; not previously reconciled.,,,,0,34,1,"median 538 DKK (p25 265 / p75 900, n=34)",3 deferrals (non_product_intent:2 ambiguous_tie:1); 0 rejected,,,Mapped from the gross list but evidence is below the threshold for a canonical page.,,"gross_list+klup_trusted+klup_dryrun+single_source_only+no_incumbent_query(nordic/de evidence unavailable, not zero)",gross_list_336,,exact_kg_product,,,
CAND-0084,exact_match,Akai S3000XL / S3200,52ef0bea-de40-4a85-b13c-66891140dd18,akai-s3000xl,Akai,S3000XL,,standard/qa_only,excluded,excluded,Mapped from gross list in 03A; not previously reconciled.,,,,10,10,1,"median 3274 DKK (p25 137 / p75 5137, n=20)",1 deferrals (ambiguous_tie:1); 36 rejected,,,Mapped from the gross list but evidence is below the threshold for a canonical page.,,"gross_list+klup_trusted+klup_dryrun+single_source_only+no_incumbent_query(nordic/de evidence unavailable, not zero)",gross_list_336,,exact_kg_product,,,
CAND-0085,exact_match,Alesis Andromeda A6,1615c4ea-15fb-4980-a1b9-279c1d343720,alesis-andromeda-a6,Alesis,,,standard/qa_only,,excluded,Mapped from gross list in 03A; not previously reconciled.,,,,0,0,0,,0 deferrals; 0 rejected,,,Mapped from the gross list; no observable Klup supply.,,"gross_list+klup_trusted+klup_dryrun+no_incumbent_query(nordic/de evidence unavailable, not zero)",gross_list_336,,exact_kg_product,,,
CAND-0086,exact_match,Alesis HR-16 / HR-16B,0e29d00c-cde0-4d7c-adec-ef41551d3585,alesis-hr-16,Alesis,HR-16,,standard/qa_only,excluded,excluded,Mapped from gross list in 03A; not previously reconciled.,,,,0,24,1,"median 1328 DKK (p25 194 / p75 2236, n=24)",14 deferrals (ambiguous_tie:12 non_product_intent:2); 0 rejected,,,Mapped from the gross list but evidence is below the threshold for a canonical page.,,"gross_list+klup_trusted+klup_dryrun+single_source_only+no_incumbent_query(nordic/de evidence unavailable, not zero)",gross_list_336,,exact_kg_product,,,
CAND-0087,exact_match,Alesis Quadrasynth,fc308982-efe1-419e-80fa-3c1f05ca5d05,alesis-quadrasynth,Alesis,,,standard/qa_only,,excluded,Mapped from gross list in 03A; not previously reconciled.,,,,0,0,0,,0 deferrals; 0 rejected,,,Mapped from the gross list; no observable Klup supply.,,"gross_list+klup_trusted+klup_dryrun+no_incumbent_query(nordic/de evidence unavailable, not zero)",gross_list_336,,exact_kg_product,,,
CAND-0088,duplicate_consolidated,Alesis SR-16,55b20d9e-bd91-426f-8d8e-7575cff4e40c,alesis-alesis-sr-16-drum-machine,Alesis,SR-16 Drum Machine,,standard/qa_only,,excluded,Mapped from gross list in 03A; not previously reconciled.,,,,0,0,0,,35 deferrals (ambiguous_tie:35); 0 rejected,,,Mapped from the gross list; no observable Klup supply.,,"gross_list+klup_trusted+klup_dryrun+no_incumbent_query(nordic/de evidence unavailable, not zero)",gross_list_336,,exact_kg_product,,,
CAND-0089,duplicate_consolidated,Alesis SR-16,bde486a8-c856-4780-8015-0465c8871771,alesis-sr-16,Alesis,SR-16,,standard/qa_only,excluded,excluded,Mapped from gross list in 03A; not previously reconciled.,,,,0,13,1,"median 1030 DKK (p25 917 / p75 1030, n=13)",37 deferrals (ambiguous_tie:37); 0 rejected,,,Mapped from the gross list but evidence is below the threshold for a canonical page.,,"gross_list+klup_trusted+klup_dryrun+single_source_only+no_incumbent_query(nordic/de evidence unavailable, not zero)",gross_list_336,,exact_kg_product,,,
CAND-0090,exact_match,AMS Neve 1073SPX,964e93f7-41aa-403a-b163-2c1530cef0fd,neve-1073spx-d,Neve,1073SPX-D,,standard/qa_only,excluded,excluded,Mapped from gross list in 03A; not previously reconciled.,,,,2,2,1,"median 19402 DKK (p25 16744 / p75 19402, n=4)",0 deferrals; 0 rejected,,,Mapped from the gross list but evidence is below the threshold for a canonical page.,,"gross_list+klup_trusted+klup_dryrun+single_source_only+no_incumbent_query(nordic/de evidence unavailable, not zero)",gross_list_336,,exact_kg_product,,,
CAND-0091,duplicate_consolidated,AMS Neve 8801,0dd137f3-b10c-4831-921e-5fb6fa591489,neve-ams-neve-8801-channel-strip-2010s-blue,Neve,,,standard/qa_only,,excluded,Mapped from gross list in 03A; not previously reconciled.,,,,0,0,0,,0 deferrals; 0 rejected,,,Mapped from the gross list; no observable Klup supply.,,"gross_list+klup_trusted+klup_dryrun+no_incumbent_query(nordic/de evidence unavailable, not zero)",gross_list_336,,exact_kg_product,,,
CAND-0092,duplicate_consolidated,AMS Neve 8801,6761968e-f808-4801-8d49-7eba7a36e4da,neve-8801,Neve,8801,,standard/qa_only,excluded,excluded,Mapped from gross list in 03A; not previously reconciled.,,,,5,1,1,"median 19755 DKK (p25 12472 / p75 24682, n=6)",0 deferrals; 1 rejected,,,Mapped from the gross list but evidence is below the threshold for a canonical page.,,"gross_list+klup_trusted+klup_dryrun+single_source_only+no_incumbent_query(nordic/de evidence unavailable, not zero)",gross_list_336,,exact_kg_product,,,
CAND-0093,duplicate_consolidated,API 2500 / 2500+,39a4cc0c-304a-4e1d-8ef0-1de0d8d53a20,api-api-2500-stereo-bus-compressor,API,,,standard/qa_only,,excluded,Mapped from gross list in 03A; not previously reconciled.,,,,0,0,0,,0 deferrals; 0 rejected,,,Mapped from the gross list; no observable Klup supply.,,"gross_list+klup_trusted+klup_dryrun+no_incumbent_query(nordic/de evidence unavailable, not zero)",gross_list_336,,exact_kg_product,,,
CAND-0094,duplicate_consolidated,API 2500 / 2500+,6570c0a5-71dc-43bc-a3f3-bcf5868a8e2a,api-api-audio-2500--stereo-bus-compressor,API,Audio 2500+ | Stereo Bus Compressor,,standard/qa_only,excluded,excluded,Mapped from gross list in 03A; not previously reconciled.,,,,0,1,1,"median 21345 DKK (p25 21345 / p75 21345, n=1)",0 deferrals; 0 rejected,,,Mapped from the gross list but evidence is below the threshold for a canonical page.,,"gross_list+klup_trusted+klup_dryrun+single_source_only+no_incumbent_query(nordic/de evidence unavailable, not zero)",gross_list_336,,exact_kg_product,,,
CAND-0095,duplicate_consolidated,API 2500 / 2500+,a5e1aff6-a6af-45b3-90d5-697065d093d9,api-api-2500-stereo-bus-compressor-2000-2019-black,API,,,standard/qa_only,,excluded,Mapped from gross list in 03A; not previously reconciled.,,,,0,0,0,,0 deferrals; 0 rejected,,,Mapped from the gross list; no observable Klup supply.,,"gross_list+klup_trusted+klup_dryrun+no_incumbent_query(nordic/de evidence unavailable, not zero)",gross_list_336,,exact_kg_product,,,
CAND-0096,exact_match,API 3124V,eb182774-52ef-4b1c-8c99-fa97ae36af54,api-api-3124v--4-channel-microphone-line-preamp,API,,,standard/qa_only,,excluded,Mapped from gross list in 03A; not previously reconciled.,,,,0,0,0,,0 deferrals; 0 rejected,,,Mapped from the gross list; no observable Klup supply.,,"gross_list+klup_trusted+klup_dryrun+no_incumbent_query(nordic/de evidence unavailable, not zero)",gross_list_336,,exact_kg_product,,,
CAND-0097,duplicate_consolidated,API 550A,11b7e31d-0f6d-41bc-b983-e3cb17da05aa,api-api-audio-550a--500-series-3-band-equalizer--pro-audio-la,API,,,standard/qa_only,,excluded,Mapped from gross list in 03A; not previously reconciled.,,,,0,0,0,,0 deferrals; 0 rejected,,,Mapped from the gross list; no observable Klup supply.,,"gross_list+klup_trusted+klup_dryrun+no_incumbent_query(nordic/de evidence unavailable, not zero)",gross_list_336,,exact_kg_product,,,
CAND-0098,duplicate_consolidated,API 550A,560570cb-ae15-4cee-b0b3-49e3033e76eb,api-api-550a-stereo-pair,API,550A Stereo Pair,,standard/qa_only,,excluded,Mapped from gross list in 03A; not previously reconciled.,,,,0,0,0,,0 deferrals; 0 rejected,,,Mapped from the gross list; no observable Klup supply.,,"gross_list+klup_trusted+klup_dryrun+no_incumbent_query(nordic/de evidence unavailable, not zero)",gross_list_336,,exact_kg_product,,,
CAND-0099,duplicate_consolidated,API 550A,a70c33e1-0fe3-4025-9958-08342455d158,api-api-550a-vintage,API,,,standard/qa_only,,excluded,Mapped from gross list in 03A; not previously reconciled.,,,,0,0,0,,0 deferrals; 0 rejected,,,Mapped from the gross list; no observable Klup supply.,,"gross_list+klup_trusted+klup_dryrun+no_incumbent_query(nordic/de evidence unavailable, not zero)",gross_list_336,,exact_kg_product,,,
CAND-0100,duplicate_consolidated,API 550A,ff3f7a20-78ca-404e-af32-fb4ae49f30d8,api-api-audio-550a-500-series-eq,API,Audio 550A 500 Series EQ,,standard/qa_only,,excluded,Mapped from gross list in 03A; not previously reconciled.,,,,0,0,0,,0 deferrals; 0 rejected,,,Mapped from the gross list; no observable Klup supply.,,"gross_list+klup_trusted+klup_dryrun+no_incumbent_query(nordic/de evidence unavailable, not zero)",gross_list_336,,exact_kg_product,,,
CAND-0101,exact_match,API 560,1b5fe55a-fd31-4d7c-be23-8d354f3a773d,api-api-audio-560--500-series-graphic-equalizer--pro-audio-la,API,,,standard/qa_only,,excluded,Mapped from gross list in 03A; not previously reconciled.,,,,0,0,0,,0 deferrals; 0 rejected,,,Mapped from the gross list; no observable Klup supply.,,"gross_list+klup_trusted+klup_dryrun+no_incumbent_query(nordic/de evidence unavailable, not zero)",gross_list_336,,exact_kg_product,,,
CAND-0102,duplicate_consolidated,ARP 2500,34f78592-6031-4821-b27e-c3702fd76c5c,arp-2500,Arp,2500,,standard/qa_only,excluded,excluded,Mapped from gross list in 03A; not previously reconciled.,,,,0,6,1,"median 3239 DKK (p25 648 / p75 6821, n=6)",96 deferrals (ambiguous_tie:46 brand_mismatch:40); 3 rejected,,,Mapped from the gross list but evidence is below the threshold for a canonical page.,,"gross_list+klup_trusted+klup_dryrun+single_source_only+no_incumbent_query(nordic/de evidence unavailable, not zero)",gross_list_336,,exact_kg_product,,,
CAND-0103,duplicate_consolidated,ARP 2500,7c4851ba-0841-4b3e-aa74-bdf292b0bd09,arp-arp-2500-early-1970s,Arp,2500 Early 1970's,,standard/qa_only,,excluded,Mapped from gross list in 03A; not previously reconciled.,,,,0,0,0,,0 deferrals; 0 rejected,,,Mapped from the gross list; no observable Klup supply.,,"gross_list+klup_trusted+klup_dryrun+no_incumbent_query(nordic/de evidence unavailable, not zero)",gross_list_336,,exact_kg_product,,,
CAND-0104,duplicate_consolidated,ARP 2600,19b29210-02f2-4e95-b1b2-8bc25fe23460,arp-korg-arp-2600,Arp,,,standard/qa_only,,excluded,Mapped from gross list in 03A; not previously reconciled.,,,,0,0,0,,0 deferrals; 0 rejected,,,Mapped from the gross list; no observable Klup supply.,,"gross_list+klup_trusted+klup_dryrun+no_incumbent_query(nordic/de evidence unavailable, not zero)",gross_list_336,,exact_kg_product,,,
CAND-0105,duplicate_consolidated; variant_split,ARP 2600; ARP Axxe; ARP Odyssey,4bc85194-bede-42d6-857f-24b03254c9c6,arp-arp-little-brother-analog-synthesizer-expander-module-1975-1977-for-odyssey-axxe-2600,Arp,Little Brother Analog Synthesizer Expander Module 1975-1977 for Odyssey Axxe 2600,,standard/qa_only,,excluded,Mapped from gross list in 03A; not previously reconciled.,,,,0,0,0,,1 deferrals (ambiguous_tie:1); 0 rejected,,,Mapped from the gross list; no observable Klup supply.,,"gross_list+klup_trusted+klup_dryrun+no_incumbent_query(nordic/de evidence unavailable, not zero)",gross_list_336,,exact_kg_product,,,
CAND-0106,duplicate_consolidated,ARP 2600,578fa07f-879c-4942-b569-0ddf5c11334c,arp-arp-2600-modular-synthesizer-meticulously-refurbished-vintage-synth-dealer,Arp,,,standard/qa_only,,excluded,Mapped from gross list in 03A; not previously reconciled.,,,,0,0,0,,0 deferrals; 0 rejected,,,Mapped from the gross list; no observable Klup supply.,,"gross_list+klup_trusted+klup_dryrun+no_incumbent_query(nordic/de evidence unavailable, not zero)",gross_list_336,,exact_kg_product,,,
CAND-0107,duplicate_consolidated,ARP 2600,59414df1-905b-4cc9-8f44-024cf2adbf1c,arp-arp-3620--2600-with-road-case,Arp,3620 & 2600 with Road Case,,standard/qa_only,,excluded,Mapped from gross list in 03A; not previously reconciled.,,,,0,0,0,,0 deferrals; 0 rejected,,,Mapped from the gross list; no observable Klup supply.,,"gross_list+klup_trusted+klup_dryrun+no_incumbent_query(nordic/de evidence unavailable, not zero)",gross_list_336,,exact_kg_product,,,
CAND-0108,duplicate_consolidated,ARP 2600,69bedd7d-27cf-4aaa-a940-2f1468445dc0,arp-arp-2601-mkii-2600--3604-keyboard-1977-1979-black-orange,Arp,,,standard/qa_only,,excluded,Mapped from gross list in 03A; not previously reconciled.,,,,0,0,0,,0 deferrals; 0 rejected,,,Mapped from the gross list; no observable Klup supply.,,"gross_list+klup_trusted+klup_dryrun+no_incumbent_query(nordic/de evidence unavailable, not zero)",gross_list_336,,exact_kg_product,,,
CAND-0109,duplicate_consolidated,ARP 2600,9ab11881-aba2-4766-8062-819713092ae2,arp-arp-2600-3620-keyboard-1970s-black,Arp,,,standard/qa_only,,excluded,Mapped from gross list in 03A; not previously reconciled.,,,,0,0,0,,0 deferrals; 0 rejected,,,Mapped from the gross list; no observable Klup supply.,,"gross_list+klup_trusted+klup_dryrun+no_incumbent_query(nordic/de evidence unavailable, not zero)",gross_list_336,,exact_kg_product,,,
CAND-0110,duplicate_consolidated,ARP 2600,d31230ef-6147-4d7d-b28c-251f304e795c,arp-arp-2600-1973-grey-meanie,Arp,,,standard/qa_only,,excluded,Mapped from gross list in 03A; not previously reconciled.,,,,0,0,0,,0 deferrals; 0 rejected,,,Mapped from the gross list; no observable Klup supply.,,"gross_list+klup_trusted+klup_dryrun+no_incumbent_query(nordic/de evidence unavailable, not zero)",gross_list_336,,exact_kg_product,,,
CAND-0111,duplicate_consolidated,ARP 2600,dcfa3f1a-9c90-43d0-83f4-81e80bcd25b8,arp-arp-2600-original-pro-serviced-w-restoration-by-phil-cirocco,Arp,2600 - ORIGINAL - Pro-Serviced w/Restoration by Phil Cirocco,,standard/qa_only,,excluded,Mapped from gross list in 03A; not previously reconciled.,,,,0,0,0,,1 deferrals (ambiguous_tie:1); 0 rejected,,,Mapped from the gross list; no observable Klup supply.,,"gross_list+klup_trusted+klup_dryrun+no_incumbent_query(nordic/de evidence unavailable, not zero)",gross_list_336,,exact_kg_product,,,
CAND-0112,variant_split,ARP Avatar,05f50e72-ba07-4b7b-89a6-29ce7d5d6c79,arp-arp-avatar-monophonic-analog-synthesizer-modified-w-road-case,Arp,Avatar Monophonic Analog Synthesizer (Modified) w/ Road Case,,standard/qa_only,excluded,excluded,Mapped from gross list in 03A; not previously reconciled.,,,,0,1,1,"median 16492 DKK (p25 16492 / p75 16492, n=1)",0 deferrals; 0 rejected,,,Mapped from the gross list but evidence is below the threshold for a canonical page.,,"gross_list+klup_trusted+klup_dryrun+single_source_only+no_incumbent_query(nordic/de evidence unavailable, not zero)",gross_list_336,,exact_kg_product,,,
CAND-0113,variant_split,ARP Avatar,423bce58-edb6-4560-9790-abc377540b8a,arp-avatar,Arp,,,standard/qa_only,,excluded,Mapped from gross list in 03A; not previously reconciled.,,,,0,0,0,,0 deferrals; 0 rejected,,,Mapped from the gross list; no observable Klup supply.,,"gross_list+klup_trusted+klup_dryrun+no_incumbent_query(nordic/de evidence unavailable, not zero)",gross_list_336,,exact_kg_product,,,
CAND-0114,variant_split,ARP Avatar; ARP Odyssey,4d26ff90-5431-493d-9e02-e1394b80ad37,arp-arp-avatar-synthesizer-odyssey-restored-only-cv-gate-control-vintage-synth-dealr,Arp,AVATAR Synthesizer odyssey RESTORED only CV gate control VINTAGE SYNTH DEALR,,standard/qa_only,excluded,excluded,Mapped from gross list in 03A; not previously reconciled.,,,,0,1,1,"median 32067 DKK (p25 32067 / p75 32067, n=1)",0 deferrals; 0 rejected,,,Mapped from the gross list but evidence is below the threshold for a canonical page.,,"gross_list+klup_trusted+klup_dryrun+single_source_only+no_incumbent_query(nordic/de evidence unavailable, not zero)",gross_list_336,,exact_kg_product,,,
CAND-0115,variant_split,ARP Avatar,9bc2b562-a3cb-4478-a1cf-7060ecf49393,arp-tested-working-arp-omni-2-1-avatar-power-supply-board-2,Arp,,,standard/qa_only,,excluded,Mapped from gross list in 03A; not previously reconciled.,,,,0,0,0,,0 deferrals; 0 rejected,,,Mapped from the gross list; no observable Klup supply.,,"gross_list+klup_trusted+klup_dryrun+no_incumbent_query(nordic/de evidence unavailable, not zero)",gross_list_336,,exact_kg_product,,,
CAND-0116,variant_split,ARP Avatar,b73a7e3b-afb3-4287-b514-550c85d159ee,arp-tested-working-arp-omni-2-1-avatar-power-supply-board-3,Arp,,,standard/qa_only,,excluded,Mapped from gross list in 03A; not previously reconciled.,,,,0,0,0,,0 deferrals; 0 rejected,,,Mapped from the gross list; no observable Klup supply.,,"gross_list+klup_trusted+klup_dryrun+no_incumbent_query(nordic/de evidence unavailable, not zero)",gross_list_336,,exact_kg_product,,,
CAND-0117,variant_split,ARP Avatar,ba441ce7-6627-408f-b3f8-aee9fed47988,arp-tested-working-arp-omni-2-1-avatar-power-supply-board-1,Arp,,,standard/qa_only,,excluded,Mapped from gross list in 03A; not previously reconciled.,,,,0,0,0,,0 deferrals; 0 rejected,,,Mapped from the gross list; no observable Klup supply.,,"gross_list+klup_trusted+klup_dryrun+no_incumbent_query(nordic/de evidence unavailable, not zero)",gross_list_336,,exact_kg_product,,,
CAND-0118,variant_split,ARP Avatar,ed3e16e0-cd7d-4846-80fa-c290cfdb742f,arp-arp-avatar-hex-input-mixer-by-series-circuits,Arp,Avatar Hex Input Mixer by Series Circuits,,standard/qa_only,excluded,excluded,Mapped from gross list in 03A; not previously reconciled.,,,,0,1,1,"median 2386 DKK (p25 2386 / p75 2386, n=1)",0 deferrals; 0 rejected,,,Mapped from the gross list but evidence is below the threshold for a canonical page.,,"gross_list+klup_trusted+klup_dryrun+single_source_only+no_incumbent_query(nordic/de evidence unavailable, not zero)",gross_list_336,,exact_kg_product,,,
CAND-0119,duplicate_consolidated,ARP Axxe,191f9a3b-41e4-4c41-8c90-817e16d39ddf,arp-fully-restored-1979-arp-axxe-analog-mono-synth-usa-synthesizer-w-demo,Arp,,,standard/qa_only,,excluded,Mapped from gross list in 03A; not previously reconciled.,,,,0,0,0,,0 deferrals; 0 rejected,,,Mapped from the gross list; no observable Klup supply.,,"gross_list+klup_trusted+klup_dryrun+no_incumbent_query(nordic/de evidence unavailable, not zero)",gross_list_336,,exact_kg_product,,,
CAND-0120,duplicate_consolidated,ARP Axxe,372379c0-a5ec-4097-aa58-d7445a8a9826,arp-arp-axxe-monophonic-analog-synthesizer-1975-1978-black-gold,Arp,,,standard/qa_only,,excluded,Mapped from gross list in 03A; not previously reconciled.,,,,0,0,0,,0 deferrals; 0 rejected,,,Mapped from the gross list; no observable Klup supply.,,"gross_list+klup_trusted+klup_dryrun+no_incumbent_query(nordic/de evidence unavailable, not zero)",gross_list_336,,exact_kg_product,,,
CAND-0121,duplicate_consolidated,ARP Axxe,4660c436-68f2-49ab-b8d4-736d7d49d5ab,arp-arp-axxe-monophonic-analog-synthesizer-1979-1981-black-orange-serviced-warranty,Arp,Axxe Monophonic Analog Synthesizer 1979 - 1981 - Black / Orange (serviced / warranty),,standard/qa_only,,excluded,Mapped from gross list in 03A; not previously reconciled.,,,,0,0,0,,0 deferrals; 0 rejected,,,Mapped from the gross list; no observable Klup supply.,,"gross_list+klup_trusted+klup_dryrun+no_incumbent_query(nordic/de evidence unavailable, not zero)",gross_list_336,,exact_kg_product,,,
CAND-0122,duplicate_consolidated,ARP Axxe,6bf78a99-f924-4234-86bd-bbb2c16dd22e,arp-arp-axxe-1970s-black,Arp,Axxe 1970s - Black,,standard/qa_only,,excluded,Mapped from gross list in 03A; not previously reconciled.,,,,0,0,0,,1 deferrals (ambiguous_tie:1); 0 rejected,,,Mapped from the gross list; no observable Klup supply.,,"gross_list+klup_trusted+klup_dryrun+no_incumbent_query(nordic/de evidence unavailable, not zero)",gross_list_336,,exact_kg_product,,,
CAND-0123,duplicate_consolidated,ARP Axxe,85c1d556-c142-4240-a3df-c93d8d785d4f,arp-arp-axxe-mark-1-moog-filter,Arp,axxe mark 1 moog filter,,standard/qa_only,,excluded,Mapped from gross list in 03A; not previously reconciled.,,,,0,0,0,,0 deferrals; 0 rejected,,,Mapped from the gross list; no observable Klup supply.,,"gross_list+klup_trusted+klup_dryrun+no_incumbent_query(nordic/de evidence unavailable, not zero)",gross_list_336,,exact_kg_product,,,
CAND-0124,duplicate_consolidated,ARP Axxe,8dfdbc0b-5fd7-4e42-adfa-c4fd70cb1ad2,arp-arp-axxe-modified-analog-synth-1979-1981-black-orange,Arp,,,standard/qa_only,,excluded,Mapped from gross list in 03A; not previously reconciled.,,,,0,0,0,,0 deferrals; 0 rejected,,,Mapped from the gross list; no observable Klup supply.,,"gross_list+klup_trusted+klup_dryrun+no_incumbent_query(nordic/de evidence unavailable, not zero)",gross_list_336,,exact_kg_product,,,
CAND-0125,duplicate_consolidated,ARP Axxe,de4c0040-d9d8-4e34-80e8-012c35ecee43,arp-arp-axxe-mk1-monophonic-analog-synthesizer-1975-1978-black-gold,Arp,,,standard/qa_only,,excluded,Mapped from gross list in 03A; not previously reconciled.,,,,0,0,0,,0 deferrals; 0 rejected,,,Mapped from the gross list; no observable Klup supply.,,"gross_list+klup_trusted+klup_dryrun+no_incumbent_query(nordic/de evidence unavailable, not zero)",gross_list_336,,exact_kg_product,,,
CAND-0126,variant_split,ARP Odyssey,058417ac-05c4-4fc2-9e79-5e4896455dcd,arp-arp-odyssey-mk-ii-2813-with-sub-oscillator-kit-installed,Arp,,,standard/qa_only,,excluded,Mapped from gross list in 03A; not previously reconciled.,,,,0,0,0,,0 deferrals; 0 rejected,,,Mapped from the gross list; no observable Klup supply.,,"gross_list+klup_trusted+klup_dryrun+no_incumbent_query(nordic/de evidence unavailable, not zero)",gross_list_336,,exact_kg_product,,,
CAND-0127,variant_split,ARP Odyssey,106e0f92-49d2-4589-9c23-821650688c85,arp-arp-2800-odyssey-mark-ii-monophonic-vintage-analog-synthesizer,Arp,,,standard/qa_only,,excluded,Mapped from gross list in 03A; not previously reconciled.,,,,0,0,0,,0 deferrals; 0 rejected,,,Mapped from the gross list; no observable Klup supply.,,"gross_list+klup_trusted+klup_dryrun+no_incumbent_query(nordic/de evidence unavailable, not zero)",gross_list_336,,exact_kg_product,,,
CAND-0128,variant_split,ARP Odyssey,26d5edbc-008b-4895-ad0b-994775eb0bdb,arp-arp-2800-odyssey-mark-i-monophonic-analog-synthesizer-4023-filter-black-gold-serviced,Arp,,,standard/qa_only,,excluded,Mapped from gross list in 03A; not previously reconciled.,,,,0,0,0,,0 deferrals; 0 rejected,,,Mapped from the gross list; no observable Klup supply.,,"gross_list+klup_trusted+klup_dryrun+no_incumbent_query(nordic/de evidence unavailable, not zero)",gross_list_336,,exact_kg_product,,,
CAND-0129,variant_split,ARP Odyssey,2f111942-2641-4def-93be-847e77b4a5f7,arp-arp-odyssey-2813-original-made-in-the-usa-pro-serviced-w-restoration-by-phil-cirocco,Arp,,,standard/qa_only,,excluded,Mapped from gross list in 03A; not previously reconciled.,,,,0,0,0,,0 deferrals; 0 rejected,,,Mapped from the gross list; no observable Klup supply.,,"gross_list+klup_trusted+klup_dryrun+no_incumbent_query(nordic/de evidence unavailable, not zero)",gross_list_336,,exact_kg_product,,,
CAND-0130,variant_split,ARP Odyssey,396e435d-26c7-4229-969f-382452341e15,arp-korg-arp-odyssey-fs-k3-analog-synth-diy-kit,Arp,,,standard/qa_only,,excluded,Mapped from gross list in 03A; not previously reconciled.,,,,0,0,0,,0 deferrals; 0 rejected,,,Mapped from the gross list; no observable Klup supply.,,"gross_list+klup_trusted+klup_dryrun+no_incumbent_query(nordic/de evidence unavailable, not zero)",gross_list_336,,exact_kg_product,,,
CAND-0131,variant_split,ARP Odyssey,39ac1bf8-5f2d-4bc7-b139-a7f8b6aa2e46,arp-rare-arp-odyssey-mki-2800-gold-and-black-serviced,Arp,,,standard/qa_only,,excluded,Mapped from gross list in 03A; not previously reconciled.,,,,0,0,0,,0 deferrals; 0 rejected,,,Mapped from the gross list; no observable Klup supply.,,"gross_list+klup_trusted+klup_dryrun+no_incumbent_query(nordic/de evidence unavailable, not zero)",gross_list_336,,exact_kg_product,,,
CAND-0132,variant_split,ARP Odyssey,3ccf3aef-a7f9-4200-bf0a-52fad3b10793,arp-arp-2823-odyssey-monophonic-analog-synthesizer-1979-1981-black-orange,Arp,,,standard/qa_only,,excluded,Mapped from gross list in 03A; not previously reconciled.,,,,0,0,0,,0 deferrals; 0 rejected,,,Mapped from the gross list; no observable Klup supply.,,"gross_list+klup_trusted+klup_dryrun+no_incumbent_query(nordic/de evidence unavailable, not zero)",gross_list_336,,exact_kg_product,,,
CAND-0133,variant_split,ARP Odyssey,4bbcddd1-52b5-4f98-bbde-aa23c0eeb305,arp-arp-odyssey-mki-2800-1974-black--gold-modified--restored,Arp,Odyssey MKI 2800 1974 Black & Gold Modified & Restored,,standard/qa_only,excluded,excluded,Mapped from gross list in 03A; not previously reconciled.,,,,0,1,1,"median 20730 DKK (p25 20730 / p75 20730, n=1)",0 deferrals; 0 rejected,,,Mapped from the gross list but evidence is below the threshold for a canonical page.,,"gross_list+klup_trusted+klup_dryrun+single_source_only+no_incumbent_query(nordic/de evidence unavailable, not zero)",gross_list_336,,exact_kg_product,,,
CAND-0134,variant_split,ARP Odyssey,518cbf42-0f79-4b97-abe3-fc0feb7eba84,arp-vintage-arp-odyssey-mkii-2813--pratt-read-keyboard-1975,Arp,,,standard/qa_only,,excluded,Mapped from gross list in 03A; not previously reconciled.,,,,0,0,0,,0 deferrals; 0 rejected,,,Mapped from the gross list; no observable Klup supply.,,"gross_list+klup_trusted+klup_dryrun+no_incumbent_query(nordic/de evidence unavailable, not zero)",gross_list_336,,exact_kg_product,,,
CAND-0135,variant_split,ARP Odyssey,55c28cf7-8635-45e1-8c1d-b5dcaf3ff353,arp-used-set-of-34-original-arp-odyssey-mk-iii-2823-sliders-for-refurbishing-parts-repair,Arp,,,standard/qa_only,,excluded,Mapped from gross list in 03A; not previously reconciled.,,,,0,0,0,,0 deferrals; 0 rejected,,,Mapped from the gross list; no observable Klup supply.,,"gross_list+klup_trusted+klup_dryrun+no_incumbent_query(nordic/de evidence unavailable, not zero)",gross_list_336,,exact_kg_product,,,
CAND-0136,variant_split,ARP Odyssey,569e95fb-a4c2-4ed7-8315-922dfc802f66,arp-arp-odyssey-mkii-2810--black--gold--vintage-analog-synthesizer-w-4035-filter,Arp,,,standard/qa_only,,excluded,Mapped from gross list in 03A; not previously reconciled.,,,,0,0,0,,0 deferrals; 0 rejected,,,Mapped from the gross list; no observable Klup supply.,,"gross_list+klup_trusted+klup_dryrun+no_incumbent_query(nordic/de evidence unavailable, not zero)",gross_list_336,,exact_kg_product,,,
CAND-0137,variant_split,ARP Odyssey,619cf153-ee3b-4e05-8145-df29e6607162,arp-arp-arp-odyssey-fs-analog-synth-diy-kit-2023,Arp,,,standard/qa_only,,excluded,Mapped from gross list in 03A; not previously reconciled.,,,,0,0,0,,0 deferrals; 0 rejected,,,Mapped from the gross list; no observable Klup supply.,,"gross_list+klup_trusted+klup_dryrun+no_incumbent_query(nordic/de evidence unavailable, not zero)",gross_list_336,,exact_kg_product,,,
CAND-0138,variant_split,ARP Odyssey,694553e9-7550-4e18-8963-d3c84ca882cc,arp-arp-odyssey-mk-i-model-2800-1974-white,Arp,Odyssey Mk I Model 2800 1974 - White,,standard/qa_only,,excluded,Mapped from gross list in 03A; not previously reconciled.,,,,0,0,0,,0 deferrals; 0 rejected,,,Mapped from the gross list; no observable Klup supply.,,"gross_list+klup_trusted+klup_dryrun+no_incumbent_query(nordic/de evidence unavailable, not zero)",gross_list_336,,exact_kg_product,,,
CAND-0139,variant_split,ARP Odyssey,6eecb00f-623b-4fda-b022-f2ed98564b5e,arp-fully-restored-1978-arp-odyssey-iii-2823,Arp,,,standard/qa_only,,excluded,Mapped from gross list in 03A; not previously reconciled.,,,,0,0,0,,0 deferrals; 0 rejected,,,Mapped from the gross list; no observable Klup supply.,,"gross_list+klup_trusted+klup_dryrun+no_incumbent_query(nordic/de evidence unavailable, not zero)",gross_list_336,,exact_kg_product,,,
CAND-0140,variant_split,ARP Odyssey,922828d3-c1fe-4ae7-90e8-419471eb2b88,arp-arp-2823-odyssey-mark-iii-monophonic-analog-synthesizer-1979-1981-black-orange,Arp,2823 Odyssey Mark III Monophonic Analog Synthesizer 1979 - 1981 - Black / Orange,,standard/qa_only,excluded,excluded,Mapped from gross list in 03A; not previously reconciled.,,,,0,3,1,"median 21437 DKK (p25 17149 / p75 22606, n=3)",0 deferrals; 0 rejected,,,Mapped from the gross list but evidence is below the threshold for a canonical page.,,"gross_list+klup_trusted+klup_dryrun+single_source_only+no_incumbent_query(nordic/de evidence unavailable, not zero)",gross_list_336,,exact_kg_product,,,
CAND-0141,variant_split,ARP Odyssey,93fe42fb-40e5-4f40-8e20-66d85dd9e8d7,arp-arp-2813-odyssey-mark-ii-vintage,Arp,2813 Odyssey Mark II (Vintage),,standard/qa_only,excluded,excluded,Mapped from gross list in 03A; not previously reconciled.,,,,0,1,1,"median 17994 DKK (p25 17994 / p75 17994, n=1)",0 deferrals; 0 rejected,,,Mapped from the gross list but evidence is below the threshold for a canonical page.,,"gross_list+klup_trusted+klup_dryrun+single_source_only+no_incumbent_query(nordic/de evidence unavailable, not zero)",gross_list_336,,exact_kg_product,,,
CAND-0142,variant_split,ARP Odyssey,b8bca0ab-a6ef-4dd6-bcb1-731ef112a3c0,arp-arp-odyssey-mkiii-2823,Arp,,,standard/qa_only,,excluded,Mapped from gross list in 03A; not previously reconciled.,,,,0,0,0,,0 deferrals; 0 rejected,,,Mapped from the gross list; no observable Klup supply.,,"gross_list+klup_trusted+klup_dryrun+no_incumbent_query(nordic/de evidence unavailable, not zero)",gross_list_336,,exact_kg_product,,,
CAND-0143,variant_split,ARP Odyssey,bfaa7d03-48bb-4408-b580-cf2281f4adc9,arp-arp-odyssey-mkii-2813,Arp,Odyssey MKII 2813,,standard/qa_only,excluded,excluded,Mapped from gross list in 03A; not previously reconciled.,,,,0,1,1,"median 972 DKK (p25 972 / p75 972, n=1)",0 deferrals; 2 rejected,,,Mapped from the gross list but evidence is below the threshold for a canonical page.,,"gross_list+klup_trusted+klup_dryrun+single_source_only+no_incumbent_query(nordic/de evidence unavailable, not zero)",gross_list_336,,exact_kg_product,,,
CAND-0144,variant_split,ARP Odyssey,d3abe1ce-c70c-43bf-b204-cd8d3944fc9b,arp-vintage-arp-odyssey-mkii-2813--case-only,Arp,,,standard/qa_only,,excluded,Mapped from gross list in 03A; not previously reconciled.,,,,0,0,0,,0 deferrals; 0 rejected,,,Mapped from the gross list; no observable Klup supply.,,"gross_list+klup_trusted+klup_dryrun+no_incumbent_query(nordic/de evidence unavailable, not zero)",gross_list_336,,exact_kg_product,,,
CAND-0145,variant_split,ARP Odyssey,d9ee2ee9-917e-4c32-8b47-ad00821f3703,arp-arp-odyssey-fs-analog-synthesizer-diy-kit-regular,Arp,Odyssey FS Analog Synthesizer DIY Kit Regular,,standard/qa_only,,excluded,Mapped from gross list in 03A; not previously reconciled.,,,,0,0,0,,0 deferrals; 0 rejected,,,Mapped from the gross list; no observable Klup supply.,,"gross_list+klup_trusted+klup_dryrun+no_incumbent_query(nordic/de evidence unavailable, not zero)",gross_list_336,,exact_kg_product,,,
CAND-0146,variant_split,ARP Odyssey,ff2f5191-2533-4275-ac7d-4735991f2dc7,arp-odyssey-1,Arp,Odyssey 1,,standard/qa_only,,excluded,Mapped from gross list in 03A; not previously reconciled.,,,,0,0,0,,0 deferrals; 0 rejected,,,Mapped from the gross list; no observable Klup supply.,,"gross_list+klup_trusted+klup_dryrun+no_incumbent_query(nordic/de evidence unavailable, not zero)",gross_list_336,,exact_kg_product,,,
CAND-0147,duplicate_consolidated,ARP Pro Soloist,65ddc188-c651-450d-854a-1b3a8d43ad30,arp-original-arp-pro-soloist--pro-dgx-synthesizer-rom-chip-z8-board-c,Arp,,,standard/qa_only,,excluded,Mapped from gross list in 03A; not previously reconciled.,,,,0,0,0,,0 deferrals; 0 rejected,,,Mapped from the gross list; no observable Klup supply.,,"gross_list+klup_trusted+klup_dryrun+no_incumbent_query(nordic/de evidence unavailable, not zero)",gross_list_336,,exact_kg_product,,,
CAND-0148,duplicate_consolidated,ARP Pro Soloist,9cca29f3-6429-4aa5-ad50-576bd765197a,arp-pro-soloist,Arp,Pro-Soloist,,standard/qa_only,excluded,excluded,Mapped from gross list in 03A; not previously reconciled.,,,,0,13,1,"median 641 DKK (p25 130 / p75 16059, n=13)",7 deferrals (ambiguous_tie:4 non_product_intent:3); 3 rejected,,,Mapped from the gross list but evidence is below the threshold for a canonical page.,,"gross_list+klup_trusted+klup_dryrun+single_source_only+no_incumbent_query(nordic/de evidence unavailable, not zero)",gross_list_336,,exact_kg_product,,,
CAND-0149,duplicate_consolidated,ARP Pro Soloist,af64a9eb-79d4-4926-92ab-dfd44488d419,arp-arp-pro-soloist-slider-knob,Arp,Pro Soloist Slider Knob,,standard/qa_only,,excluded,Mapped from gross list in 03A; not previously reconciled.,,,,0,0,0,,1 deferrals (ambiguous_tie:1); 0 rejected,,,Mapped from the gross list; no observable Klup supply.,,"gross_list+klup_trusted+klup_dryrun+no_incumbent_query(nordic/de evidence unavailable, not zero)",gross_list_336,,exact_kg_product,,,
CAND-0150,duplicate_consolidated,ARP Pro Soloist,cc7390e7-68a9-4f23-ae95-ef50a7a5ee78,arp-original-arp-pro-soloist--pro-dgx-synthesizer-rom-chip-z3-board-b,Arp,,,standard/qa_only,,excluded,Mapped from gross list in 03A; not previously reconciled.,,,,0,0,0,,0 deferrals; 0 rejected,,,Mapped from the gross list; no observable Klup supply.,,"gross_list+klup_trusted+klup_dryrun+no_incumbent_query(nordic/de evidence unavailable, not zero)",gross_list_336,,exact_kg_product,,,
CAND-0151,variant_split,ARP Quadra,0fe1534b-157b-46dc-aae3-c442e7eae90d,arp-arp-quadra-1978-ultra-rare-from-70s-80s-professional-synthesizer-cleaned--full-checked-legend,Arp,Quadra 1978✅ ULTRA RARE from ´70s -´80s✅ Professional Synthesizer✅ Cleaned & Full Checked ✅Legend,,standard/qa_only,,excluded,Mapped from gross list in 03A; not previously reconciled.,,,,0,0,0,,0 deferrals; 1 rejected,,,Mapped from the gross list; no observable Klup supply.,,"gross_list+klup_trusted+klup_dryrun+no_incumbent_query(nordic/de evidence unavailable, not zero)",gross_list_336,,exact_kg_product,,,
CAND-0152,variant_split,ARP Quadra,237e39ec-96b8-4b43-bec2-1bd6a56b15d0,arp-used-set-of-35-original-arp-quadra-sliders-for-refurbishing-parts-repair,Arp,,,standard/qa_only,,excluded,Mapped from gross list in 03A; not previously reconciled.,,,,0,0,0,,0 deferrals; 0 rejected,,,Mapped from the gross list; no observable Klup supply.,,"gross_list+klup_trusted+klup_dryrun+no_incumbent_query(nordic/de evidence unavailable, not zero)",gross_list_336,,exact_kg_product,,,
CAND-0153,variant_split,ARP Quadra,64d832bb-2ade-4a24-ba52-f8d536b43a2e,arp-arp-quadra-1978-legend--ultra-rare-from-70s-80s-professional-synthesizer-cleaned--full-checked,Arp,,,standard/qa_only,,excluded,Mapped from gross list in 03A; not previously reconciled.,,,,0,0,0,,0 deferrals; 0 rejected,,,Mapped from the gross list; no observable Klup supply.,,"gross_list+klup_trusted+klup_dryrun+no_incumbent_query(nordic/de evidence unavailable, not zero)",gross_list_336,,exact_kg_product,,,
CAND-0154,variant_split,ARP Quadra,9412a22f-0435-4588-ae7b-22e60edcdb40,arp-arp-quadra-2463-synthesizer-serviced,Arp,Quadra 2463 Synthesizer (Serviced),,standard/qa_only,,excluded,Mapped from gross list in 03A; not previously reconciled.,,,,0,0,0,,0 deferrals; 0 rejected,,,Mapped from the gross list; no observable Klup supply.,,"gross_list+klup_trusted+klup_dryrun+no_incumbent_query(nordic/de evidence unavailable, not zero)",gross_list_336,,exact_kg_product,,,
CAND-0155,variant_split,ARP Quadra,d65cb750-b1ed-442e-aee7-e412e4afce7b,arp-arp-quadra-serviced-keyboard-synthesizer-analog-synth-rare-vintage,Arp,Quadra Serviced Keyboard Synthesizer Analog Synth Rare Vintage,,standard/qa_only,excluded,excluded,Mapped from gross list in 03A; not previously reconciled.,,,,1,0,1,"median 52149 DKK (p25 52149 / p75 52149, n=1)",0 deferrals; 0 rejected,,,Mapped from the gross list but evidence is below the threshold for a canonical page.,,"gross_list+klup_trusted+klup_dryrun+single_source_only+no_incumbent_query(nordic/de evidence unavailable, not zero)",gross_list_336,,exact_kg_product,,,
CAND-0156,duplicate_consolidated,ARP Solina String Ensemble,b1775a25-3e17-42da-a827-2f9a50b7e7e6,arp-arp-solina-string-ensemble-1970s-wood-og-volume-pedal-included,Arp,,,standard/qa_only,,excluded,Mapped from gross list in 03A; not previously reconciled.,,,,0,0,0,,0 deferrals; 0 rejected,,,Mapped from the gross list; no observable Klup supply.,,"gross_list+klup_trusted+klup_dryrun+no_incumbent_query(nordic/de evidence unavailable, not zero)",gross_list_336,,exact_kg_product,,,
CAND-0157,duplicate_consolidated,ARP Solina String Ensemble,db244339-1874-4032-b205-fb7c408de5b4,arp-solina-string-ensemble,Arp,,,standard/qa_only,,excluded,Mapped from gross list in 03A; not previously reconciled.,,,,0,0,0,,0 deferrals; 0 rejected,,,Mapped from the gross list; no observable Klup supply.,,"gross_list+klup_trusted+klup_dryrun+no_incumbent_query(nordic/de evidence unavailable, not zero)",gross_list_336,,exact_kg_product,,,
CAND-0158,duplicate_consolidated,Buchla 200 / 200e Series,2785b36a-0bd5-4dde-9832-f526fb246621,buchla-200e-series,Buchla,,,standard/qa_only,,excluded,Mapped from gross list in 03A; not previously reconciled.,,,,0,0,0,,0 deferrals; 0 rejected,,,Mapped from the gross list; no observable Klup supply.,,"gross_list+klup_trusted+klup_dryrun+no_incumbent_query(nordic/de evidence unavailable, not zero)",gross_list_336,,exact_kg_product,,,
CAND-0159,duplicate_consolidated,Buchla 200 / 200e Series,d3114a5a-c7d6-4693-b1f0-bf6594cb8b34,buchla-200-series,Buchla,200 Series,,standard/qa_only,excluded,excluded,Mapped from gross list in 03A; not previously reconciled.,,,,0,5,1,"median 1513 DKK (p25 401 / p75 2915, n=5)",1 deferrals (brand_mismatch:1); 0 rejected,,,Mapped from the gross list but evidence is below the threshold for a canonical page.,,"gross_list+klup_trusted+klup_dryrun+single_source_only+no_incumbent_query(nordic/de evidence unavailable, not zero)",gross_list_336,,exact_kg_product,,,
CAND-0160,duplicate_consolidated,Casio CZ-101 / CZ-1 / CZ-5000,6455c2b1-89dc-4444-80f3-e2b7f9f6f31d,casio-cz-1,Casio,,,standard/qa_only,,excluded,Mapped from gross list in 03A; not previously reconciled.,,,,0,0,0,,0 deferrals; 0 rejected,,,Mapped from the gross list; no observable Klup supply.,,"gross_list+klup_trusted+klup_dryrun+no_incumbent_query(nordic/de evidence unavailable, not zero)",gross_list_336,,exact_kg_product,,,
CAND-0161,duplicate_consolidated,Casio CZ-101 / CZ-1 / CZ-5000,692c888e-2afb-4b26-b994-7454c0414130,casio-cz-5000,Casio,CZ-5000,,standard/qa_only,excluded,excluded,Mapped from gross list in 03A; not previously reconciled.,,,,0,16,1,"median 4106 DKK (p25 429 / p75 5652, n=16)",4 deferrals (ambiguous_tie:4); 0 rejected,,,Mapped from the gross list but evidence is below the threshold for a canonical page.,,"gross_list+klup_trusted+klup_dryrun+single_source_only+no_incumbent_query(nordic/de evidence unavailable, not zero)",gross_list_336,,exact_kg_product,,,
CAND-0162,duplicate_consolidated,Casio CZ-101 / CZ-1 / CZ-5000,a67ce1f1-aba9-46c3-af3e-bc7a77b86325,casio-cz-101,Casio,,,standard/qa_only,,excluded,Mapped from gross list in 03A; not previously reconciled.,,,,0,0,0,,0 deferrals; 0 rejected,,,Mapped from the gross list; no observable Klup supply.,,"gross_list+klup_trusted+klup_dryrun+no_incumbent_query(nordic/de evidence unavailable, not zero)",gross_list_336,,exact_kg_product,,,
CAND-0163,exact_match,Casio FZ-1,f6779d9e-755e-4df7-ae2e-f711848423a2,casio-fz-1,Casio,,,standard/qa_only,,excluded,Mapped from gross list in 03A; not previously reconciled.,,,,0,0,0,,0 deferrals; 0 rejected,,,Mapped from the gross list; no observable Klup supply.,,"gross_list+klup_trusted+klup_dryrun+no_incumbent_query(nordic/de evidence unavailable, not zero)",gross_list_336,,exact_kg_product,,,
CAND-0164,exact_match,Casio RZ-1,43ea8fbd-8132-4019-9d28-6b3beaff0c42,casio-rz-1,Casio,RZ-1,,standard/qa_only,excluded,excluded,Mapped from gross list in 03A; not previously reconciled.,,,,0,10,1,"median 2462 DKK (p25 259 / p75 3482, n=10)",4 deferrals (ambiguous_tie:3 non_product_intent:1); 0 rejected,,,Mapped from the gross list but evidence is below the threshold for a canonical page.,,"gross_list+klup_trusted+klup_dryrun+single_source_only+no_incumbent_query(nordic/de evidence unavailable, not zero)",gross_list_336,,exact_kg_product,,,
CAND-0165,exact_match,Casio SK-1 / SK-5,4f302564-f833-4d14-9ccc-9306c970d11b,casio-sk-1,Casio,,,standard/qa_only,,excluded,Mapped from gross list in 03A; not previously reconciled.,,,,0,0,0,,0 deferrals; 0 rejected,,,Mapped from the gross list; no observable Klup supply.,,"gross_list+klup_trusted+klup_dryrun+no_incumbent_query(nordic/de evidence unavailable, not zero)",gross_list_336,,exact_kg_product,,,
CAND-0166,exact_match,Casio VZ-1,55fe25a4-6e96-42ee-b9f8-a8fa60e925ef,casio-vz-1,Casio,,,standard/qa_only,,excluded,Mapped from gross list in 03A; not previously reconciled.,,,,0,0,0,,0 deferrals; 0 rejected,,,Mapped from the gross list; no observable Klup supply.,,"gross_list+klup_trusted+klup_dryrun+no_incumbent_query(nordic/de evidence unavailable, not zero)",gross_list_336,,exact_kg_product,,,
CAND-0167,duplicate_consolidated,Crumar Bit One / Bit 99,2feae162-4407-4dc5-a284-0997c6ef88f5,crumar-bit-99,Crumar,,,standard/qa_only,,excluded,Mapped from gross list in 03A; not previously reconciled.,,,,0,0,0,,0 deferrals; 1 rejected,,,Mapped from the gross list; no observable Klup supply.,,"gross_list+klup_trusted+klup_dryrun+no_incumbent_query(nordic/de evidence unavailable, not zero)",gross_list_336,,exact_kg_product,,,
CAND-0168,duplicate_consolidated,Crumar Bit One / Bit 99,602b5e2f-52da-4882-9502-e12c238fc063,crumar-bit-one,Crumar,,,standard/qa_only,excluded,excluded,Mapped from gross list in 03A; not previously reconciled.,,,,0,2,1,"median 8661 DKK (p25 8661 / p75 8661, n=2)",0 deferrals; 2 rejected,,,Mapped from the gross list but evidence is below the threshold for a canonical page.,,"gross_list+klup_trusted+klup_dryrun+single_source_only+no_incumbent_query(nordic/de evidence unavailable, not zero)",gross_list_336,,exact_kg_product,,,
CAND-0169,exact_match,Crumar Multiman / Orchestrator,da5f48d1-82a9-4e36-98ae-20405aaeda0f,crumar-multiman-s,Crumar,Multiman-S,,standard/qa_only,excluded,excluded,Mapped from gross list in 03A; not previously reconciled.,,,,6,14,1,"median 6228 DKK (p25 912 / p75 6774, n=20)",0 deferrals; 0 rejected,,,Mapped from the gross list but evidence is below the threshold for a canonical page.,,"gross_list+klup_trusted+klup_dryrun+single_source_only+no_incumbent_query(nordic/de evidence unavailable, not zero)",gross_list_336,,exact_kg_product,,,
CAND-0170,exact_match,Crumar Performer,27f64577-aeea-4f5f-9675-60d7b71b03d2,crumar-performer,Crumar,Performer,,standard/qa_only,excluded,excluded,Mapped from gross list in 03A; not previously reconciled.,,,,0,4,1,"median 3233 DKK (p25 64 / p75 8965, n=4)",33 deferrals (brand_mismatch:33); 0 rejected,,,Mapped from the gross list but evidence is below the threshold for a canonical page.,,"gross_list+klup_trusted+klup_dryrun+single_source_only+no_incumbent_query(nordic/de evidence unavailable, not zero)",gross_list_336,,exact_kg_product,,,
CAND-0171,exact_match,E-MU Systems Audity 2000,f3deab26-5acc-491f-b481-e434d5580451,e-mu-audity-2000,E Mu,,,standard/qa_only,,excluded,Mapped from gross list in 03A; not previously reconciled.,,,,0,0,0,,0 deferrals; 0 rejected,,,Mapped from the gross list; no observable Klup supply.,,"gross_list+klup_trusted+klup_dryrun+no_incumbent_query(nordic/de evidence unavailable, not zero)",gross_list_336,,exact_kg_product,,,
CAND-0172,duplicate_consolidated,E-MU Systems Emulator I / II / III,232d2257-ea88-4cee-8750-d3c15918c82e,e-mu-emulator-ii,E Mu,,,standard/qa_only,,excluded,Mapped from gross list in 03A; not previously reconciled.,,,,0,0,0,,0 deferrals; 0 rejected,,,Mapped from the gross list; no observable Klup supply.,,"gross_list+klup_trusted+klup_dryrun+no_incumbent_query(nordic/de evidence unavailable, not zero)",gross_list_336,,exact_kg_product,,,
CAND-0173,duplicate_consolidated,E-MU Systems Emulator I / II / III,e81aa499-3d82-480e-99f0-0dbc3a4c18d7,e-mu-emulator-iii,E Mu,,,standard/qa_only,,excluded,Mapped from gross list in 03A; not previously reconciled.,,,,0,0,0,,0 deferrals; 0 rejected,,,Mapped from the gross list; no observable Klup supply.,,"gross_list+klup_trusted+klup_dryrun+no_incumbent_query(nordic/de evidence unavailable, not zero)",gross_list_336,,exact_kg_product,,,
CAND-0174,exact_match,E-MU Systems Morpheus,83bce9b0-c742-40a8-b825-69495f5d0484,e-mu-morpheus,E Mu,,,standard/qa_only,,excluded,Mapped from gross list in 03A; not previously reconciled.,,,,0,0,0,,0 deferrals; 0 rejected,,,Mapped from the gross list; no observable Klup supply.,,"gross_list+klup_trusted+klup_dryrun+no_incumbent_query(nordic/de evidence unavailable, not zero)",gross_list_336,,exact_kg_product,,,
CAND-0175,duplicate_consolidated,E-MU Systems Orbit / Planet Phatt,031f0144-dc8c-4d8c-b467-71471d18e131,e-mu-orbit-9090,E Mu,,,standard/qa_only,,excluded,Mapped from gross list in 03A; not previously reconciled.,,,,0,0,0,,0 deferrals; 0 rejected,,,Mapped from the gross list; no observable Klup supply.,,"gross_list+klup_trusted+klup_dryrun+no_incumbent_query(nordic/de evidence unavailable, not zero)",gross_list_336,,exact_kg_product,,,
CAND-0176,duplicate_consolidated,E-MU Systems Orbit / Planet Phatt,7d830e5d-2483-4331-8119-4fbb1c510662,e-mu-orbit-3,E Mu,,,standard/qa_only,,excluded,Mapped from gross list in 03A; not previously reconciled.,,,,0,0,0,,0 deferrals; 0 rejected,,,Mapped from the gross list; no observable Klup supply.,,"gross_list+klup_trusted+klup_dryrun+no_incumbent_query(nordic/de evidence unavailable, not zero)",gross_list_336,,exact_kg_product,,,
CAND-0177,duplicate_consolidated,E-MU Systems Orbit / Planet Phatt,83a2db5c-ed0d-4e11-9541-a110694244be,e-mu-planet-phatt,E Mu,,,standard/qa_only,,excluded,Mapped from gross list in 03A; not previously reconciled.,,,,0,0,0,,0 deferrals; 0 rejected,,,Mapped from the gross list; no observable Klup supply.,,"gross_list+klup_trusted+klup_dryrun+no_incumbent_query(nordic/de evidence unavailable, not zero)",gross_list_336,,exact_kg_product,,,
CAND-0178,duplicate_consolidated,E-MU Systems SP-12 / SP-1200,3397bd2c-aa07-49dc-819d-93a1f47d6cf0,e-mu-sp-12,E Mu,,,standard/qa_only,,excluded,Mapped from gross list in 03A; not previously reconciled.,,,,0,0,0,,0 deferrals; 0 rejected,,,Mapped from the gross list; no observable Klup supply.,,"gross_list+klup_trusted+klup_dryrun+no_incumbent_query(nordic/de evidence unavailable, not zero)",gross_list_336,,exact_kg_product,,,
CAND-0179,duplicate_consolidated,E-MU Systems SP-12 / SP-1200,f55019fa-39a4-4e8e-91c5-2727181c9af8,e-mu-sp-1200,E Mu,,,standard/qa_only,,excluded,Mapped from gross list in 03A; not previously reconciled.,,,,0,0,0,,0 deferrals; 0 rejected,,,Mapped from the gross list; no observable Klup supply.,,"gross_list+klup_trusted+klup_dryrun+no_incumbent_query(nordic/de evidence unavailable, not zero)",gross_list_336,,exact_kg_product,,,
CAND-0180,exact_match,EMS VCS3,2386b347-3678-4a54-bec6-bb4ecd7383ea,electronic-music-studios-ems-vcs3,Electronic Music Studios Ems,,,standard/qa_only,,excluded,Mapped from gross list in 03A; not previously reconciled.,,,,0,0,0,,0 deferrals; 0 rejected,,,Mapped from the gross list; no observable Klup supply.,,"gross_list+klup_trusted+klup_dryrun+no_incumbent_query(nordic/de evidence unavailable, not zero)",gross_list_336,,exact_kg_product,,,
CAND-0181,variant_split,Ensoniq ASR-10 / ASR-X,2fd21c3a-4d61-4030-9769-5007c9dce0bc,ensoniq-asr-x,Ensoniq,ASR-X,,standard/qa_only,excluded,excluded,Mapped from gross list in 03A; not previously reconciled.,,,,0,4,1,"median 1620 DKK (p25 713 / p75 7795, n=4)",23 deferrals (ambiguous_tie:22 non_product_intent:1); 0 rejected,,,Mapped from the gross list but evidence is below the threshold for a canonical page.,,"gross_list+klup_trusted+klup_dryrun+single_source_only+no_incumbent_query(nordic/de evidence unavailable, not zero)",gross_list_336,,exact_kg_product,,,
CAND-0182,variant_split,Ensoniq ASR-10 / ASR-X,33c9eace-712d-4269-aa4f-9058a255c7c6,ensoniq-asr-10,Ensoniq,ASR-10,,standard/qa_only,excluded,excluded,Mapped from gross list in 03A; not previously reconciled.,,,,2,28,1,"median 1949 DKK (p25 210 / p75 10365, n=30)",8 deferrals (ambiguous_tie:7 non_product_intent:1); 2 rejected,,,Mapped from the gross list but evidence is below the threshold for a canonical page.,,"gross_list+klup_trusted+klup_dryrun+single_source_only+no_incumbent_query(nordic/de evidence unavailable, not zero)",gross_list_336,,exact_kg_product,,,
CAND-0183,variant_split,Ensoniq ASR-10 / ASR-X,9a0e4e39-9900-4e68-8600-6f5196873e81,ensoniq-asr-x-pro,Ensoniq,ASR-X Pro,,standard/qa_only,,excluded,Mapped from gross list in 03A; not previously reconciled.,,,,0,0,0,,22 deferrals (ambiguous_tie:22); 1 rejected,,,Mapped from the gross list; no observable Klup supply.,,"gross_list+klup_trusted+klup_dryrun+no_incumbent_query(nordic/de evidence unavailable, not zero)",gross_list_336,,exact_kg_product,,,
CAND-0184,variant_split,Ensoniq EPS / EPS-16+,868b5234-bbc2-48f9-9207-20edef64aab3,ensoniq-eps-16,Ensoniq,EPS-16+,,standard/qa_only,excluded,excluded,Mapped from gross list in 03A; not previously reconciled.,,,,0,1,1,"median 3638 DKK (p25 3638 / p75 3638, n=1)",6 deferrals (ambiguous_tie:6); 0 rejected,,,Mapped from the gross list but evidence is below the threshold for a canonical page.,,"gross_list+klup_trusted+klup_dryrun+single_source_only+no_incumbent_query(nordic/de evidence unavailable, not zero)",gross_list_336,,exact_kg_product,,,
CAND-0185,variant_split,Ensoniq EPS / EPS-16+,9f73a0c8-5d07-4ba1-b962-e4217351087f,ensoniq-eps,Ensoniq,EPS,,standard/qa_only,excluded,excluded,Mapped from gross list in 03A; not previously reconciled.,,,,0,31,1,"median 1749 DKK (p25 389 / p75 3401, n=31)",20 deferrals (ambiguous_tie:17 copy_or_reference:2); 4 rejected,,,Mapped from the gross list but evidence is below the threshold for a canonical page.,,"gross_list+klup_trusted+klup_dryrun+single_source_only+no_incumbent_query(nordic/de evidence unavailable, not zero)",gross_list_336,,exact_kg_product,,,
CAND-0186,variant_split,Ensoniq EPS / EPS-16+,c1c99784-b8ea-4f7e-a8bd-1034fbe4aedd,ensoniq-eps-16-plus,Ensoniq,EPS-16 Plus,,standard/qa_only,excluded,excluded,Mapped from gross list in 03A; not previously reconciled.,,,,5,0,1,"median 5312 DKK (p25 5059 / p75 7008, n=5)",1 deferrals (ambiguous_tie:1); 15 rejected,,,Mapped from the gross list but evidence is below the threshold for a canonical page.,,"gross_list+klup_trusted+klup_dryrun+single_source_only+no_incumbent_query(nordic/de evidence unavailable, not zero)",gross_list_336,,exact_kg_product,,,
CAND-0187,variant_split,Ensoniq ESQ-1 / SQ-80,523bdb19-58fd-494b-a2e5-cfc8f6e4d063,ensoniq-sq-80,Ensoniq,SQ-80,,standard/qa_only,excluded,excluded,Mapped from gross list in 03A; not previously reconciled.,,,,0,22,1,"median 324 DKK (p25 215 / p75 3725, n=22)",18 deferrals (ambiguous_tie:15 non_product_intent:3); 0 rejected,,,Mapped from the gross list but evidence is below the threshold for a canonical page.,,"gross_list+klup_trusted+klup_dryrun+single_source_only+no_incumbent_query(nordic/de evidence unavailable, not zero)",gross_list_336,,exact_kg_product,,,
CAND-0188,variant_split,Ensoniq ESQ-1 / SQ-80,6129d62c-199c-4eb9-8e6c-eeab5d5e1d9e,ensoniq-esq-1,Ensoniq,ESQ-1,,standard/qa_only,excluded,excluded,Mapped from gross list in 03A; not previously reconciled.,,,,0,21,1,"median 4365 DKK (p25 2591 / p75 7741, n=21)",46 deferrals (ambiguous_tie:44 non_product_intent:2); 3 rejected,,,Mapped from the gross list but evidence is below the threshold for a canonical page.,,"gross_list+klup_trusted+klup_dryrun+single_source_only+no_incumbent_query(nordic/de evidence unavailable, not zero)",gross_list_336,,exact_kg_product,,,
CAND-0189,exact_match,Ensoniq Fizmo,18e03de3-3614-41e6-92f6-bf99433d327f,ensoniq-fizmo,Ensoniq,,,standard/qa_only,excluded,excluded,Mapped from gross list in 03A; not previously reconciled.,,,,5,1,1,"median 30557 DKK (p25 16975 / p75 32908, n=6)",0 deferrals; 0 rejected,,,Mapped from the gross list but evidence is below the threshold for a canonical page.,,"gross_list+klup_trusted+klup_dryrun+single_source_only+no_incumbent_query(nordic/de evidence unavailable, not zero)",gross_list_336,,exact_kg_product,,,
CAND-0190,variant_split,Ensoniq Mirage,6073d57b-a8a1-4ca3-8e6f-c64d0df23740,ensoniq-mirage,Ensoniq,Mirage,,standard/qa_only,excluded,excluded,Mapped from gross list in 03A; not previously reconciled.,,,,0,14,1,"median 810 DKK (p25 97 / p75 7774, n=14)",39 deferrals (ambiguous_tie:38 brand_mismatch:1); 0 rejected,,,Mapped from the gross list but evidence is below the threshold for a canonical page.,,"gross_list+klup_trusted+klup_dryrun+single_source_only+no_incumbent_query(nordic/de evidence unavailable, not zero)",gross_list_336,,exact_kg_product,,,
CAND-0191,variant_split,Ensoniq Mirage,63adefb5-cc0e-460e-83d5-54355a0d76cd,ensoniq-mirage-dsk-8,Ensoniq,Mirage DSK-8,,standard/qa_only,excluded,excluded,Mapped from gross list in 03A; not previously reconciled.,,,,3,0,1,"median 4859 DKK (p25 2397 / p75 5992, n=3)",1 deferrals (ambiguous_tie:1); 8 rejected,,,Mapped from the gross list but evidence is below the threshold for a canonical page.,,"gross_list+klup_trusted+klup_dryrun+single_source_only+no_incumbent_query(nordic/de evidence unavailable, not zero)",gross_list_336,,exact_kg_product,,,
CAND-0192,variant_split,Ensoniq Mirage,e15d44e3-5985-427f-95d7-17d5a1ae0ac9,ensoniq-mirage-dsk-1,Ensoniq,Mirage DSK-1,,standard/qa_only,,excluded,Mapped from gross list in 03A; not previously reconciled.,,,,0,0,0,,0 deferrals; 3 rejected,,,Mapped from the gross list; no observable Klup supply.,,"gross_list+klup_trusted+klup_dryrun+no_incumbent_query(nordic/de evidence unavailable, not zero)",gross_list_336,,exact_kg_product,,,
CAND-0193,exact_match,Ensoniq VFX / VFX-SD,03afeb37-3160-4c1d-8146-ea48e4bccb90,ensoniq-vfx,Ensoniq,VFX,,standard/qa_only,excluded,excluded,Mapped from gross list in 03A; not previously reconciled.,,,,0,22,1,"median 1982 DKK (p25 324 / p75 5262, n=22)",19 deferrals (ambiguous_tie:18 non_product_intent:1); 0 rejected,,,Mapped from the gross list but evidence is below the threshold for a canonical page.,,"gross_list+klup_trusted+klup_dryrun+single_source_only+no_incumbent_query(nordic/de evidence unavailable, not zero)",gross_list_336,,exact_kg_product,,,
CAND-0194,exact_match,Fairlight CMI Series I / II / III,135c8ee3-7bc9-485c-a269-7189ade731b6,fairlight-cmi-series-i-iii,Fairlight,,,standard/qa_only,,excluded,Mapped from gross list in 03A; not previously reconciled.,,,,0,0,0,,0 deferrals; 0 rejected,,,Mapped from the gross list; no observable Klup supply.,,"gross_list+klup_trusted+klup_dryrun+no_incumbent_query(nordic/de evidence unavailable, not zero)",gross_list_336,,exact_kg_product,,,
CAND-0195,exact_match,Kawai K4 / K4R,d250b9cb-4c18-416a-b692-afee9762fb09,kawai-k4r,Kawai,,,standard/qa_only,,excluded,Mapped from gross list in 03A; not previously reconciled.,,,,0,0,0,,0 deferrals; 0 rejected,,,Mapped from the gross list; no observable Klup supply.,,"gross_list+klup_trusted+klup_dryrun+no_incumbent_query(nordic/de evidence unavailable, not zero)",gross_list_336,,exact_kg_product,,,
CAND-0196,duplicate_consolidated,Kawai SX-210 / SX-240,4bb3458a-9542-428d-874b-022306af0b02,kawai-sx-240,Kawai,,,standard/qa_only,,excluded,Mapped from gross list in 03A; not previously reconciled.,,,,0,0,0,,0 deferrals; 0 rejected,,,Mapped from the gross list; no observable Klup supply.,,"gross_list+klup_trusted+klup_dryrun+no_incumbent_query(nordic/de evidence unavailable, not zero)",gross_list_336,,exact_kg_product,,,
CAND-0197,duplicate_consolidated,Kawai SX-210 / SX-240,7196c6f0-aa65-45da-824e-816483d185f0,kawai-sx-210,Kawai,,,standard/qa_only,,excluded,Mapped from gross list in 03A; not previously reconciled.,,,,0,0,0,,0 deferrals; 0 rejected,,,Mapped from the gross list; no observable Klup supply.,,"gross_list+klup_trusted+klup_dryrun+no_incumbent_query(nordic/de evidence unavailable, not zero)",gross_list_336,,exact_kg_product,,,
CAND-0198,exact_match,Korg Delta,15acf442-a0a9-4fd1-aa95-3d95fd420aab,korg-delta,Korg,Delta,,standard/qa_only,excluded,excluded,Mapped from gross list in 03A; not previously reconciled.,,,,0,9,1,"median 5846 DKK (p25 84 / p75 6922, n=9)",11 deferrals (ambiguous_tie:9 non_product_intent:1); 0 rejected,,,Mapped from the gross list but evidence is below the threshold for a canonical page.,,"gross_list+klup_trusted+klup_dryrun+single_source_only+no_incumbent_query(nordic/de evidence unavailable, not zero)",gross_list_336,,exact_kg_product,,,
CAND-0199,duplicate_consolidated,Korg M1,0c74173f-d4ec-47ae-8e4e-3157d7db3267,korg-m1,Korg,,,standard/qa_only,,excluded,Mapped from gross list in 03A; not previously reconciled.,,,,0,0,0,,0 deferrals; 0 rejected,,,Mapped from the gross list; no observable Klup supply.,,"gross_list+klup_trusted+klup_dryrun+no_incumbent_query(nordic/de evidence unavailable, not zero)",gross_list_336,,exact_kg_product,,,
CAND-0200,duplicate_consolidated,Korg M1,3492a4d5-ef0a-49f1-bdf4-940b29221a9b,korg-korg-m1-cards-mpc-0ex-pro-combi-memory-card-internal-pre-load-data-pcm-synth,Korg,,,standard/qa_only,,excluded,Mapped from gross list in 03A; not previously reconciled.,,,,0,0,0,,0 deferrals; 0 rejected,,,Mapped from the gross list; no observable Klup supply.,,"gross_list+klup_trusted+klup_dryrun+no_incumbent_query(nordic/de evidence unavailable, not zero)",gross_list_336,,exact_kg_product,,,
CAND-0201,duplicate_consolidated,Korg M1,e7858dca-51f6-4708-948f-8f76786a2cdf,korg-electribe-m-em-1,Korg,ElecTribe M (EM-1),,standard/qa_only,,excluded,Mapped from gross list in 03A; not previously reconciled.,,,,0,0,0,,0 deferrals; 0 rejected,,,Mapped from the gross list; no observable Klup supply.,,"gross_list+klup_trusted+klup_dryrun+no_incumbent_query(nordic/de evidence unavailable, not zero)",gross_list_336,,exact_kg_product,,,
CAND-0202,exact_match,Korg Minipops 7 / 120,4c6b1ec2-36d1-4e59-8757-f6659e96795d,korg-minipops120,Korg,,,standard/qa_only,,excluded,Mapped from gross list in 03A; not previously reconciled.,,,,0,0,0,,0 deferrals; 0 rejected,,,Mapped from the gross list; no observable Klup supply.,,"gross_list+klup_trusted+klup_dryrun+no_incumbent_query(nordic/de evidence unavailable, not zero)",gross_list_336,,exact_kg_product,,,
CAND-0203,variant_split,Korg Mono/Poly,b19080df-b9a4-4cdb-b06a-7fcf663e0e88,korg-monopoly,Korg,,,standard/qa_only,excluded,excluded,Mapped from gross list in 03A; not previously reconciled.,,,,1,0,1,"median 17458 DKK (p25 17458 / p75 17458, n=1)",0 deferrals; 0 rejected,,,Mapped from the gross list but evidence is below the threshold for a canonical page.,,"gross_list+klup_trusted+klup_dryrun+single_source_only+no_incumbent_query(nordic/de evidence unavailable, not zero)",gross_list_336,,exact_kg_product,,,
CAND-0204,duplicate_consolidated,Korg MS-10 / MS-50,2d6df483-cbc4-441d-832f-be8346757d5b,korg-ms-50,Korg,,,standard/qa_only,,excluded,Mapped from gross list in 03A; not previously reconciled.,,,,0,0,0,,0 deferrals; 0 rejected,,,Mapped from the gross list; no observable Klup supply.,,"gross_list+klup_trusted+klup_dryrun+no_incumbent_query(nordic/de evidence unavailable, not zero)",gross_list_336,,exact_kg_product,,,
CAND-0205,duplicate_consolidated,Korg MS-10 / MS-50,daebfc64-fa28-4d02-a9ca-271c9b262ff1,korg-ms-10,Korg,,,standard/qa_only,,excluded,Mapped from gross list in 03A; not previously reconciled.,,,,0,0,0,,0 deferrals; 0 rejected,,,Mapped from the gross list; no observable Klup supply.,,"gross_list+klup_trusted+klup_dryrun+no_incumbent_query(nordic/de evidence unavailable, not zero)",gross_list_336,,exact_kg_product,,,
CAND-0206,variant_split,Korg MS-20,29e24960-e3cc-4f16-9878-8bf5c4e22521,korg-ms-20-mini,Korg,MS-20 mini,,standard/qa_only,excluded,excluded,Mapped from gross list in 03A; not previously reconciled.,,,,0,8,1,"median 3650 DKK (p25 3578 / p75 5830, n=8)",43 deferrals (ambiguous_tie:42 non_product_intent:1); 11 rejected,,,Mapped from the gross list but evidence is below the threshold for a canonical page.,,"gross_list+klup_trusted+klup_dryrun+single_source_only+no_incumbent_query(nordic/de evidence unavailable, not zero)",gross_list_336,,exact_kg_product,,,
CAND-0207,exact_match,Korg MS-2000,8838f2ca-0325-41f0-8132-4d274da066a6,korg-ms2000,Korg,MS2000,,standard/qa_only,,excluded,Mapped from gross list in 03A; not previously reconciled.,,,,0,23,1,"median 3045 DKK (p25 85 / p75 4211, n=23)",4 deferrals (ambiguous_tie:4); 0 rejected,,,Mapped from the gross list but evidence is below the threshold for a canonical page.,,"gross_list+klup_trusted+klup_dryrun+single_source_only+no_incumbent_query(nordic/de evidence unavailable, not zero)",gross_list_336,,exact_kg_product,,,
CAND-0208,duplicate_consolidated,Korg Polysix,0c079ca9-7275-4f9a-8ccb-b40cd5a6aa30,korg-polysix-1980s-navy-blue,Korg,PolySix 1980s - Navy Blue,,standard/qa_only,,excluded,Mapped from gross list in 03A; not previously reconciled.,,,,0,0,0,,8 deferrals (ambiguous_tie:8); 0 rejected,,,Mapped from the gross list; no observable Klup supply.,,"gross_list+klup_trusted+klup_dryrun+no_incumbent_query(nordic/de evidence unavailable, not zero)",gross_list_336,,exact_kg_product,,,
CAND-0209,exact_match,Korg Prophecy,433befe9-95fc-4e3d-8ff5-95eff98cc358,korg-prophecy,Korg,Prophecy,,standard/qa_only,excluded,excluded,Mapped from gross list in 03A; not previously reconciled.,,,,0,26,1,"median 130 DKK (p25 77 / p75 292, n=26)",19 deferrals (ambiguous_tie:9 brand_mismatch:6); 1 rejected,,,Mapped from the gross list but evidence is below the threshold for a canonical page.,,"gross_list+klup_trusted+klup_dryrun+single_source_only+no_incumbent_query(nordic/de evidence unavailable, not zero)",gross_list_336,,exact_kg_product,,,
CAND-0210,duplicate_consolidated,Korg Wavestation,53146bda-6e46-4b35-a4d5-b289164789d6,korg-wavestation-sr,Korg,Wavestation SR,,standard/qa_only,,excluded,Mapped from gross list in 03A; not previously reconciled.,,,,0,0,0,,7 deferrals (ambiguous_tie:7); 0 rejected,,,Mapped from the gross list; no observable Klup supply.,,"gross_list+klup_trusted+klup_dryrun+no_incumbent_query(nordic/de evidence unavailable, not zero)",gross_list_336,,exact_kg_product,,,
CAND-0211,duplicate_consolidated,Korg Wavestation,da7f406d-b216-48a9-8b41-4df510d74b40,korg-wavestation-ad,Korg,Wavestation A/D,,standard/qa_only,,excluded,Mapped from gross list in 03A; not previously reconciled.,,,,0,0,0,,9 deferrals (ambiguous_tie:9); 0 rejected,,,Mapped from the gross list; no observable Klup supply.,,"gross_list+klup_trusted+klup_dryrun+no_incumbent_query(nordic/de evidence unavailable, not zero)",gross_list_336,,exact_kg_product,,,
CAND-0212,exact_match,Korg Z1,a1d433a5-a371-41b5-b2d6-7a836731a1a6,korg-z1,Korg,,,standard/qa_only,,excluded,Mapped from gross list in 03A; not previously reconciled.,,,,0,0,0,,0 deferrals; 0 rejected,,,Mapped from the gross list; no observable Klup supply.,,"gross_list+klup_trusted+klup_dryrun+no_incumbent_query(nordic/de evidence unavailable, not zero)",gross_list_336,,exact_kg_product,,,
CAND-0213,duplicate_consolidated,Kush Audio Clariphonic,559d3efa-f8a6-4756-9391-68c3ce755e85,kush-audio-kush-audio-clariphonic-pair-500-series-parallel-equalizer-module-2010s-black,Kush Audio,,,standard/qa_only,,excluded,Mapped from gross list in 03A; not previously reconciled.,,,,0,0,0,,0 deferrals; 0 rejected,,,Mapped from the gross list; no observable Klup supply.,,"gross_list+klup_trusted+klup_dryrun+no_incumbent_query(nordic/de evidence unavailable, not zero)",gross_list_336,,exact_kg_product,,,
CAND-0214,duplicate_consolidated,Kush Audio Clariphonic,7cd9cb57-3967-4775-92dc-398df862608e,kush-audio-kush-audio-clariphonic-channel-parallel-equalizer-2010s-brown-black,Kush Audio,Clariphonic Channel Parallel Equalizer 2010s - Brown / Black,,standard/qa_only,,excluded,Mapped from gross list in 03A; not previously reconciled.,,,,0,0,0,,0 deferrals; 0 rejected,,,Mapped from the gross list; no observable Klup supply.,,"gross_list+klup_trusted+klup_dryrun+no_incumbent_query(nordic/de evidence unavailable, not zero)",gross_list_336,,exact_kg_product,,,
CAND-0215,duplicate_consolidated,Kush Audio Clariphonic,7cda8f00-e3bf-4713-9382-8ca7d291cfa8,kush-audio-kush-audio-clariphonic-500-series-parallel-equalizer-module-2010s-black,Kush Audio,,,standard/qa_only,,excluded,Mapped from gross list in 03A; not previously reconciled.,,,,0,0,0,,0 deferrals; 0 rejected,,,Mapped from the gross list; no observable Klup supply.,,"gross_list+klup_trusted+klup_dryrun+no_incumbent_query(nordic/de evidence unavailable, not zero)",gross_list_336,,exact_kg_product,,,
CAND-0216,duplicate_consolidated,Kush Audio Clariphonic,7d67f2b1-8288-4f63-ad3b-d740cfee0ad2,kush-audio-kush-audio-clariphonic-dual-channel-parallel-equalizer-2010s-brown-black,Kush Audio,,,standard/qa_only,,excluded,Mapped from gross list in 03A; not previously reconciled.,,,,0,0,0,,0 deferrals; 0 rejected,,,Mapped from the gross list; no observable Klup supply.,,"gross_list+klup_trusted+klup_dryrun+no_incumbent_query(nordic/de evidence unavailable, not zero)",gross_list_336,,exact_kg_product,,,
CAND-0217,duplicate_consolidated,Kush Audio Clariphonic,910bb68b-3283-47df-815b-9c45d7900d60,kush-audio-kush-audio-ubk-clariphonic,Kush Audio,,,standard/qa_only,,excluded,Mapped from gross list in 03A; not previously reconciled.,,,,0,0,0,,0 deferrals; 0 rejected,,,Mapped from the gross list; no observable Klup supply.,,"gross_list+klup_trusted+klup_dryrun+no_incumbent_query(nordic/de evidence unavailable, not zero)",gross_list_336,,exact_kg_product,,,
CAND-0218,exact_match,Linn 9000,c7482190-1bff-4fb1-9979-80e17fec380a,linn-electronics-linn-9000,Linn Electronics,,,standard/qa_only,,excluded,Mapped from gross list in 03A; not previously reconciled.,,,,0,0,0,,0 deferrals; 0 rejected,,,Mapped from the gross list; no observable Klup supply.,,"gross_list+klup_trusted+klup_dryrun+no_incumbent_query(nordic/de evidence unavailable, not zero)",gross_list_336,,exact_kg_product,,,
CAND-0219,exact_match,Linn LM-1,54863a9f-d7b7-4a20-939b-336ff5174333,linn-electronics-lm-1-drum-computer,Linn Electronics,,,standard/qa_only,,excluded,Mapped from gross list in 03A; not previously reconciled.,,,,0,0,0,,0 deferrals; 0 rejected,,,Mapped from the gross list; no observable Klup supply.,,"gross_list+klup_trusted+klup_dryrun+no_incumbent_query(nordic/de evidence unavailable, not zero)",gross_list_336,,exact_kg_product,,,
CAND-0220,duplicate_consolidated,Logan String Melody / String Melody II,1a7ce29a-5a90-4bc0-9304-2131965c561f,logan-hohner-string-melody-ii-0,Logan Hohner,,,standard/qa_only,,excluded,Mapped from gross list in 03A; not previously reconciled.,,,,0,0,0,,0 deferrals; 0 rejected,,,Mapped from the gross list; no observable Klup supply.,,"gross_list+klup_trusted+klup_dryrun+no_incumbent_query(nordic/de evidence unavailable, not zero)",gross_list_336,,exact_kg_product,,,
CAND-0221,duplicate_consolidated,Logan String Melody / String Melody II,95b229f0-db08-471c-a613-95df1d835c82,logan-hohner-string-melody-ii,Logan Hohner,,,standard/qa_only,,excluded,Mapped from gross list in 03A; not previously reconciled.,,,,0,0,0,,0 deferrals; 0 rejected,,,Mapped from the gross list; no observable Klup supply.,,"gross_list+klup_trusted+klup_dryrun+no_incumbent_query(nordic/de evidence unavailable, not zero)",gross_list_336,,exact_kg_product,,,
CAND-0222,duplicate_consolidated,Manley ELOP,3aeb9230-c1b1-4161-8b66-ae8eaddcf186,manley-manley-elop--stereo-limiter-compressor,Manley,ELOP + Stereo Limiter Compressor,,standard/qa_only,,excluded,Mapped from gross list in 03A; not previously reconciled.,,,,0,0,0,,0 deferrals; 0 rejected,,,Mapped from the gross list; no observable Klup supply.,,"gross_list+klup_trusted+klup_dryrun+no_incumbent_query(nordic/de evidence unavailable, not zero)",gross_list_336,,exact_kg_product,,,
CAND-0223,duplicate_consolidated,Manley ELOP,41a19538-ae57-4509-b615-d601cda91209,manley-manley-elop,Manley,ELOP+,,standard/qa_only,,excluded,Mapped from gross list in 03A; not previously reconciled.,,,,0,0,0,,7 deferrals (ambiguous_tie:7); 0 rejected,,,Mapped from the gross list; no observable Klup supply.,,"gross_list+klup_trusted+klup_dryrun+no_incumbent_query(nordic/de evidence unavailable, not zero)",gross_list_336,,exact_kg_product,,,
CAND-0224,variant_split,Manley Massive Passive,163f2c3a-e36b-4572-b968-7391480c58ed,manley-manley-labs-massive-passive-stereo-tube-equalizer,Manley,Labs Massive Passive Stereo Tube Equalizer,,standard/qa_only,excluded,excluded,Mapped from gross list in 03A; not previously reconciled.,,,,2,0,1,"median 33654 DKK (p25 28504 / p75 33654, n=2)",8 deferrals (ambiguous_tie:8); 0 rejected,,,Mapped from the gross list but evidence is below the threshold for a canonical page.,,"gross_list+klup_trusted+klup_dryrun+single_source_only+no_incumbent_query(nordic/de evidence unavailable, not zero)",gross_list_336,,exact_kg_product,,,
CAND-0225,variant_split,Manley Massive Passive,63cea733-4571-4a8a-b086-8a5f0cb3d386,manley-manley-labs-massive-passive-stereo-tube-equalizer-2000s-purple,Manley,Labs Massive Passive Stereo Tube Equalizer 2000s - Purple,,standard/qa_only,,excluded,Mapped from gross list in 03A; not previously reconciled.,,,,0,0,0,,3 deferrals (ambiguous_tie:3); 0 rejected,,,Mapped from the gross list; no observable Klup supply.,,"gross_list+klup_trusted+klup_dryrun+no_incumbent_query(nordic/de evidence unavailable, not zero)",gross_list_336,,exact_kg_product,,,
CAND-0226,variant_split,Manley Massive Passive,7148213b-cb3c-421c-910e-671a60f45724,manley-manley-massive-passive-xxv-anniversary-edition-stereo-tube-eq,Manley,,,standard/qa_only,,excluded,Mapped from gross list in 03A; not previously reconciled.,,,,0,0,0,,0 deferrals; 0 rejected,,,Mapped from the gross list; no observable Klup supply.,,"gross_list+klup_trusted+klup_dryrun+no_incumbent_query(nordic/de evidence unavailable, not zero)",gross_list_336,,exact_kg_product,,,
CAND-0227,variant_split,Manley Massive Passive,75495452-9f2f-4d21-9cb3-85cf8dc1dc97,manley-manley-mastering-massive-passive-eq,Manley,Mastering Massive Passive  EQ,,standard/qa_only,,excluded,Mapped from gross list in 03A; not previously reconciled.,,,,0,0,0,,0 deferrals; 0 rejected,,,Mapped from the gross list; no observable Klup supply.,,"gross_list+klup_trusted+klup_dryrun+no_incumbent_query(nordic/de evidence unavailable, not zero)",gross_list_336,,exact_kg_product,,,
CAND-0228,variant_split,Manley Massive Passive,940afc3c-d933-4c9d-8a3d-3620211861af,manley-manley-massive-passive-stereo-tube-eq,Manley,Massive Passive Stereo Tube EQ,,standard/qa_only,,excluded,Mapped from gross list in 03A; not previously reconciled.,,,,0,0,0,,4 deferrals (ambiguous_tie:4); 0 rejected,,,Mapped from the gross list; no observable Klup supply.,,"gross_list+klup_trusted+klup_dryrun+no_incumbent_query(nordic/de evidence unavailable, not zero)",gross_list_336,,exact_kg_product,,,
CAND-0229,variant_split,Manley Massive Passive,be1feef5-edab-410e-92eb-e5c577526e36,manley-manley-labs-massive-passive-mastering-eq-equalizer--pro-audio-la,Manley,Labs Massive Passive Mastering EQ Equalizer | Pro Audio LA,,standard/qa_only,,excluded,Mapped from gross list in 03A; not previously reconciled.,,,,0,0,0,,0 deferrals; 0 rejected,,,Mapped from the gross list; no observable Klup supply.,,"gross_list+klup_trusted+klup_dryrun+no_incumbent_query(nordic/de evidence unavailable, not zero)",gross_list_336,,exact_kg_product,,,
CAND-0230,variant_split,Manley Massive Passive,e82ec137-575d-4721-be7b-d1d6e5a9797a,manley-massive-passive,Manley,Massive Passive,,standard/qa_only,excluded,excluded,Mapped from gross list in 03A; not previously reconciled.,,,,4,3,1,"median 40806 DKK (p25 34912 / p75 48553, n=7)",15 deferrals (ambiguous_tie:15); 35 rejected,,,Mapped from the gross list but evidence is below the threshold for a canonical page.,,"gross_list+klup_trusted+klup_dryrun+single_source_only+no_incumbent_query(nordic/de evidence unavailable, not zero)",gross_list_336,,exact_kg_product,,,
CAND-0231,variant_split,Manley Massive Passive,f2fb4f0f-c4f6-42d6-9199-e0fe18aa1a31,manley-manley-labs-massive-passive-mastering-version-stereo-tube-equalizer,Manley,Labs Massive Passive Mastering Version Stereo Tube Equalizer,,standard/qa_only,excluded,excluded,Mapped from gross list in 03A; not previously reconciled.,,,,1,0,1,"median 28439 DKK (p25 28439 / p75 28439, n=1)",3 deferrals (ambiguous_tie:3); 0 rejected,,,Mapped from the gross list but evidence is below the threshold for a canonical page.,,"gross_list+klup_trusted+klup_dryrun+single_source_only+no_incumbent_query(nordic/de evidence unavailable, not zero)",gross_list_336,,exact_kg_product,,,
CAND-0232,duplicate_consolidated,Manley Reference Cardioid Microphone,185521d4-c2bc-45e1-a42c-85fadd2248e7,manley-manley-reference-cardioid,Manley,Reference Cardioid,,standard/qa_only,,excluded,Mapped from gross list in 03A; not previously reconciled.,,,,0,0,0,,14 deferrals (product_data_conflict:14); 0 rejected,,,Mapped from the gross list; no observable Klup supply.,,"gross_list+klup_trusted+klup_dryrun+no_incumbent_query(nordic/de evidence unavailable, not zero)",gross_list_336,,exact_kg_product,,,
CAND-0233,duplicate_consolidated,Manley Reference Cardioid Microphone,3bfa3be3-fc54-4698-a1e8-bb2c488ba63c,manley-reference-cardioid,Manley,Reference Cardioid,,standard/qa_only,,excluded,Mapped from gross list in 03A; not previously reconciled.,,,,0,0,0,,14 deferrals (product_data_conflict:14); 0 rejected,,,Mapped from the gross list; no observable Klup supply.,,"gross_list+klup_trusted+klup_dryrun+no_incumbent_query(nordic/de evidence unavailable, not zero)",gross_list_336,,exact_kg_product,,,
CAND-0234,duplicate_consolidated,Manley Reference Cardioid Microphone,6aeb4f2a-357d-4a2b-8cb2-cd87d0c470ac,manley-ref-c,Manley,Reference Cardioid,,standard/qa_only,,excluded,Mapped from gross list in 03A; not previously reconciled.,,,,10,0,1,"median 22667 DKK (p25 18197 / p75 22667, n=10)",14 deferrals (product_data_conflict:14); 22 rejected,,,Mapped from the gross list but evidence is below the threshold for a canonical page.,,"gross_list+klup_trusted+klup_dryrun+single_source_only+no_incumbent_query(nordic/de evidence unavailable, not zero)",gross_list_336,,exact_kg_product,,,
CAND-0235,duplicate_consolidated,Manley Reference Cardioid Microphone,71cb2861-264a-4c67-8bfe-660e761244ed,manley-manley-reference-cardioid-microphone-tube-microphone,Manley,Reference Cardioid Microphone Tube Microphone,,standard/qa_only,,excluded,Mapped from gross list in 03A; not previously reconciled.,,,,0,0,0,,0 deferrals; 0 rejected,,,Mapped from the gross list; no observable Klup supply.,,"gross_list+klup_trusted+klup_dryrun+no_incumbent_query(nordic/de evidence unavailable, not zero)",gross_list_336,,exact_kg_product,,,
CAND-0236,duplicate_consolidated,Manley VOXBOX,2071db68-76ec-4a81-bb0f-78014f6496ef,manley-manley-voxbox-demo,Manley,,,standard/qa_only,,excluded,Mapped from gross list in 03A; not previously reconciled.,,,,0,0,0,,0 deferrals; 0 rejected,,,Mapped from the gross list; no observable Klup supply.,,"gross_list+klup_trusted+klup_dryrun+no_incumbent_query(nordic/de evidence unavailable, not zero)",gross_list_336,,exact_kg_product,,,
CAND-0237,duplicate_consolidated,Manley VOXBOX,2cb6f3cd-3aac-42d4-9485-d9454a489062,manley-manley-voxbox-chanel-strip-pride-edition,Manley,VoxBox Chanel Strip (Pride Edition),,standard/qa_only,,excluded,Mapped from gross list in 03A; not previously reconciled.,,,,0,0,0,,0 deferrals; 0 rejected,,,Mapped from the gross list; no observable Klup supply.,,"gross_list+klup_trusted+klup_dryrun+no_incumbent_query(nordic/de evidence unavailable, not zero)",gross_list_336,,exact_kg_product,,,
CAND-0238,duplicate_consolidated,Manley VOXBOX,388a6e3c-fb1c-4920-a190-752a54769a57,manley-manley-labs-voxbox-tube-channel-strip-2000s-silver,Manley,Labs VOXBOX Tube Channel Strip 2000s - Silver,,standard/qa_only,,excluded,Mapped from gross list in 03A; not previously reconciled.,,,,0,0,0,,0 deferrals; 0 rejected,,,Mapped from the gross list; no observable Klup supply.,,"gross_list+klup_trusted+klup_dryrun+no_incumbent_query(nordic/de evidence unavailable, not zero)",gross_list_336,,exact_kg_product,,,
CAND-0239,duplicate_consolidated,Manley VOXBOX,594486f3-633d-46c4-bffc-f4c4672802b2,manley-manley-labs-voxbox-tube-channel-strip,Manley,,,standard/qa_only,,excluded,Mapped from gross list in 03A; not previously reconciled.,,,,0,0,0,,0 deferrals; 0 rejected,,,Mapped from the gross list; no observable Klup supply.,,"gross_list+klup_trusted+klup_dryrun+no_incumbent_query(nordic/de evidence unavailable, not zero)",gross_list_336,,exact_kg_product,,,
CAND-0240,duplicate_consolidated,Manley VOXBOX,b698d969-db87-4ff2-beb9-8861fb1419da,manley-manley-voxbox-chanel-strip,Manley,,,standard/qa_only,,excluded,Mapped from gross list in 03A; not previously reconciled.,,,,0,0,0,,0 deferrals; 0 rejected,,,Mapped from the gross list; no observable Klup supply.,,"gross_list+klup_trusted+klup_dryrun+no_incumbent_query(nordic/de evidence unavailable, not zero)",gross_list_336,,exact_kg_product,,,
CAND-0241,exact_match,Moog Liberation,6d78241e-f953-4282-b9e8-03a7de47d527,moog-liberation,Moog,,,standard/qa_only,,excluded,Mapped from gross list in 03A; not previously reconciled.,,,,0,0,0,,0 deferrals; 0 rejected,,,Mapped from the gross list; no observable Klup supply.,,"gross_list+klup_trusted+klup_dryrun+no_incumbent_query(nordic/de evidence unavailable, not zero)",gross_list_336,,exact_kg_product,,,
CAND-0242,exact_match,Moog MF-104 Moogerfooger Analog Delay,77101a23-ff3f-4bb2-8cf2-ef635f3c6aad,moog-mf-104,Moog,MF-104,,standard/qa_only,,excluded,Mapped from gross list in 03A; not previously reconciled.,,,,8,0,1,"median 12379 DKK (p25 11661 / p75 13280, n=8)",0 deferrals; 1 rejected,,,Mapped from the gross list but evidence is below the threshold for a canonical page.,,"gross_list+klup_trusted+klup_dryrun+single_source_only+no_incumbent_query(nordic/de evidence unavailable, not zero)",gross_list_336,,exact_kg_product,,,
CAND-0243,exact_match,Moog Micromoog,fad8e32d-aa17-48f7-b794-eac4909c44e9,moog-micromoog,Moog,,,standard/qa_only,,excluded,Mapped from gross list in 03A; not previously reconciled.,,,,0,0,0,,0 deferrals; 0 rejected,,,Mapped from the gross list; no observable Klup supply.,,"gross_list+klup_trusted+klup_dryrun+no_incumbent_query(nordic/de evidence unavailable, not zero)",gross_list_336,,exact_kg_product,,,
CAND-0244,variant_split,Moog Minimoog Model D,aa0c2f0b-048d-4d8a-8229-fcb5d7dbfaa8,moog-minimoog-model-d,Moog,Minimoog Model D,,standard/qa_only,,excluded,Mapped from gross list in 03A; not previously reconciled.,,,,0,0,0,,2 deferrals (ambiguous_tie:2); 0 rejected,,,Mapped from the gross list; no observable Klup supply.,,"gross_list+klup_trusted+klup_dryrun+no_incumbent_query(nordic/de evidence unavailable, not zero)",gross_list_336,,exact_kg_product,,,
CAND-0245,variant_split,Moog Minimoog Model D,ba559572-e23e-4f30-a8c0-7f777fc807c0,moog-moog-music-minimoog-model-d-analog-synthesizer,Moog,,,standard/qa_only,,excluded,Mapped from gross list in 03A; not previously reconciled.,,,,0,0,0,,0 deferrals; 0 rejected,,,Mapped from the gross list; no observable Klup supply.,,"gross_list+klup_trusted+klup_dryrun+no_incumbent_query(nordic/de evidence unavailable, not zero)",gross_list_336,,exact_kg_product,,,
CAND-0246,variant_split,Moog Minimoog Model D,d2b184ae-f5ea-4f44-9fe7-e26a9c63d7b4,moog-moog-minimoog-model-d-2023-usa--brand-new--detroit-modular,Moog,,,standard/qa_only,,excluded,Mapped from gross list in 03A; not previously reconciled.,,,,0,0,0,,0 deferrals; 0 rejected,,,Mapped from the gross list; no observable Klup supply.,,"gross_list+klup_trusted+klup_dryrun+no_incumbent_query(nordic/de evidence unavailable, not zero)",gross_list_336,,exact_kg_product,,,
CAND-0247,variant_split,Moog Minimoog Model D,f0f6c71a-9618-42d2-a19a-af83d012ac32,moog-moog-minimoog-model-d-reissue-2016-model--100-analog-synth-44keys--brand-new-armens,Moog,,,standard/qa_only,,excluded,Mapped from gross list in 03A; not previously reconciled.,,,,0,0,0,,0 deferrals; 0 rejected,,,Mapped from the gross list; no observable Klup supply.,,"gross_list+klup_trusted+klup_dryrun+no_incumbent_query(nordic/de evidence unavailable, not zero)",gross_list_336,,exact_kg_product,,,
CAND-0248,duplicate_consolidated,Moog Multimoog,2021cd14-6ac5-4140-9166-76e1d82dab5e,moog-multimoog,Moog,,,standard/qa_only,,excluded,Mapped from gross list in 03A; not previously reconciled.,,,,0,0,0,,0 deferrals; 0 rejected,,,Mapped from the gross list; no observable Klup supply.,,"gross_list+klup_trusted+klup_dryrun+no_incumbent_query(nordic/de evidence unavailable, not zero)",gross_list_336,,exact_kg_product,,,
CAND-0249,duplicate_consolidated,Moog Multimoog,e805da01-99d8-4332-a25c-1ca91fe4b50a,moog-moog-multimoog-1981,Moog,Multimoog 1981,,standard/qa_only,excluded,excluded,Mapped from gross list in 03A; not previously reconciled.,,,,2,0,1,"median 26949 DKK (p25 24586 / p75 26949, n=2)",0 deferrals; 0 rejected,,,Mapped from the gross list but evidence is below the threshold for a canonical page.,,"gross_list+klup_trusted+klup_dryrun+single_source_only+no_incumbent_query(nordic/de evidence unavailable, not zero)",gross_list_336,,exact_kg_product,,,
CAND-0250,exact_match,Moog Opus 3,1b731e3f-7072-4806-93b2-a394c61660bf,moog-opus-3,Moog,,,standard/qa_only,,excluded,Mapped from gross list in 03A; not previously reconciled.,,,,0,0,0,,0 deferrals; 2 rejected,,,Mapped from the gross list; no observable Klup supply.,,"gross_list+klup_trusted+klup_dryrun+no_incumbent_query(nordic/de evidence unavailable, not zero)",gross_list_336,,exact_kg_product,,,
CAND-0251,exact_match,Moog Polymoog,b7550bb5-a39e-473b-b069-f4377af58826,moog-polymoog-203a,Moog,Polymoog 203a,,standard/qa_only,excluded,excluded,Mapped from gross list in 03A; not previously reconciled.,,,,2,0,1,"median 22673 DKK (p25 22567 / p75 22673, n=2)",0 deferrals; 2 rejected,,,Mapped from the gross list but evidence is below the threshold for a canonical page.,,"gross_list+klup_trusted+klup_dryrun+single_source_only+no_incumbent_query(nordic/de evidence unavailable, not zero)",gross_list_336,,exact_kg_product,,,
CAND-0252,exact_match,Moog Prodigy,bde05fc8-6a98-4b40-ac46-912c636d2eb3,moog-prodigy,Moog,,,standard/qa_only,,excluded,Mapped from gross list in 03A; not previously reconciled.,,,,0,0,0,,0 deferrals; 0 rejected,,,Mapped from the gross list; no observable Klup supply.,,"gross_list+klup_trusted+klup_dryrun+no_incumbent_query(nordic/de evidence unavailable, not zero)",gross_list_336,,exact_kg_product,,,
CAND-0253,variant_split,Moog Rogue,2aa1679f-2560-435f-a4a4-617a470cb074,moog-rogue,Moog,Rogue,,standard/qa_only,excluded,excluded,Mapped from gross list in 03A; not previously reconciled.,,,,4,0,1,"median 8488 DKK (p25 6478 / p75 8575, n=4)",0 deferrals; 20 rejected,,,Mapped from the gross list but evidence is below the threshold for a canonical page.,,"gross_list+klup_trusted+klup_dryrun+single_source_only+no_incumbent_query(nordic/de evidence unavailable, not zero)",gross_list_336,,exact_kg_product,,,
CAND-0254,variant_split,Moog Rogue,5897874a-c815-4cb6-b813-34a374caff41,moog-moog-the-rogue-vintage-synth-bass,Moog,THE ROGUE - VINTAGE SYNTH BASS!!,,standard/qa_only,excluded,excluded,Mapped from gross list in 03A; not previously reconciled.,,,,1,0,1,"median 7767 DKK (p25 7767 / p75 7767, n=1)",0 deferrals; 0 rejected,,,Mapped from the gross list but evidence is below the threshold for a canonical page.,,"gross_list+klup_trusted+klup_dryrun+single_source_only+no_incumbent_query(nordic/de evidence unavailable, not zero)",gross_list_336,,exact_kg_product,,,
CAND-0255,exact_match,Moog Sonic Six,1b557d87-c0b8-499a-9cea-c64ba6ef4bc7,moog-sonic-six,Moog,,,standard/qa_only,,excluded,Mapped from gross list in 03A; not previously reconciled.,,,,0,0,0,,0 deferrals; 0 rejected,,,Mapped from the gross list; no observable Klup supply.,,"gross_list+klup_trusted+klup_dryrun+no_incumbent_query(nordic/de evidence unavailable, not zero)",gross_list_336,,exact_kg_product,,,
CAND-0256,variant_split,Moog Taurus I / II / III,082c0e0c-4efe-4056-93c2-75e905c2184c,moog-taurus-ii,Moog,Taurus II,,standard/qa_only,excluded,excluded,Mapped from gross list in 03A; not previously reconciled.,,,,5,1,1,"median 14576 DKK (p25 9581 / p75 17539, n=6)",0 deferrals; 2 rejected,,,Mapped from the gross list but evidence is below the threshold for a canonical page.,,"gross_list+klup_trusted+klup_dryrun+single_source_only+no_incumbent_query(nordic/de evidence unavailable, not zero)",gross_list_336,,exact_kg_product,,,
CAND-0257,variant_split,Moog Taurus I / II / III,09177549-c2c9-4a36-aaad-b8db305112a9,moog-taurus-i,Moog,,,standard/qa_only,excluded,excluded,Mapped from gross list in 03A; not previously reconciled.,,,,2,0,1,"median 55736 DKK (p25 43614 / p75 55736, n=2)",0 deferrals; 0 rejected,,,Mapped from the gross list but evidence is below the threshold for a canonical page.,,"gross_list+klup_trusted+klup_dryrun+single_source_only+no_incumbent_query(nordic/de evidence unavailable, not zero)",gross_list_336,,exact_kg_product,,,
CAND-0258,exact_match,Moog Vocoder,51a77e4f-2c53-4b79-a662-e3e73e817965,moog-vocoder,Moog,Vocoder,,standard/qa_only,excluded,excluded,Mapped from gross list in 03A; not previously reconciled.,,,,5,1,1,"median 57576 DKK (p25 45347 / p75 77731, n=6)",16 deferrals (brand_mismatch:16); 7 rejected,,,Mapped from the gross list but evidence is below the threshold for a canonical page.,,"gross_list+klup_trusted+klup_dryrun+single_source_only+no_incumbent_query(nordic/de evidence unavailable, not zero)",gross_list_336,,exact_kg_product,,,
CAND-0259,duplicate_consolidated,Moog Voyager,0fa2f023-fcb2-42e7-a422-710d4361cac4,moog-moog-moog-minimoog-voyager-oldschool-2008,Moog,Moog MiniMoog Voyager OldSchool 2008,,standard/qa_only,,excluded,Mapped from gross list in 03A; not previously reconciled.,,,,0,0,0,,0 deferrals; 0 rejected,,,Mapped from the gross list; no observable Klup supply.,,"gross_list+klup_trusted+klup_dryrun+no_incumbent_query(nordic/de evidence unavailable, not zero)",gross_list_336,,exact_kg_product,,,
CAND-0260,duplicate_consolidated,Moog Voyager,76d98366-c0ee-4967-9b9e-282516fb117a,moog-moog-minimoog-voyager-old-school-analog-synth-44keys-brand-new-armens,Moog,Minimoog Voyager Old School Analog Synth / 44keys / BRAND NEW //ARMENS//,,standard/qa_only,,excluded,Mapped from gross list in 03A; not previously reconciled.,,,,0,0,0,,0 deferrals; 0 rejected,,,Mapped from the gross list; no observable Klup supply.,,"gross_list+klup_trusted+klup_dryrun+no_incumbent_query(nordic/de evidence unavailable, not zero)",gross_list_336,,exact_kg_product,,,
CAND-0261,duplicate_consolidated,Moog Voyager,9065665b-f70e-4937-a5ee-1b3609cdd0a5,moog-mini-voyager,Moog,Mini Voyager,,standard/qa_only,,excluded,Mapped from gross list in 03A; not previously reconciled.,,,,0,0,0,,0 deferrals; 0 rejected,,,Mapped from the gross list; no observable Klup supply.,,"gross_list+klup_trusted+klup_dryrun+no_incumbent_query(nordic/de evidence unavailable, not zero)",gross_list_336,,exact_kg_product,,,
CAND-0262,duplicate_consolidated,Moog Voyager,92a68ebc-f17e-41eb-8dce-baa0e13f1eed,moog-moog-voyager-rme-analoger-synthesizer-rack--holz--wie-neu--ovp--garantie,Moog,,,standard/qa_only,,excluded,Mapped from gross list in 03A; not previously reconciled.,,,,0,0,0,,0 deferrals; 0 rejected,,,Mapped from the gross list; no observable Klup supply.,,"gross_list+klup_trusted+klup_dryrun+no_incumbent_query(nordic/de evidence unavailable, not zero)",gross_list_336,,exact_kg_product,,,
CAND-0263,duplicate_consolidated,Moog Voyager,c9b82de0-c751-4647-b2b4-499b5480a730,moog-minimoog-voyager,Moog,Minimoog Voyager,,standard/qa_only,,excluded,Mapped from gross list in 03A; not previously reconciled.,,,,0,0,0,,3 deferrals (ambiguous_tie:3); 0 rejected,,,Mapped from the gross list; no observable Klup supply.,,"gross_list+klup_trusted+klup_dryrun+no_incumbent_query(nordic/de evidence unavailable, not zero)",gross_list_336,,exact_kg_product,,,
CAND-0264,duplicate_consolidated,Moog Voyager,d16725d6-b82a-431b-b918-758bb67bfe16,moog-moog-minimoog-voyager-old-school-voyager-os,Moog,Minimoog Voyager Old School - Voyager OS,,standard/qa_only,,excluded,Mapped from gross list in 03A; not previously reconciled.,,,,0,0,0,,0 deferrals; 0 rejected,,,Mapped from the gross list; no observable Klup supply.,,"gross_list+klup_trusted+klup_dryrun+no_incumbent_query(nordic/de evidence unavailable, not zero)",gross_list_336,,exact_kg_product,,,
CAND-0265,duplicate_consolidated,Moog Voyager,e09869b9-c23b-4b1c-a2a1-b117ac9877ab,moog-moog-minimoog-voyager-old-school-synthesizer--ovp--fast-neuwertig--15jahre-garantie,Moog,,,standard/qa_only,,excluded,Mapped from gross list in 03A; not previously reconciled.,,,,0,0,0,,0 deferrals; 0 rejected,,,Mapped from the gross list; no observable Klup supply.,,"gross_list+klup_trusted+klup_dryrun+no_incumbent_query(nordic/de evidence unavailable, not zero)",gross_list_336,,exact_kg_product,,,
CAND-0266,variant_split,Neumann KM84 / KM184,4c0dfaf1-064d-4dc2-81e8-716e7b470f22,neumann-skm-184,Neumann,SKM 184,,standard/qa_only,,excluded,Mapped from gross list in 03A; not previously reconciled.,,,,2,1,1,"median 11337 DKK (p25 11337 / p75 11337, n=3)",0 deferrals; 0 rejected,,,Mapped from the gross list but evidence is below the threshold for a canonical page.,,"gross_list+klup_trusted+klup_dryrun+single_source_only+no_incumbent_query(nordic/de evidence unavailable, not zero)",gross_list_336,,exact_kg_product,,,
CAND-0267,variant_split,Neumann KM84 / KM184,66603458-72bb-49b6-b1b2-1d7630448c13,neumann-neumann-km184-matte-black-mic-microphone-matched-stereo-pair-skm184-km184mt,Neumann,KM184 (Matte Black) Mic Microphone Matched Stereo Pair SKM184 KM184MT,,standard/qa_only,excluded,excluded,Mapped from gross list in 03A; not previously reconciled.,,,,0,2,1,"median 11337 DKK (p25 8486 / p75 11337, n=2)",0 deferrals; 0 rejected,,,Mapped from the gross list but evidence is below the threshold for a canonical page.,,"gross_list+klup_trusted+klup_dryrun+single_source_only+no_incumbent_query(nordic/de evidence unavailable, not zero)",gross_list_336,,exact_kg_product,,,
CAND-0268,variant_split,Neumann KM84 / KM184,b3ffe2a2-6810-4054-94a2-f12bced18d3d,neumann-km-184,Neumann,KM 184,,standard/qa_only,,excluded,Mapped from gross list in 03A; not previously reconciled.,,,,22,19,1,"median 7774 DKK (p25 5824 / p75 10333, n=41)",0 deferrals; 2 rejected,,,Mapped from the gross list but evidence is below the threshold for a canonical page.,,"gross_list+klup_trusted+klup_dryrun+single_source_only+no_incumbent_query(nordic/de evidence unavailable, not zero)",gross_list_336,,exact_kg_product,,,
CAND-0269,variant_split,Neumann KM84 / KM184,e8b9d340-1084-45ba-b37b-8d53e8685e81,neumann-neumann-neumann-km184-stereo-set-ni-unidirectional-nickel-official-japanese-product-3-year-warranty-condenser-microphone,Neumann,"Neumann KM184 Stereo Set Ni (Unidirectional) (Nickel) (Official Japanese Product, 3-Year Warranty) (Condenser Microphone)",,standard/qa_only,excluded,excluded,Mapped from gross list in 03A; not previously reconciled.,,,,0,1,1,"median 13149 DKK (p25 13149 / p75 13149, n=1)",0 deferrals; 0 rejected,,,Mapped from the gross list but evidence is below the threshold for a canonical page.,,"gross_list+klup_trusted+klup_dryrun+single_source_only+no_incumbent_query(nordic/de evidence unavailable, not zero)",gross_list_336,,exact_kg_product,,,
CAND-0270,exact_match,Neumann M49 / M50,616921f9-d77d-40c8-89dd-b7bf13c183c9,neumann-tlm-49,Neumann,TLM 49,,standard/qa_only,,excluded,Mapped from gross list in 03A; not previously reconciled.,,,,8,10,1,"median 7061 DKK (p25 6472 / p75 10980, n=18)",0 deferrals; 9 rejected,,,Mapped from the gross list but evidence is below the threshold for a canonical page.,,"gross_list+klup_trusted+klup_dryrun+single_source_only+no_incumbent_query(nordic/de evidence unavailable, not zero)",gross_list_336,,exact_kg_product,,,
CAND-0271,duplicate_consolidated,Neumann TLM 103,0717ccf9-29ea-4084-bb77-a76d92278881,neumann-neumann-tlm-103-mt-studio-set-kit-microfono-a-condensatore-con-supporto-antivibrazione,Neumann,,,standard/qa_only,,excluded,Mapped from gross list in 03A; not previously reconciled.,,,,0,0,0,,0 deferrals; 0 rejected,,,Mapped from the gross list; no observable Klup supply.,,"gross_list+klup_trusted+klup_dryrun+no_incumbent_query(nordic/de evidence unavailable, not zero)",gross_list_336,,exact_kg_product,,,
CAND-0272,duplicate_consolidated,Neumann TLM 103,3e2b0fbd-a10e-4f36-8126-b0fd119ba49b,neumann-neumann-tlm-103-microfono-a-condensatore-a-diaframma-largo,Neumann,,,standard/qa_only,,excluded,Mapped from gross list in 03A; not previously reconciled.,,,,0,0,0,,0 deferrals; 0 rejected,,,Mapped from the gross list; no observable Klup supply.,,"gross_list+klup_trusted+klup_dryrun+no_incumbent_query(nordic/de evidence unavailable, not zero)",gross_list_336,,exact_kg_product,,,
CAND-0273,duplicate_consolidated,Neumann TLM 103,615a8dac-1826-4255-9f97-eea73c529ec5,neumann-neumann-neumann-tlm-103-studio-set-with-shock-mount-tlm103-3-year-domestic-warranty-ea1-condenser-microphone,Neumann,Neumann TLM 103 Studio Set (with shock mount) (TLM103) (3-year domestic warranty) (EA1) (condenser microphone),,standard/qa_only,,excluded,Mapped from gross list in 03A; not previously reconciled.,,,,0,0,0,,0 deferrals; 0 rejected,,,Mapped from the gross list; no observable Klup supply.,,"gross_list+klup_trusted+klup_dryrun+no_incumbent_query(nordic/de evidence unavailable, not zero)",gross_list_336,,exact_kg_product,,,
CAND-0274,duplicate_consolidated,Neumann TLM 103,a35b5ad9-283a-466f-b03c-efdc8b18de94,neumann-neumann-tlm-103-mono-set-microfono-a-condensatore-a-diaframma-largo,Neumann,,,standard/qa_only,,excluded,Mapped from gross list in 03A; not previously reconciled.,,,,0,0,0,,0 deferrals; 0 rejected,,,Mapped from the gross list; no observable Klup supply.,,"gross_list+klup_trusted+klup_dryrun+no_incumbent_query(nordic/de evidence unavailable, not zero)",gross_list_336,,exact_kg_product,,,
CAND-0275,duplicate_consolidated,Neumann TLM 103,f7204933-ae11-41b8-b608-fa856f67bfe5,neumann-neumann-neumann-tlm-103-unidirectional-large-diaphragm-condenser-microphone,Neumann,Neumann TLM 103 (Unidirectional Large-Diaphragm Condenser Microphone),,standard/qa_only,,excluded,Mapped from gross list in 03A; not previously reconciled.,,,,0,0,0,,0 deferrals; 0 rejected,,,Mapped from the gross list; no observable Klup supply.,,"gross_list+klup_trusted+klup_dryrun+no_incumbent_query(nordic/de evidence unavailable, not zero)",gross_list_336,,exact_kg_product,,,
CAND-0276,duplicate_consolidated,Neumann U47,0e5dca68-6608-497e-90f2-2099e2096200,neumann-u-47,Neumann,U-47,,standard/qa_only,,excluded,Mapped from gross list in 03A; not previously reconciled.,,,,0,0,0,,8 deferrals (shared_identifier_conflict:8); 1 rejected,,,Mapped from the gross list; no observable Klup supply.,,"gross_list+klup_trusted+klup_dryrun+no_incumbent_query(nordic/de evidence unavailable, not zero)",gross_list_336,,exact_kg_product,,,
CAND-0277,duplicate_consolidated,Neumann U47,1ca3b5b3-f065-4cda-9815-89133bf58410,neumann-neumann-u47-fet-collectors-edition,Neumann,U47 FET Collector's Edition,,standard/qa_only,,excluded,Mapped from gross list in 03A; not previously reconciled.,,,,0,0,0,,1 deferrals (shared_identifier_conflict:1); 0 rejected,,,Mapped from the gross list; no observable Klup supply.,,"gross_list+klup_trusted+klup_dryrun+no_incumbent_query(nordic/de evidence unavailable, not zero)",gross_list_336,,exact_kg_product,,,
CAND-0278,duplicate_consolidated,Neumann U47,bd405050-82b7-4f90-a991-77c281b1b207,neumann-u47-fet,Neumann,U47 FET,,standard/qa_only,,excluded,Mapped from gross list in 03A; not previously reconciled.,,,,0,0,0,,1 deferrals (shared_identifier_conflict:1); 0 rejected,,,Mapped from the gross list; no observable Klup supply.,,"gross_list+klup_trusted+klup_dryrun+no_incumbent_query(nordic/de evidence unavailable, not zero)",gross_list_336,,exact_kg_product,,,
CAND-0279,variant_split,Neumann U87 / U87 Ai,0213e6ee-def3-47e1-a7fe-83dc9152a519,neumann-neumann-u87-vintage-2x-truly-matched-pair-year-1979-1980-serial-nr-36181-36184,Neumann,,,standard/qa_only,,excluded,Mapped from gross list in 03A; not previously reconciled.,,,,0,0,0,,0 deferrals; 0 rejected,,,Mapped from the gross list; no observable Klup supply.,,"gross_list+klup_trusted+klup_dryrun+no_incumbent_query(nordic/de evidence unavailable, not zero)",gross_list_336,,exact_kg_product,,,
CAND-0280,variant_split,Neumann U87 / U87 Ai,3977728d-bfbe-4b1d-9342-6dc37cb56989,neumann-u87-ai,Neumann,U87 Ai,,standard/qa_only,excluded,excluded,Mapped from gross list in 03A; not previously reconciled.,,,,12,11,1,"median 19490 DKK (p25 16370 / p75 25880, n=23)",1 deferrals (low_confidence:1); 15 rejected,,,Mapped from the gross list but evidence is below the threshold for a canonical page.,,"gross_list+klup_trusted+klup_dryrun+single_source_only+no_incumbent_query(nordic/de evidence unavailable, not zero)",gross_list_336,,exact_kg_product,,,
CAND-0281,variant_split,Neumann U87 / U87 Ai,40ebb4b3-6a2b-4fad-ab5a-2d88b5416e95,neumann-neumann-u87-ai-mt-stereo-set-coppia-di-microfoni-a-condensatore-a-diaframma-largo,Neumann,,,standard/qa_only,,excluded,Mapped from gross list in 03A; not previously reconciled.,,,,0,0,0,,0 deferrals; 0 rejected,,,Mapped from the gross list; no observable Klup supply.,,"gross_list+klup_trusted+klup_dryrun+no_incumbent_query(nordic/de evidence unavailable, not zero)",gross_list_336,,exact_kg_product,,,
CAND-0282,variant_split,Novation Bass Station,3f425343-c63b-4d7a-8b4b-9b115679ea11,novation-novation-bass-station-ii-analogue-synth,Novation,,,standard/qa_only,,excluded,Mapped from gross list in 03A; not previously reconciled.,,,,0,0,0,,0 deferrals; 0 rejected,,,Mapped from the gross list; no observable Klup supply.,,"gross_list+klup_trusted+klup_dryrun+no_incumbent_query(nordic/de evidence unavailable, not zero)",gross_list_336,,exact_kg_product,,,
CAND-0283,variant_split,Novation Bass Station,666dc5e3-7a50-4f55-90ff-fef267ca9db0,novation-novation-bass-station-ii,Novation,Bass Station II,,standard/qa_only,excluded,excluded,Mapped from gross list in 03A; not previously reconciled.,,,,7,5,1,"median 3757 DKK (p25 3711 / p75 3757, n=12)",55 deferrals (ambiguous_tie:55); 0 rejected,,,Mapped from the gross list but evidence is below the threshold for a canonical page.,,"gross_list+klup_trusted+klup_dryrun+single_source_only+no_incumbent_query(nordic/de evidence unavailable, not zero)",gross_list_336,,exact_kg_product,,,
CAND-0284,variant_split,Novation Bass Station,67d4e217-ca91-4236-a335-dc1302da365d,novation-super-bass-station,Novation,,,standard/qa_only,,excluded,Mapped from gross list in 03A; not previously reconciled.,,,,0,0,0,,0 deferrals; 0 rejected,,,Mapped from the gross list; no observable Klup supply.,,"gross_list+klup_trusted+klup_dryrun+no_incumbent_query(nordic/de evidence unavailable, not zero)",gross_list_336,,exact_kg_product,,,
CAND-0285,variant_split,Novation Bass Station,83b2f431-cdd0-405f-b5c0-deca123b4721,novation-novation-bass-station-ii-analog-synthesizer-swifty-edition,Novation,Bass Station II Analog Synthesizer Swifty Edition,,standard/qa_only,,excluded,Mapped from gross list in 03A; not previously reconciled.,,,,0,0,0,,0 deferrals; 0 rejected,,,Mapped from the gross list; no observable Klup supply.,,"gross_list+klup_trusted+klup_dryrun+no_incumbent_query(nordic/de evidence unavailable, not zero)",gross_list_336,,exact_kg_product,,,
CAND-0286,variant_split,Novation Bass Station,9d4ba678-0148-4d9f-9f6e-3e19f0a6e597,novation-bass-station-rack,Novation,Bass Station Rack,,standard/qa_only,,excluded,Mapped from gross list in 03A; not previously reconciled.,,,,0,0,0,,4 deferrals (ambiguous_tie:4); 0 rejected,,,Mapped from the gross list; no observable Klup supply.,,"gross_list+klup_trusted+klup_dryrun+no_incumbent_query(nordic/de evidence unavailable, not zero)",gross_list_336,,exact_kg_product,,,
CAND-0287,variant_split,Novation Bass Station,b969b3e8-6a44-455e-ac8d-659a367ee101,novation-novation-bass-station-ii-25-key-synthesizer,Novation,Bass Station II 25-Key Synthesizer,,standard/qa_only,,excluded,Mapped from gross list in 03A; not previously reconciled.,,,,0,0,0,,2 deferrals (ambiguous_tie:2); 0 rejected,,,Mapped from the gross list; no observable Klup supply.,,"gross_list+klup_trusted+klup_dryrun+no_incumbent_query(nordic/de evidence unavailable, not zero)",gross_list_336,,exact_kg_product,,,
CAND-0288,variant_split,Novation Bass Station,c906208e-21f1-4aec-83eb-57e3156010f9,novation-novation-bass-station-ii-analog-synthesizer-keyboard-25-key-open-box-like-new,Novation,,,standard/qa_only,,excluded,Mapped from gross list in 03A; not previously reconciled.,,,,0,0,0,,0 deferrals; 0 rejected,,,Mapped from the gross list; no observable Klup supply.,,"gross_list+klup_trusted+klup_dryrun+no_incumbent_query(nordic/de evidence unavailable, not zero)",gross_list_336,,exact_kg_product,,,
CAND-0289,variant_split,Novation Bass Station,cdc9c353-8412-44f0-9f7d-f5e0eee3d3ad,novation-bass-station,Novation,Bass Station,,standard/qa_only,excluded,excluded,Mapped from gross list in 03A; not previously reconciled.,,,,0,14,1,"median 2509 DKK (p25 226 / p75 3737, n=14)",60 deferrals (ambiguous_tie:60); 0 rejected,,,Mapped from the gross list but evidence is below the threshold for a canonical page.,,"gross_list+klup_trusted+klup_dryrun+single_source_only+no_incumbent_query(nordic/de evidence unavailable, not zero)",gross_list_336,,exact_kg_product,,,
CAND-0290,variant_split,Novation Bass Station,cef40460-946f-45ac-a7a7-c1aba9770ad4,novation-bass_station2,Novation,Bass Station II,,standard/qa_only,,excluded,Mapped from gross list in 03A; not previously reconciled.,,,,0,0,0,,55 deferrals (ambiguous_tie:55); 0 rejected,,,Mapped from the gross list; no observable Klup supply.,,"gross_list+klup_trusted+klup_dryrun+no_incumbent_query(nordic/de evidence unavailable, not zero)",gross_list_336,,exact_kg_product,,,
CAND-0291,exact_match,Novation Supernova I / II,be6a0d01-4ad0-45d0-ac8d-35d45df27fed,novation-supernova,Novation,SuperNova,,standard/qa_only,,excluded,Mapped from gross list in 03A; not previously reconciled.,,,,0,20,1,"median 5182 DKK (p25 4380 / p75 8575, n=20)",5 deferrals (ambiguous_tie:4 non_product_intent:1); 0 rejected,,,Mapped from the gross list but evidence is below the threshold for a canonical page.,,"gross_list+klup_trusted+klup_dryrun+single_source_only+no_incumbent_query(nordic/de evidence unavailable, not zero)",gross_list_336,,exact_kg_product,,,
CAND-0292,variant_split,Oberheim DMX / DX,03739141-a868-4ec8-b94f-23bd9caf7de0,oberheim-reverb-oberheim-dx-sample-pack,Oberheim,,,standard/qa_only,,excluded,Mapped from gross list in 03A; not previously reconciled.,,,,0,0,0,,0 deferrals; 0 rejected,,,Mapped from the gross list; no observable Klup supply.,,"gross_list+klup_trusted+klup_dryrun+no_incumbent_query(nordic/de evidence unavailable, not zero)",gross_list_336,,exact_kg_product,,,
CAND-0293,variant_split,Oberheim DMX / DX,6d2c2b0e-31e3-499b-80cc-0559ad0ba6c3,oberheim-dx,Oberheim,DX,,standard/qa_only,excluded,excluded,Mapped from gross list in 03A; not previously reconciled.,,,,6,1,1,"median 10041 DKK (p25 8422 / p75 14252, n=7)",0 deferrals; 10 rejected,,,Mapped from the gross list but evidence is below the threshold for a canonical page.,,"gross_list+klup_trusted+klup_dryrun+single_source_only+no_incumbent_query(nordic/de evidence unavailable, not zero)",gross_list_336,,exact_kg_product,,,
CAND-0294,variant_split,Oberheim DMX / DX,7ef4d666-575f-4745-979d-0408c86d9a30,oberheim-reverb-oberheim-dmx-sample-pack,Oberheim,,,standard/qa_only,,excluded,Mapped from gross list in 03A; not previously reconciled.,,,,0,0,0,,0 deferrals; 0 rejected,,,Mapped from the gross list; no observable Klup supply.,,"gross_list+klup_trusted+klup_dryrun+no_incumbent_query(nordic/de evidence unavailable, not zero)",gross_list_336,,exact_kg_product,,,
CAND-0295,duplicate_consolidated,Oberheim Matrix-6 / Matrix-12; Oberheim Xpander,2ea6067a-c5d1-4eef-9467-a06d811b9a73,oberheim-oberheim-xpander-no-oberheim-matrix-12-us-version--rare-synthesizer-original-state--full-cleaned--checked,Oberheim,,,standard/qa_only,,excluded,Mapped from gross list in 03A; not previously reconciled.,,,,0,0,0,,0 deferrals; 0 rejected,,,Mapped from the gross list; no observable Klup supply.,,"gross_list+klup_trusted+klup_dryrun+no_incumbent_query(nordic/de evidence unavailable, not zero)",gross_list_336,,exact_kg_product,,,
CAND-0296,duplicate_consolidated,Oberheim Matrix-6 / Matrix-12; Oberheim Xpander,49950992-5a9a-49fd-8732-e4c51c0bfa50,oberheim-oberheim-xpander-no-oberheim-matrix-12-perfectus-version--rare-synthesizer-original-state--full-cleaned--checked-vintage-professional-synthesizer,Oberheim,,,standard/qa_only,,excluded,Mapped from gross list in 03A; not previously reconciled.,,,,0,0,0,,0 deferrals; 0 rejected,,,Mapped from the gross list; no observable Klup supply.,,"gross_list+klup_trusted+klup_dryrun+no_incumbent_query(nordic/de evidence unavailable, not zero)",gross_list_336,,exact_kg_product,,,
CAND-0297,duplicate_consolidated,Oberheim Matrix-6 / Matrix-12,cc875028-1c9a-49fb-99c8-88c44ad50039,oberheim-matrix-12,Oberheim,,,standard/qa_only,,excluded,Mapped from gross list in 03A; not previously reconciled.,,,,0,0,0,,0 deferrals; 0 rejected,,,Mapped from the gross list; no observable Klup supply.,,"gross_list+klup_trusted+klup_dryrun+no_incumbent_query(nordic/de evidence unavailable, not zero)",gross_list_336,,exact_kg_product,,,
CAND-0298,duplicate_consolidated,Oberheim OB-6,586ded17-8e1b-40b0-a2b5-2a27b24ca2f3,oberheim-dave-smith-instruments-oberheim-ob-6-analog-synthesizer,Oberheim,,,standard/qa_only,,excluded,Mapped from gross list in 03A; not previously reconciled.,,,,0,0,0,,0 deferrals; 0 rejected,,,Mapped from the gross list; no observable Klup supply.,,"gross_list+klup_trusted+klup_dryrun+no_incumbent_query(nordic/de evidence unavailable, not zero)",gross_list_336,,exact_kg_product,,,
CAND-0299,duplicate_consolidated,Oberheim OB-6,701780e5-c006-40ec-af94-c5a50e659a52,oberheim-sequential-oberheim-ob-6-module,Oberheim,,,standard/qa_only,,excluded,Mapped from gross list in 03A; not previously reconciled.,,,,0,0,0,,0 deferrals; 0 rejected,,,Mapped from the gross list; no observable Klup supply.,,"gross_list+klup_trusted+klup_dryrun+no_incumbent_query(nordic/de evidence unavailable, not zero)",gross_list_336,,exact_kg_product,,,
CAND-0300,duplicate_consolidated,Oberheim OB-6,a2644cc2-8ab3-45ea-82bf-b50103833bab,oberheim-oberheim-ob-6-by-sequential-6-voice-polyphonic-analog-synthesizer,Oberheim,,,standard/qa_only,,excluded,Mapped from gross list in 03A; not previously reconciled.,,,,0,0,0,,0 deferrals; 0 rejected,,,Mapped from the gross list; no observable Klup supply.,,"gross_list+klup_trusted+klup_dryrun+no_incumbent_query(nordic/de evidence unavailable, not zero)",gross_list_336,,exact_kg_product,,,
CAND-0301,exact_match,Oberheim OB-SX,5541ea7a-08c4-4c0d-b566-4ed5ad3ddaea,oberheim-ob-sx,Oberheim,,,standard/qa_only,,excluded,Mapped from gross list in 03A; not previously reconciled.,,,,0,0,0,,0 deferrals; 0 rejected,,,Mapped from the gross list; no observable Klup supply.,,"gross_list+klup_trusted+klup_dryrun+no_incumbent_query(nordic/de evidence unavailable, not zero)",gross_list_336,,exact_kg_product,,,
CAND-0302,duplicate_consolidated,Oberheim OB-Xa,7b62575c-f5ef-4d44-9ed8-0f1c67acb43f,oberheim-oberheim-ob-xa-solid-walnut-replacement-wood-sides,Oberheim,,,standard/qa_only,,excluded,Mapped from gross list in 03A; not previously reconciled.,,,,0,0,0,,0 deferrals; 0 rejected,,,Mapped from the gross list; no observable Klup supply.,,"gross_list+klup_trusted+klup_dryrun+no_incumbent_query(nordic/de evidence unavailable, not zero)",gross_list_336,,exact_kg_product,,,
CAND-0303,duplicate_consolidated,Oberheim OB-Xa,b5d94d47-3395-4f30-a3fb-9c70d096c316,oberheim-oberheim-ob-xa-walnut-replacement-wood-sides-black,Oberheim,,,standard/qa_only,,excluded,Mapped from gross list in 03A; not previously reconciled.,,,,0,0,0,,0 deferrals; 0 rejected,,,Mapped from the gross list; no observable Klup supply.,,"gross_list+klup_trusted+klup_dryrun+no_incumbent_query(nordic/de evidence unavailable, not zero)",gross_list_336,,exact_kg_product,,,
CAND-0304,exact_match,Oberheim SEM,ae2fbe5f-1944-4723-989d-87e7fdaf4cbd,oberheim-sem,Oberheim,,,standard/qa_only,,excluded,Mapped from gross list in 03A; not previously reconciled.,,,,0,0,0,,0 deferrals; 0 rejected,,,Mapped from the gross list; no observable Klup supply.,,"gross_list+klup_trusted+klup_dryrun+no_incumbent_query(nordic/de evidence unavailable, not zero)",gross_list_336,,exact_kg_product,,,
CAND-0305,variant_split,Oberheim Two-Voice / Four-Voice / Eight-Voice,451b9e71-108e-4fa5-8dce-837e41ceaff5,oberheim-two_voice_pro,Oberheim,Two Voice Pro,,standard/qa_only,,excluded,Mapped from gross list in 03A; not previously reconciled.,,,,0,0,0,,0 deferrals; 0 rejected,,,Mapped from the gross list; no observable Klup supply.,,"gross_list+klup_trusted+klup_dryrun+no_incumbent_query(nordic/de evidence unavailable, not zero)",gross_list_336,,exact_kg_product,,,
CAND-0306,variant_split,Oberheim Two-Voice / Four-Voice / Eight-Voice,7cc17c6d-46d1-4bbb-9651-3bd56739bc12,oberheim-eight-voice,Oberheim,,,standard/qa_only,,excluded,Mapped from gross list in 03A; not previously reconciled.,,,,0,0,0,,0 deferrals; 0 rejected,,,Mapped from the gross list; no observable Klup supply.,,"gross_list+klup_trusted+klup_dryrun+no_incumbent_query(nordic/de evidence unavailable, not zero)",gross_list_336,,exact_kg_product,,,
CAND-0307,variant_split,Oberheim Two-Voice / Four-Voice / Eight-Voice,7e205d58-eff1-4be6-b0a5-f6644c634638,oberheim-two-voice,Oberheim,Two Voice,,standard/qa_only,excluded,excluded,Mapped from gross list in 03A; not previously reconciled.,,,,0,1,1,"median 113031 DKK (p25 113031 / p75 113031, n=1)",0 deferrals; 0 rejected,,,Mapped from the gross list but evidence is below the threshold for a canonical page.,,"gross_list+klup_trusted+klup_dryrun+single_source_only+no_incumbent_query(nordic/de evidence unavailable, not zero)",gross_list_336,,exact_kg_product,,,
CAND-0308,variant_split,Oberheim Two-Voice / Four-Voice / Eight-Voice,bdaedbe1-558c-4bfa-a1b6-ba406f1cd831,oberheim-four-voice,Oberheim,Four Voice,,standard/qa_only,excluded,excluded,Mapped from gross list in 03A; not previously reconciled.,,,,0,4,1,"median 327321 DKK (p25 327321 / p75 327329, n=4)",0 deferrals; 0 rejected,,,Mapped from the gross list but evidence is below the threshold for a canonical page.,,"gross_list+klup_trusted+klup_dryrun+single_source_only+no_incumbent_query(nordic/de evidence unavailable, not zero)",gross_list_336,,exact_kg_product,,,
CAND-0309,duplicate_consolidated,Oberheim Xpander,58ec06d4-8a6b-4efa-9a9f-8388c1d53d5b,oberheim-xpander,Oberheim,,,standard/qa_only,excluded,excluded,Mapped from gross list in 03A; not previously reconciled.,,,,1,4,1,"median 49110 DKK (p25 48579 / p75 49110, n=5)",0 deferrals; 0 rejected,,,Mapped from the gross list but evidence is below the threshold for a canonical page.,,"gross_list+klup_trusted+klup_dryrun+single_source_only+no_incumbent_query(nordic/de evidence unavailable, not zero)",gross_list_336,,exact_kg_product,,,
CAND-0310,duplicate_consolidated,Oberheim Xpander,81ce3b08-e891-4227-a4cd-5616c8bc18c4,oberheim-oberheim-ob-3-drawbar-organ-expander,Oberheim,,,standard/qa_only,,excluded,Mapped from gross list in 03A; not previously reconciled.,,,,0,0,0,,0 deferrals; 0 rejected,,,Mapped from the gross list; no observable Klup supply.,,"gross_list+klup_trusted+klup_dryrun+no_incumbent_query(nordic/de evidence unavailable, not zero)",gross_list_336,,exact_kg_product,,,
CAND-0311,duplicate_consolidated,PPG Wave 2 / 2.2 / 2.3,077486c8-16bc-47df-b54b-4d9c4af25c54,ppg-ppg-v6-2-3-wave-eproms-for-ppg-wave-2-2-or-2-3,Ppg,,,standard/qa_only,,excluded,Mapped from gross list in 03A; not previously reconciled.,,,,0,0,0,,0 deferrals; 0 rejected,,,Mapped from the gross list; no observable Klup supply.,,"gross_list+klup_trusted+klup_dryrun+no_incumbent_query(nordic/de evidence unavailable, not zero)",gross_list_336,,exact_kg_product,,,
CAND-0312,duplicate_consolidated,PPG Wave 2 / 2.2 / 2.3,1a6fe0ef-a887-430a-80b0-74e99448b8e8,ppg-ppg-wave-2-2-synthesizer-original-brochure,Ppg,,,standard/qa_only,,excluded,Mapped from gross list in 03A; not previously reconciled.,,,,0,0,0,,0 deferrals; 0 rejected,,,Mapped from the gross list; no observable Klup supply.,,"gross_list+klup_trusted+klup_dryrun+no_incumbent_query(nordic/de evidence unavailable, not zero)",gross_list_336,,exact_kg_product,,,
CAND-0313,duplicate_consolidated,PPG Wave 2 / 2.2 / 2.3,30cec476-b017-4d38-837e-52422d677c09,ppg-ppg-wave-2-3-hybrid-synthesizer-serviced,Ppg,"Wave 2.3 Hybrid Synthesizer, serviced !",,standard/qa_only,,excluded,Mapped from gross list in 03A; not previously reconciled.,,,,0,0,0,,1 deferrals (ambiguous_tie:1); 0 rejected,,,Mapped from the gross list; no observable Klup supply.,,"gross_list+klup_trusted+klup_dryrun+no_incumbent_query(nordic/de evidence unavailable, not zero)",gross_list_336,,exact_kg_product,,,
CAND-0314,duplicate_consolidated,PPG Wave 2 / 2.2 / 2.3,4be441e9-f1af-4995-bfad-062e7119eec9,ppg-ppg-wave-2-3-synthesizer-prk-processor-keyboard-original-brochure,Ppg,,,standard/qa_only,,excluded,Mapped from gross list in 03A; not previously reconciled.,,,,0,0,0,,0 deferrals; 0 rejected,,,Mapped from the gross list; no observable Klup supply.,,"gross_list+klup_trusted+klup_dryrun+no_incumbent_query(nordic/de evidence unavailable, not zero)",gross_list_336,,exact_kg_product,,,
CAND-0315,duplicate_consolidated,PPG Wave 2 / 2.2 / 2.3,6a7be0d5-9643-4446-982c-63c34252b911,ppg-ppg-wave-2-2--major-serviced--ultra-rare-from-80s-professional-synthesizer-keyboard--cleaned--full-checked,Ppg,,,standard/qa_only,,excluded,Mapped from gross list in 03A; not previously reconciled.,,,,0,0,0,,0 deferrals; 0 rejected,,,Mapped from the gross list; no observable Klup supply.,,"gross_list+klup_trusted+klup_dryrun+no_incumbent_query(nordic/de evidence unavailable, not zero)",gross_list_336,,exact_kg_product,,,
CAND-0316,duplicate_consolidated,PPG Wave 2 / 2.2 / 2.3,6dfa4f1b-e8bf-4462-8ac5-33728bc5c364,ppg-ppg-wave-2-2-and-2-3-aftertouch-return-springs,Ppg,,,standard/qa_only,,excluded,Mapped from gross list in 03A; not previously reconciled.,,,,0,0,0,,0 deferrals; 0 rejected,,,Mapped from the gross list; no observable Klup supply.,,"gross_list+klup_trusted+klup_dryrun+no_incumbent_query(nordic/de evidence unavailable, not zero)",gross_list_336,,exact_kg_product,,,
CAND-0317,duplicate_consolidated,PPG Wave 2 / 2.2 / 2.3,887afbf0-5108-4a1f-8996-287a9bd582a3,ppg-1980s-ppg-wave-2-3-firmware-v8-2-serviced,Ppg,,,standard/qa_only,,excluded,Mapped from gross list in 03A; not previously reconciled.,,,,0,0,0,,0 deferrals; 0 rejected,,,Mapped from the gross list; no observable Klup supply.,,"gross_list+klup_trusted+klup_dryrun+no_incumbent_query(nordic/de evidence unavailable, not zero)",gross_list_336,,exact_kg_product,,,
CAND-0318,duplicate_consolidated,PPG Wave 2 / 2.2 / 2.3,9df0ebda-6c41-4a94-adba-24c0346e7471,ppg-ppg-wave-2-2--original-state--ultra-rare-from-80s-professional-synthesizer-keyboard--cleaned--full-checked,Ppg,,,standard/qa_only,,excluded,Mapped from gross list in 03A; not previously reconciled.,,,,0,0,0,,0 deferrals; 0 rejected,,,Mapped from the gross list; no observable Klup supply.,,"gross_list+klup_trusted+klup_dryrun+no_incumbent_query(nordic/de evidence unavailable, not zero)",gross_list_336,,exact_kg_product,,,
CAND-0319,duplicate_consolidated,PPG Wave 2 / 2.2 / 2.3,bea79dc7-2b6b-4f8d-8b20-55119776e59c,ppg-ppg-wave-2-2-midi--separate-out-upgrade,Ppg,Wave 2.2 MIDI + Separate out Upgrade,,standard/qa_only,,excluded,Mapped from gross list in 03A; not previously reconciled.,,,,0,0,0,,1 deferrals (ambiguous_tie:1); 0 rejected,,,Mapped from the gross list; no observable Klup supply.,,"gross_list+klup_trusted+klup_dryrun+no_incumbent_query(nordic/de evidence unavailable, not zero)",gross_list_336,,exact_kg_product,,,
CAND-0320,duplicate_consolidated,PPG Wave 2 / 2.2 / 2.3,c1798bd6-6c0c-4ca4-9824-66f42c00f946,ppg-ppg-wave-2-2-proz-board-crystal,Ppg,Wave 2.2 Proz board Crystal,,standard/qa_only,,excluded,Mapped from gross list in 03A; not previously reconciled.,,,,0,0,0,,1 deferrals (ambiguous_tie:1); 0 rejected,,,Mapped from the gross list; no observable Klup supply.,,"gross_list+klup_trusted+klup_dryrun+no_incumbent_query(nordic/de evidence unavailable, not zero)",gross_list_336,,exact_kg_product,,,
CAND-0321,duplicate_consolidated,PPG Wave 2 / 2.2 / 2.3,c96f7a0c-08a6-4f83-a171-e21964c204e9,ppg-wave-2,Ppg,Wave 2,,standard/qa_only,excluded,excluded,Mapped from gross list in 03A; not previously reconciled.,,,,0,4,1,"median 147953 DKK (p25 62354 / p75 148031, n=4)",80 deferrals (ambiguous_tie:75 brand_mismatch:5); 0 rejected,,,Mapped from the gross list but evidence is below the threshold for a canonical page.,,"gross_list+klup_trusted+klup_dryrun+single_source_only+no_incumbent_query(nordic/de evidence unavailable, not zero)",gross_list_336,,exact_kg_product,,,
CAND-0322,duplicate_consolidated,PPG Wave 2 / 2.2 / 2.3,d56416fc-e567-42f2-9498-4e026524920d,ppg-ppg-wave-2-1985-blue,Ppg,Wave 2 1985 - Blue,,standard/qa_only,,excluded,Mapped from gross list in 03A; not previously reconciled.,,,,0,0,0,,0 deferrals; 0 rejected,,,Mapped from the gross list; no observable Klup supply.,,"gross_list+klup_trusted+klup_dryrun+no_incumbent_query(nordic/de evidence unavailable, not zero)",gross_list_336,,exact_kg_product,,,
CAND-0323,duplicate_consolidated,PPG Wave 2 / 2.2 / 2.3,e7140075-4023-452d-bddf-b84f3d549b65,ppg-ppg-wave-2-from-1981,Ppg,Wave 2  from 1981,,standard/qa_only,,excluded,Mapped from gross list in 03A; not previously reconciled.,,,,0,0,0,,0 deferrals; 0 rejected,,,Mapped from the gross list; no observable Klup supply.,,"gross_list+klup_trusted+klup_dryrun+no_incumbent_query(nordic/de evidence unavailable, not zero)",gross_list_336,,exact_kg_product,,,
CAND-0324,duplicate_consolidated,PPG Wave 2 / 2.2 / 2.3,ea3e789a-1a9e-45a3-9d54-9af2943548f4,ppg-ppg-wave-2-2-display-upgrade-hd44780-compatible-tas-board,Ppg,Wave 2.2  Display Upgrade HD44780 compatible TAS board,,standard/qa_only,,excluded,Mapped from gross list in 03A; not previously reconciled.,,,,0,0,0,,1 deferrals (ambiguous_tie:1); 0 rejected,,,Mapped from the gross list; no observable Klup supply.,,"gross_list+klup_trusted+klup_dryrun+no_incumbent_query(nordic/de evidence unavailable, not zero)",gross_list_336,,exact_kg_product,,,
CAND-0325,duplicate_consolidated,PPG Wave 2 / 2.2 / 2.3,edb038e3-d7c9-4962-85de-fa9eb5d507b0,ppg-ppg-wave-2-3,Ppg,Wave 2.3,,standard/qa_only,,excluded,Mapped from gross list in 03A; not previously reconciled.,,,,0,0,0,,3 deferrals (ambiguous_tie:3); 0 rejected,,,Mapped from the gross list; no observable Klup supply.,,"gross_list+klup_trusted+klup_dryrun+no_incumbent_query(nordic/de evidence unavailable, not zero)",gross_list_336,,exact_kg_product,,,
CAND-0326,variant_split,PPG Waveterm,52a108b8-ed34-4f98-a0e5-391d5f9dd1ea,ppg-ppg-waveterm-rev-a-os-firmware-rescue-eprom-rom,Ppg,Waveterm Rev. A OS Firmware Rescue Eprom Rom,,standard/qa_only,excluded,excluded,Mapped from gross list in 03A; not previously reconciled.,,,,0,1,1,"median 194 DKK (p25 194 / p75 194, n=1)",0 deferrals; 0 rejected,,,Mapped from the gross list but evidence is below the threshold for a canonical page.,,"gross_list+klup_trusted+klup_dryrun+single_source_only+no_incumbent_query(nordic/de evidence unavailable, not zero)",gross_list_336,,exact_kg_product,,,
CAND-0327,variant_split,PPG Waveterm,98db7d81-667f-4d5e-84de-df8c61072e49,ppg-ppg-waveterm-b-2-3,Ppg,waveterm b 2.3,,standard/qa_only,,excluded,Mapped from gross list in 03A; not previously reconciled.,,,,0,0,0,,0 deferrals; 0 rejected,,,Mapped from the gross list; no observable Klup supply.,,"gross_list+klup_trusted+klup_dryrun+no_incumbent_query(nordic/de evidence unavailable, not zero)",gross_list_336,,exact_kg_product,,,
CAND-0328,variant_split,PPG Waveterm,aae6f5a1-827e-4205-8037-6f74b091435a,ppg-ppg-waveterm-rev-b-os-firmware-rescue-eprom-rom,Ppg,Waveterm Rev. B OS Firmware Rescue Eprom Rom,,standard/qa_only,excluded,excluded,Mapped from gross list in 03A; not previously reconciled.,,,,0,1,1,"median 311 DKK (p25 311 / p75 311, n=1)",0 deferrals; 0 rejected,,,Mapped from the gross list but evidence is below the threshold for a canonical page.,,"gross_list+klup_trusted+klup_dryrun+single_source_only+no_incumbent_query(nordic/de evidence unavailable, not zero)",gross_list_336,,exact_kg_product,,,
CAND-0329,variant_split,PPG Waveterm,aedf64db-17bf-4b5f-8c31-f5b5956dfc61,ppg-ppg-waveterm-original-brochure,Ppg,,,standard/qa_only,,excluded,Mapped from gross list in 03A; not previously reconciled.,,,,0,0,0,,0 deferrals; 0 rejected,,,Mapped from the gross list; no observable Klup supply.,,"gross_list+klup_trusted+klup_dryrun+no_incumbent_query(nordic/de evidence unavailable, not zero)",gross_list_336,,exact_kg_product,,,
CAND-0330,variant_split,PPG Waveterm,f971b162-8efd-4060-95c3-5a96cf6044b2,ppg-ppg-waveterm-b-original-brochure,Ppg,Waveterm B original brochure,,standard/qa_only,excluded,excluded,Mapped from gross list in 03A; not previously reconciled.,,,,0,1,1,"median 663 DKK (p25 663 / p75 663, n=1)",0 deferrals; 0 rejected,,,Mapped from the gross list but evidence is below the threshold for a canonical page.,,"gross_list+klup_trusted+klup_dryrun+single_source_only+no_incumbent_query(nordic/de evidence unavailable, not zero)",gross_list_336,,exact_kg_product,,,
CAND-0331,duplicate_consolidated,Rhodes Chroma; Rhodes Chroma Polaris,2c9110fa-b3fa-477f-93ef-814b1b83b4c4,rhodes-chroma,Rhodes,Chroma,,standard/qa_only,excluded,excluded,Mapped from gross list in 03A; not previously reconciled.,,,,3,30,1,"median 1263 DKK (p25 429 / p75 4662, n=33)",19 deferrals (ambiguous_tie:19); 2 rejected,,,Mapped from the gross list but evidence is below the threshold for a canonical page.,,"gross_list+klup_trusted+klup_dryrun+single_source_only+no_incumbent_query(nordic/de evidence unavailable, not zero)",gross_list_336,,exact_kg_product,,,
CAND-0332,duplicate_consolidated,Rhodes Chroma; Rhodes Chroma Polaris,3d96730f-0ad7-4dbb-a3ef-0f92b07a52e8,rhodes-chroma-polaris,Rhodes,,,standard/qa_only,,excluded,Mapped from gross list in 03A; not previously reconciled.,,,,0,0,0,,0 deferrals; 3 rejected,,,Mapped from the gross list; no observable Klup supply.,,"gross_list+klup_trusted+klup_dryrun+no_incumbent_query(nordic/de evidence unavailable, not zero)",gross_list_336,,exact_kg_product,,,
CAND-0333,duplicate_consolidated,Roland Alpha Juno 1 / 2,97f72711-ab23-45ef-9110-7c902c7ac6fb,roland-alpha-juno-2,Roland,Alpha Juno 2,,standard/qa_only,excluded,excluded,Mapped from gross list in 03A; not previously reconciled.,,,,0,7,1,"median 285 DKK (p25 163 / p75 486, n=7)",1 deferrals (ambiguous_tie:1); 0 rejected,,,Mapped from the gross list but evidence is below the threshold for a canonical page.,,"gross_list+klup_trusted+klup_dryrun+single_source_only+no_incumbent_query(nordic/de evidence unavailable, not zero)",gross_list_336,,exact_kg_product,,,
CAND-0334,duplicate_consolidated,Roland Alpha Juno 1 / 2,c6a02090-163f-4dc4-828a-bae31608a104,roland-alpha-juno-1,Roland,,,standard/qa_only,,excluded,Mapped from gross list in 03A; not previously reconciled.,,,,0,0,0,,0 deferrals; 0 rejected,,,Mapped from the gross list; no observable Klup supply.,,"gross_list+klup_trusted+klup_dryrun+no_incumbent_query(nordic/de evidence unavailable, not zero)",gross_list_336,,exact_kg_product,,,
CAND-0335,exact_match,Roland CR-78,aacd0b1c-6300-4072-842f-feb0df9391ee,roland-cr-78,Roland,,,standard/qa_only,excluded,excluded,Mapped from gross list in 03A; not previously reconciled.,,,,1,0,1,"median 16703 DKK (p25 16703 / p75 16703, n=1)",0 deferrals; 0 rejected,,,Mapped from the gross list but evidence is below the threshold for a canonical page.,,"gross_list+klup_trusted+klup_dryrun+single_source_only+no_incumbent_query(nordic/de evidence unavailable, not zero)",gross_list_336,,exact_kg_product,,,
CAND-0336,exact_match,Roland D-50,fc35a329-e2f0-48d4-969f-f2a789372e97,roland-d-50,Roland,,,standard/qa_only,,excluded,Mapped from gross list in 03A; not previously reconciled.,,,,0,0,0,,0 deferrals; 0 rejected,,,Mapped from the gross list; no observable Klup supply.,,"gross_list+klup_trusted+klup_dryrun+no_incumbent_query(nordic/de evidence unavailable, not zero)",gross_list_336,,exact_kg_product,,,
CAND-0337,exact_match,Roland JD-800,9fcf58e1-6317-4b48-8943-d19f3fd6240f,roland-jd-800,Roland,JD-800,,standard/qa_only,excluded,excluded,Mapped from gross list in 03A; not previously reconciled.,,,,0,60,1,"median 2261 DKK (p25 842 / p75 14140, n=60)",9 deferrals (ambiguous_tie:7 non_product_intent:2); 0 rejected,,,Mapped from the gross list but evidence is below the threshold for a canonical page.,,"gross_list+klup_trusted+klup_dryrun+single_source_only+no_incumbent_query(nordic/de evidence unavailable, not zero)",gross_list_336,,exact_kg_product,,,
CAND-0338,variant_split,Roland Juno-106 / HS-60,f0f7db28-4ca5-43d9-825d-7b2071e09854,roland-hs-60,Roland,HS-60,,standard/qa_only,excluded,excluded,Mapped from gross list in 03A; not previously reconciled.,,,,0,4,1,"median 12589 DKK (p25 9717 / p75 12589, n=4)",43 deferrals (ambiguous_tie:42 non_product_intent:1); 0 rejected,,,Mapped from the gross list but evidence is below the threshold for a canonical page.,,"gross_list+klup_trusted+klup_dryrun+single_source_only+no_incumbent_query(nordic/de evidence unavailable, not zero)",gross_list_336,,exact_kg_product,,,
CAND-0339,duplicate_consolidated,Roland Jupiter-4,1d1f7b33-1381-44b6-a7e1-f78827b6534b,roland-jupiter-4-49-key-synthesizer-1978-1982-black,Roland,,,standard/qa_only,,excluded,Mapped from gross list in 03A; not previously reconciled.,,,,0,0,0,,0 deferrals; 0 rejected,,,Mapped from the gross list; no observable Klup supply.,,"gross_list+klup_trusted+klup_dryrun+no_incumbent_query(nordic/de evidence unavailable, not zero)",gross_list_336,,exact_kg_product,,,
CAND-0340,duplicate_consolidated,Roland Jupiter-4,8b082c2a-4d43-475f-a913-b43c35e14047,roland-jp-4,Roland,JP-4 (Jupiter 4),,standard/qa_only,,excluded,Mapped from gross list in 03A; not previously reconciled.,,,,0,0,0,,0 deferrals; 0 rejected,,,Mapped from the gross list; no observable Klup supply.,,"gross_list+klup_trusted+klup_dryrun+no_incumbent_query(nordic/de evidence unavailable, not zero)",gross_list_336,,exact_kg_product,,,
CAND-0341,duplicate_consolidated,Roland Jupiter-6,9a322f4f-59dd-42b1-9a54-89de01d35ed1,roland-jp-6,Roland,JP-6 (Jupiter 6),,standard/qa_only,,excluded,Mapped from gross list in 03A; not previously reconciled.,,,,0,0,0,,0 deferrals; 0 rejected,,,Mapped from the gross list; no observable Klup supply.,,"gross_list+klup_trusted+klup_dryrun+no_incumbent_query(nordic/de evidence unavailable, not zero)",gross_list_336,,exact_kg_product,,,
CAND-0342,duplicate_consolidated,Roland Jupiter-8,4f046ddc-432c-408f-9fce-5f4a8b93117d,roland-jp-8,Roland,JP-8 (Jupiter 8),,standard/qa_only,,excluded,Mapped from gross list in 03A; not previously reconciled.,,,,0,0,0,,0 deferrals; 0 rejected,,,Mapped from the gross list; no observable Klup supply.,,"gross_list+klup_trusted+klup_dryrun+no_incumbent_query(nordic/de evidence unavailable, not zero)",gross_list_336,,exact_kg_product,,,
CAND-0343,duplicate_consolidated,Roland Promars MRS-2,9b3f04ed-7c57-4dba-ab8a-f039ef372fbd,roland-promars-mrs-2,Roland,ProMars MRS-2,,standard/qa_only,,excluded,Mapped from gross list in 03A; not previously reconciled.,,,,0,0,0,,0 deferrals; 0 rejected,,,Mapped from the gross list; no observable Klup supply.,,"gross_list+klup_trusted+klup_dryrun+no_incumbent_query(nordic/de evidence unavailable, not zero)",gross_list_336,,exact_kg_product,,,
CAND-0344,duplicate_consolidated,Roland Promars MRS-2,bf7b511e-409f-4513-bcb8-6fe130a75fe8,roland-mrs-2,Roland,MRS-2,,standard/qa_only,,excluded,Mapped from gross list in 03A; not previously reconciled.,,,,7,2,1,"median 28063 DKK (p25 21851 / p75 35079, n=9)",0 deferrals; 6 rejected,,,Mapped from the gross list but evidence is below the threshold for a canonical page.,,"gross_list+klup_trusted+klup_dryrun+single_source_only+no_incumbent_query(nordic/de evidence unavailable, not zero)",gross_list_336,,exact_kg_product,,,
CAND-0345,duplicate_consolidated,Roland RE-101 / RE-150 / RE-201 / RE-301 Space Echo,26fd7032-0d6c-4162-b0c0-a5b74755b0f5,roland-re-201-space-echo,Roland,RE-201,,standard/qa_only,,excluded,Mapped from gross list in 03A; not previously reconciled.,,,,0,0,0,,32 deferrals (product_data_conflict:30 shared_identifier_conflict:2); 0 rejected,,,Mapped from the gross list; no observable Klup supply.,,"gross_list+klup_trusted+klup_dryrun+no_incumbent_query(nordic/de evidence unavailable, not zero)",gross_list_336,,exact_kg_product,,,
CAND-0346,duplicate_consolidated,Roland RE-101 / RE-150 / RE-201 / RE-301 Space Echo,2af05ee8-3cba-4298-b9b1-411bdad21e6b,roland-re-201-space-echo-tape-delay-reverb-1974-1988-black,Roland,,,standard/qa_only,,excluded,Mapped from gross list in 03A; not previously reconciled.,,,,0,0,0,,0 deferrals; 0 rejected,,,Mapped from the gross list; no observable Klup supply.,,"gross_list+klup_trusted+klup_dryrun+no_incumbent_query(nordic/de evidence unavailable, not zero)",gross_list_336,,exact_kg_product,,,
CAND-0347,variant_split,Roland RS-09 / RS-202 / RS-505,1eca52ef-cdd3-4c80-9ea5-479eeff57a12,roland-rs-202-strings,Roland,,,standard/qa_only,,excluded,Mapped from gross list in 03A; not previously reconciled.,,,,0,0,0,,0 deferrals; 0 rejected,,,Mapped from the gross list; no observable Klup supply.,,"gross_list+klup_trusted+klup_dryrun+no_incumbent_query(nordic/de evidence unavailable, not zero)",gross_list_336,,exact_kg_product,,,
CAND-0348,variant_split,Roland RS-09 / RS-202 / RS-505,5863ba37-08ab-411e-a60f-1f2112b6d582,roland-rs-09,Roland,RS-09,,standard/qa_only,excluded,excluded,Mapped from gross list in 03A; not previously reconciled.,,,,3,7,2,"median 4750 DKK (p25 3887 / p75 5262, n=10)",2 deferrals (ambiguous_tie:1 non_product_intent:1); 0 rejected,,,Mapped from the gross list but evidence is below the threshold for a canonical page.,,"gross_list+klup_trusted+klup_dryrun+no_incumbent_query(nordic/de evidence unavailable, not zero)",gross_list_336,,exact_kg_product,,,
CAND-0349,variant_split,Roland RS-09 / RS-202 / RS-505,7f5e35df-9ffe-42a0-8f19-f2237a1cd148,roland-rs-505-paraphonic,Roland,RS-505 Paraphonic,,standard/qa_only,excluded,excluded,Mapped from gross list in 03A; not previously reconciled.,,,,1,0,1,"median 20000 DKK (p25 20000 / p75 20000, n=1)",0 deferrals; 0 rejected,,,Mapped from the gross list but evidence is below the threshold for a canonical page.,,"gross_list+klup_trusted+klup_dryrun+single_source_only+no_incumbent_query(nordic/de evidence unavailable, not zero)",gross_list_336,,exact_kg_product,,,
CAND-0350,exact_match,Roland SH-2,fc0b737c-eb17-4995-b8c1-e14259a41eef,roland-sh-2,Roland,SH-2,,standard/qa_only,excluded,excluded,Mapped from gross list in 03A; not previously reconciled.,,,,0,8,1,"median 10116 DKK (p25 198 / p75 12622, n=8)",4 deferrals (ambiguous_tie:3 non_product_intent:1); 0 rejected,,,Mapped from the gross list but evidence is below the threshold for a canonical page.,,"gross_list+klup_trusted+klup_dryrun+single_source_only+no_incumbent_query(nordic/de evidence unavailable, not zero)",gross_list_336,,exact_kg_product,,,
CAND-0351,exact_match,Roland SH-5,5d593118-b30d-40c6-804c-90ed7e1f6678,roland-sh-5,Roland,,,standard/qa_only,,excluded,Mapped from gross list in 03A; not previously reconciled.,,,,0,0,0,,0 deferrals; 0 rejected,,,Mapped from the gross list; no observable Klup supply.,,"gross_list+klup_trusted+klup_dryrun+no_incumbent_query(nordic/de evidence unavailable, not zero)",gross_list_336,,exact_kg_product,,,
CAND-0352,exact_match,Roland System-700,f1ba8610-c9e4-4cb8-b67c-fba035e32504,roland-system-700,Roland,System 700,,standard/qa_only,excluded,excluded,Mapped from gross list in 03A; not previously reconciled.,,,,0,3,1,"median 58 DKK (p25 39 / p75 58, n=3)",1 deferrals (ambiguous_tie:1); 0 rejected,,,Mapped from the gross list but evidence is below the threshold for a canonical page.,,"gross_list+klup_trusted+klup_dryrun+single_source_only+no_incumbent_query(nordic/de evidence unavailable, not zero)",gross_list_336,,exact_kg_product,,,
CAND-0353,duplicate_consolidated,Roland TR-606,9475494a-bc13-4b03-af86-5857cdfbaa64,roland-tr-606-drumatix-1980s-silver,Roland,,,standard/qa_only,,excluded,Mapped from gross list in 03A; not previously reconciled.,,,,0,0,0,,0 deferrals; 0 rejected,,,Mapped from the gross list; no observable Klup supply.,,"gross_list+klup_trusted+klup_dryrun+no_incumbent_query(nordic/de evidence unavailable, not zero)",gross_list_336,,exact_kg_product,,,
CAND-0354,variant_split,Roland TR-707 / TR-727,d7b30f94-ec4f-4eaf-aabb-8ab20695aed9,roland-tr-707-rhythm-composer-1985-white,Roland,,,standard/qa_only,,excluded,Mapped from gross list in 03A; not previously reconciled.,,,,0,0,0,,0 deferrals; 0 rejected,,,Mapped from the gross list; no observable Klup supply.,,"gross_list+klup_trusted+klup_dryrun+no_incumbent_query(nordic/de evidence unavailable, not zero)",gross_list_336,,exact_kg_product,,,
CAND-0355,duplicate_consolidated,Rupert Neve Designs Master Buss Processor,134278d1-0963-49a7-8ad0-16ef102198e2,neve-rupert-neve-portico-ii-master-buss-processor,Neve,,,standard/qa_only,,excluded,Mapped from gross list in 03A; not previously reconciled.,,,,0,0,0,,0 deferrals; 0 rejected,,,Mapped from the gross list; no observable Klup supply.,,"gross_list+klup_trusted+klup_dryrun+no_incumbent_query(nordic/de evidence unavailable, not zero)",gross_list_336,,exact_kg_product,,,
CAND-0356,duplicate_consolidated,Rupert Neve Designs Master Buss Processor,54e90229-c26a-4161-8cd8-855d3d4e77f2,neve-rupert-neve-designs-portico-ii-master-buss-processor,Neve,,,standard/qa_only,,excluded,Mapped from gross list in 03A; not previously reconciled.,,,,0,0,0,,0 deferrals; 0 rejected,,,Mapped from the gross list; no observable Klup supply.,,"gross_list+klup_trusted+klup_dryrun+no_incumbent_query(nordic/de evidence unavailable, not zero)",gross_list_336,,exact_kg_product,,,
CAND-0357,exact_match,Rupert Neve Designs Shelford Channel,33e08a80-d6e5-4a5b-b39b-94a38074f26e,neve-rupert-neve-designs-5035-shelford-channel,Neve,,,standard/qa_only,,excluded,Mapped from gross list in 03A; not previously reconciled.,,,,0,0,0,,0 deferrals; 0 rejected,,,Mapped from the gross list; no observable Klup supply.,,"gross_list+klup_trusted+klup_dryrun+no_incumbent_query(nordic/de evidence unavailable, not zero)",gross_list_336,,exact_kg_product,,,
CAND-0358,duplicate_consolidated,Sequential Circuits DrumTraks,24c5ce54-aeb2-4296-928c-b0ae1994fd39,sequential-drumtraks,Sequential,DrumTraks,,standard/qa_only,excluded,excluded,Mapped from gross list in 03A; not previously reconciled.,,,,3,8,1,"median 7774 DKK (p25 1943 / p75 10524, n=11)",1 deferrals (ambiguous_tie:1); 38 rejected,,,Mapped from the gross list but evidence is below the threshold for a canonical page.,,"gross_list+klup_trusted+klup_dryrun+single_source_only+no_incumbent_query(nordic/de evidence unavailable, not zero)",gross_list_336,,exact_kg_product,,,
CAND-0359,duplicate_consolidated,Sequential Circuits DrumTraks,7b21fe0f-4a34-4835-b663-95da6db1431d,sequential-drumtraks-12-voice-drum-machine-1984-black,Sequential,,,standard/qa_only,,excluded,Mapped from gross list in 03A; not previously reconciled.,,,,0,0,0,,0 deferrals; 0 rejected,,,Mapped from the gross list; no observable Klup supply.,,"gross_list+klup_trusted+klup_dryrun+no_incumbent_query(nordic/de evidence unavailable, not zero)",gross_list_336,,exact_kg_product,,,
CAND-0360,duplicate_consolidated,Sequential Circuits DrumTraks,7fd1d8c4-db90-47fe-8473-902d7c75e83c,sequential-reverb-sequential-circuits-drumtraks-sample-pack,Sequential,,,standard/qa_only,,excluded,Mapped from gross list in 03A; not previously reconciled.,,,,0,0,0,,0 deferrals; 0 rejected,,,Mapped from the gross list; no observable Klup supply.,,"gross_list+klup_trusted+klup_dryrun+no_incumbent_query(nordic/de evidence unavailable, not zero)",gross_list_336,,exact_kg_product,,,
CAND-0361,duplicate_consolidated,Sequential Circuits DrumTraks,ed66bc3f-365e-4826-97b1-674b20fd74e4,sequential-circuits-drumtraks,Sequential Circuits,,,standard/qa_only,,excluded,Mapped from gross list in 03A; not previously reconciled.,,,,0,0,0,,0 deferrals; 0 rejected,,,Mapped from the gross list; no observable Klup supply.,,"gross_list+klup_trusted+klup_dryrun+no_incumbent_query(nordic/de evidence unavailable, not zero)",gross_list_336,,exact_kg_product,,,
CAND-0362,exact_match,Sequential Circuits Multi-Trak,7bf11a61-a597-4511-b750-8942c4878a19,sequential-circuits-multitrak,Sequential Circuits,MultiTrak,,standard/qa_only,,excluded,Mapped from gross list in 03A; not previously reconciled.,,,,0,3,1,"median 453 DKK (p25 163 / p75 615, n=3)",0 deferrals; 0 rejected,,,Mapped from the gross list but evidence is below the threshold for a canonical page.,,"gross_list+klup_trusted+klup_dryrun+single_source_only+no_incumbent_query(nordic/de evidence unavailable, not zero)",gross_list_336,,exact_kg_product,,,
CAND-0363,exact_match,Sequential Circuits Pro-One,25400290-ee63-49e1-a505-1fd71d64a53b,sequential-circuits-pro-one,Sequential Circuits,,,standard/qa_only,,excluded,Mapped from gross list in 03A; not previously reconciled.,,,,0,0,0,,0 deferrals; 0 rejected,,,Mapped from the gross list; no observable Klup supply.,,"gross_list+klup_trusted+klup_dryrun+no_incumbent_query(nordic/de evidence unavailable, not zero)",gross_list_336,,exact_kg_product,,,
CAND-0364,duplicate_consolidated,Sequential Circuits Prophet-5,358b29a0-f9d0-401a-8f52-a5b6182490ff,sequential-sequential-prophet-5-rev3-3-vintage-1984-polyphonic-synthesizer,Sequential,,,standard/qa_only,,excluded,Mapped from gross list in 03A; not previously reconciled.,,,,0,0,0,,0 deferrals; 0 rejected,,,Mapped from the gross list; no observable Klup supply.,,"gross_list+klup_trusted+klup_dryrun+no_incumbent_query(nordic/de evidence unavailable, not zero)",gross_list_336,,exact_kg_product,,,
CAND-0365,duplicate_consolidated,Sequential Circuits Prophet-5,4f92502a-3f26-4cdb-b4df-12fbcda05a9f,sequential-sequential-prophet-5-legendary-5-voice-analog-poly-synth,Sequential,,,standard/qa_only,,excluded,Mapped from gross list in 03A; not previously reconciled.,,,,0,0,0,,0 deferrals; 0 rejected,,,Mapped from the gross list; no observable Klup supply.,,"gross_list+klup_trusted+klup_dryrun+no_incumbent_query(nordic/de evidence unavailable, not zero)",gross_list_336,,exact_kg_product,,,
CAND-0366,duplicate_consolidated,Sequential Circuits Prophet-5,8f6168c6-eaa3-4e45-953b-8e2c77b219bb,sequential-sequential-prophet-5-keyboard--brand-new--detroit-modular,Sequential,PROPHET 5 KEYBOARD : BRAND NEW :  [DETROIT MODULAR],,standard/qa_only,,excluded,Mapped from gross list in 03A; not previously reconciled.,,,,0,0,0,,1 deferrals (ambiguous_tie:1); 0 rejected,,,Mapped from the gross list; no observable Klup supply.,,"gross_list+klup_trusted+klup_dryrun+no_incumbent_query(nordic/de evidence unavailable, not zero)",gross_list_336,,exact_kg_product,,,
CAND-0367,duplicate_consolidated,Sequential Circuits Prophet-5,f972650e-772f-434e-86c1-28da2e5f4522,sequential-sequential-prophet-5-polyphonic-analog-keyboard-synthesizer,Sequential,,,standard/qa_only,,excluded,Mapped from gross list in 03A; not previously reconciled.,,,,0,0,0,,0 deferrals; 0 rejected,,,Mapped from the gross list; no observable Klup supply.,,"gross_list+klup_trusted+klup_dryrun+no_incumbent_query(nordic/de evidence unavailable, not zero)",gross_list_336,,exact_kg_product,,,
CAND-0368,duplicate_consolidated,Sequential Circuits Prophet-5,8e8e4fe3-f63c-476d-9088-c973a361b7be,sequential-circuits-prophet-5,Sequential Circuits,Prophet 5,,standard/qa_only,,excluded,Mapped from gross list in 03A; not previously reconciled.,,,,0,0,0,,30 deferrals (ambiguous_tie:27 non_product_intent:2); 0 rejected,,,Mapped from the gross list; no observable Klup supply.,,"gross_list+klup_trusted+klup_dryrun+no_incumbent_query(nordic/de evidence unavailable, not zero)",gross_list_336,,exact_kg_product,,,
CAND-0369,duplicate_consolidated,Sequential Circuits Prophet-10,3e8047cf-e924-4bd4-aec8-d486319b53ce,sequential-sequential-prophet-10-desktop-module-restock-deal,Sequential,,,standard/qa_only,,excluded,Mapped from gross list in 03A; not previously reconciled.,,,,0,0,0,,0 deferrals; 0 rejected,,,Mapped from the gross list; no observable Klup supply.,,"gross_list+klup_trusted+klup_dryrun+no_incumbent_query(nordic/de evidence unavailable, not zero)",gross_list_336,,exact_kg_product,,,
CAND-0370,duplicate_consolidated,Sequential Circuits Prophet-10,ab76ce00-6749-4e06-9ea7-413e7b1d196e,sequential-sequential-prophet-10-desktop--brand-new--detroit-modular,Sequential,PROPHET 10 DESKTOP : BRAND NEW :  [DETROIT MODULAR],,standard/qa_only,,excluded,Mapped from gross list in 03A; not previously reconciled.,,,,0,0,0,,0 deferrals; 0 rejected,,,Mapped from the gross list; no observable Klup supply.,,"gross_list+klup_trusted+klup_dryrun+no_incumbent_query(nordic/de evidence unavailable, not zero)",gross_list_336,,exact_kg_product,,,
CAND-0371,duplicate_consolidated,Sequential Circuits Prophet-10,dbd6f94b-abb1-43de-ae19-87ef3f402e1b,sequential-sequential-prophet-10-analogue-synthesiser-desktop,Sequential,,,standard/qa_only,,excluded,Mapped from gross list in 03A; not previously reconciled.,,,,0,0,0,,0 deferrals; 0 rejected,,,Mapped from the gross list; no observable Klup supply.,,"gross_list+klup_trusted+klup_dryrun+no_incumbent_query(nordic/de evidence unavailable, not zero)",gross_list_336,,exact_kg_product,,,
CAND-0372,duplicate_consolidated,Sequential Circuits Prophet-10,f298302d-279a-4499-95ef-787995149a23,sequential-circuits-prophet-10,Sequential Circuits,Prophet 10,,standard/qa_only,,excluded,Mapped from gross list in 03A; not previously reconciled.,,,,0,0,0,,2 deferrals (ambiguous_tie:2); 0 rejected,,,Mapped from the gross list; no observable Klup supply.,,"gross_list+klup_trusted+klup_dryrun+no_incumbent_query(nordic/de evidence unavailable, not zero)",gross_list_336,,exact_kg_product,,,
CAND-0373,exact_match,Sequential Circuits Prophet-600,a3ac8f58-22e3-43fa-a2ab-4587447a90b8,sequential-circuits-prophet-600,Sequential Circuits,,,standard/qa_only,,excluded,Mapped from gross list in 03A; not previously reconciled.,,,,0,0,0,,0 deferrals; 0 rejected,,,Mapped from the gross list; no observable Klup supply.,,"gross_list+klup_trusted+klup_dryrun+no_incumbent_query(nordic/de evidence unavailable, not zero)",gross_list_336,,exact_kg_product,,,
CAND-0374,exact_match,Sequential Circuits Prophet-T8,53bb98b2-b35f-47d9-9c7a-c516f51ff02e,sequential-circuits-prophet-t8,Sequential Circuits,,,standard/qa_only,,excluded,Mapped from gross list in 03A; not previously reconciled.,,,,0,0,0,,0 deferrals; 0 rejected,,,Mapped from the gross list; no observable Klup supply.,,"gross_list+klup_trusted+klup_dryrun+no_incumbent_query(nordic/de evidence unavailable, not zero)",gross_list_336,,exact_kg_product,,,
CAND-0375,exact_match,Sequential Circuits Prophet-VS,74516f5e-328b-4bf9-987b-ed18d3c60c77,sequential-circuits-prophet-vs,Sequential Circuits,,,standard/qa_only,,excluded,Mapped from gross list in 03A; not previously reconciled.,,,,0,0,0,,0 deferrals; 0 rejected,,,Mapped from the gross list; no observable Klup supply.,,"gross_list+klup_trusted+klup_dryrun+no_incumbent_query(nordic/de evidence unavailable, not zero)",gross_list_336,,exact_kg_product,,,
CAND-0376,exact_match,Sequential Circuits Six-Trak,bba7fa5a-e4b3-47d8-9285-a4803c0885f6,sequential-circuits-six-trak,Sequential Circuits,Six-Trak,,standard/qa_only,excluded,excluded,Mapped from gross list in 03A; not previously reconciled.,,,,0,5,1,"median 64 DKK (p25 51 / p75 124, n=5)",11 deferrals (ambiguous_tie:10 copy_or_reference:1); 0 rejected,,,Mapped from the gross list but evidence is below the threshold for a canonical page.,,"gross_list+klup_trusted+klup_dryrun+single_source_only+no_incumbent_query(nordic/de evidence unavailable, not zero)",gross_list_336,,exact_kg_product,,,
CAND-0377,exact_match,Sequential Circuits Studio 440,7f058595-ef8f-481b-b475-acf46b8dfee7,sequential-circuits-studio-440,Sequential Circuits,Studio 440,,standard/qa_only,excluded,excluded,Mapped from gross list in 03A; not previously reconciled.,,,,0,7,1,"median 46 DKK (p25 41 / p75 97, n=7)",5 deferrals (copy_or_reference:4 ambiguous_tie:1); 0 rejected,,,Mapped from the gross list but evidence is below the threshold for a canonical page.,,"gross_list+klup_trusted+klup_dryrun+single_source_only+no_incumbent_query(nordic/de evidence unavailable, not zero)",gross_list_336,,exact_kg_product,,,
CAND-0378,exact_match,Siel Orchestra / Orchestra 2,08e686ea-20ab-4ea5-ac5e-1878000affbe,siel-orchestra,Siel,,,standard/qa_only,,excluded,Mapped from gross list in 03A; not previously reconciled.,,,,0,0,0,,0 deferrals; 0 rejected,,,Mapped from the gross list; no observable Klup supply.,,"gross_list+klup_trusted+klup_dryrun+no_incumbent_query(nordic/de evidence unavailable, not zero)",gross_list_336,,exact_kg_product,,,
CAND-0379,exact_match,Solid State Logic Ultraviolet EQ,a148372e-6d19-4b0b-91df-47e89e7fb3cc,ssl-ultraviolet-eq,SSL,UltraViolet EQ,,standard/qa_only,excluded,excluded,Mapped from gross list in 03A; not previously reconciled.,,,,5,0,1,"median 4535 DKK (p25 4535 / p75 4535, n=5)",1 deferrals (low_confidence:1); 1 rejected,,,Mapped from the gross list but evidence is below the threshold for a canonical page.,,"gross_list+klup_trusted+klup_dryrun+single_source_only+no_incumbent_query(nordic/de evidence unavailable, not zero)",gross_list_336,,exact_kg_product,,,
CAND-0380,duplicate_consolidated,Tube-Tech CL 1B,2f287821-496e-43f1-a52f-6d92e4280f1b,tube-tech-tube-tech-cl-1b-compressor-new-in-box-warranty,Tube-Tech,,,standard/qa_only,,excluded,Mapped from gross list in 03A; not previously reconciled.,,,,0,0,0,,0 deferrals; 0 rejected,,,Mapped from the gross list; no observable Klup supply.,,"gross_list+klup_trusted+klup_dryrun+no_incumbent_query(nordic/de evidence unavailable, not zero)",gross_list_336,,exact_kg_product,,,
CAND-0381,duplicate_consolidated,Tube-Tech CL 1B,776af8f7-7e6a-42a3-9499-bb570ae229f9,tube-tech-tube-tech-cl-1b-mono-opto-compressor-2010s-blue,Tube-Tech,CL 1B Mono Opto Compressor 2010s - Blue,,standard/qa_only,,excluded,Mapped from gross list in 03A; not previously reconciled.,,,,0,0,0,,4 deferrals (shared_identifier_conflict:4); 0 rejected,,,Mapped from the gross list; no observable Klup supply.,,"gross_list+klup_trusted+klup_dryrun+no_incumbent_query(nordic/de evidence unavailable, not zero)",gross_list_336,,exact_kg_product,,,
CAND-0382,duplicate_consolidated,Tube-Tech CL 1B,9652019b-6db3-42c7-abe7-e591eeb3520a,tube-tech-tube-tech-cl-1b-brand-new-unopened-box,Tube-Tech,,,standard/qa_only,,excluded,Mapped from gross list in 03A; not previously reconciled.,,,,0,0,0,,0 deferrals; 0 rejected,,,Mapped from the gross list; no observable Klup supply.,,"gross_list+klup_trusted+klup_dryrun+no_incumbent_query(nordic/de evidence unavailable, not zero)",gross_list_336,,exact_kg_product,,,
CAND-0383,duplicate_consolidated,Tube-Tech CL 1B,98d15800-f379-4acb-9601-cab17d6b4425,tube-tech-tube-tech-cl-1b-single-channel-optical-tube-compressor--studio-icon,Tube-Tech,CL 1B Single-Channel Optical Tube Compressor – Studio Icon,,standard/qa_only,,excluded,Mapped from gross list in 03A; not previously reconciled.,,,,0,0,0,,0 deferrals; 0 rejected,,,Mapped from the gross list; no observable Klup supply.,,"gross_list+klup_trusted+klup_dryrun+no_incumbent_query(nordic/de evidence unavailable, not zero)",gross_list_336,,exact_kg_product,,,
CAND-0384,duplicate_consolidated,Tube-Tech CL 1B,baf23afd-4eb1-4902-9d86-883bf190583b,tube-tech-tube-tech-cl-1b-mono-opto-compressor-2023-blue,Tube-Tech,CL 1B Mono Opto Compressor 2023 - Blue,,standard/qa_only,,excluded,Mapped from gross list in 03A; not previously reconciled.,,,,0,0,0,,0 deferrals; 0 rejected,,,Mapped from the gross list; no observable Klup supply.,,"gross_list+klup_trusted+klup_dryrun+no_incumbent_query(nordic/de evidence unavailable, not zero)",gross_list_336,,exact_kg_product,,,
CAND-0385,duplicate_consolidated,Tube-Tech LCA 2B,0a4e82ea-1450-48f9-af4b-ced7e7eb789e,tube-tech-tube-tech-lca-2b-stereo-tube-vca-compressor-limiter-used,Tube-Tech,LCA 2B Stereo Tube VCA Compressor/Limiter (Used),,standard/qa_only,,excluded,Mapped from gross list in 03A; not previously reconciled.,,,,0,0,0,,0 deferrals; 0 rejected,,,Mapped from the gross list; no observable Klup supply.,,"gross_list+klup_trusted+klup_dryrun+no_incumbent_query(nordic/de evidence unavailable, not zero)",gross_list_336,,exact_kg_product,,,
CAND-0386,duplicate_consolidated,Tube-Tech LCA 2B,4ba63bad-692d-4aaa-9694-df78eb0d1c40,tube-tech-tube-tech-lca-2b-stereo-compressor-limiter-green-day-owned-certificate-of-authenticity,Tube-Tech,,,standard/qa_only,,excluded,Mapped from gross list in 03A; not previously reconciled.,,,,0,0,0,,0 deferrals; 0 rejected,,,Mapped from the gross list; no observable Klup supply.,,"gross_list+klup_trusted+klup_dryrun+no_incumbent_query(nordic/de evidence unavailable, not zero)",gross_list_336,,exact_kg_product,,,
CAND-0387,duplicate_consolidated,Tube-Tech LCA 2B,923fafc6-cae2-4d3f-9ad4-d1a0559d9373,tube-tech-tube-tech-lca-2b-stereo-tube-compressor-limiter,Tube-Tech,LCA 2B Stereo Tube Compressor / Limiter,,standard/qa_only,,excluded,Mapped from gross list in 03A; not previously reconciled.,,,,0,0,0,,0 deferrals; 0 rejected,,,Mapped from the gross list; no observable Klup supply.,,"gross_list+klup_trusted+klup_dryrun+no_incumbent_query(nordic/de evidence unavailable, not zero)",gross_list_336,,exact_kg_product,,,
CAND-0388,duplicate_consolidated,Tube-Tech LCA 2B,c4e6e8ea-604f-4d2d-a771-275608a46052,tube-tech-tube-tech-lca-2b-dual-channel-tube-vca-compressor-limiter-2010s-blue,Tube-Tech,,,standard/qa_only,,excluded,Mapped from gross list in 03A; not previously reconciled.,,,,0,0,0,,0 deferrals; 0 rejected,,,Mapped from the gross list; no observable Klup supply.,,"gross_list+klup_trusted+klup_dryrun+no_incumbent_query(nordic/de evidence unavailable, not zero)",gross_list_336,,exact_kg_product,,,
CAND-0389,duplicate_consolidated,Tube-Tech LCA 2B,e348a4f3-8faf-4f30-b5d6-5ecae232cc76,tube-tech-upgraded--modified-tube-tech-lca-2b-dual-channel-tube-vca-compressor-limiter,Tube-Tech,,,standard/qa_only,,excluded,Mapped from gross list in 03A; not previously reconciled.,,,,0,0,0,,0 deferrals; 0 rejected,,,Mapped from the gross list; no observable Klup supply.,,"gross_list+klup_trusted+klup_dryrun+no_incumbent_query(nordic/de evidence unavailable, not zero)",gross_list_336,,exact_kg_product,,,
CAND-0390,duplicate_consolidated,Tube-Tech LCA 2B,f4a360d2-5e46-4d42-b0a2-05e0f79d26af,tube-tech-tube-tech-mec-1a--mp-2a--lca-2b-dual-channel-tube-vca-compressor--rack,Tube-Tech,MEC 1A + MP 2A + LCA 2B Dual Channel Tube VCA Compressor + Rack,,standard/qa_only,,excluded,Mapped from gross list in 03A; not previously reconciled.,,,,0,0,0,,0 deferrals; 0 rejected,,,Mapped from the gross list; no observable Klup supply.,,"gross_list+klup_trusted+klup_dryrun+no_incumbent_query(nordic/de evidence unavailable, not zero)",gross_list_336,,exact_kg_product,,,
CAND-0391,duplicate_consolidated,Tube-Tech PE 1C,70f4e5b5-f7fa-4eaa-913e-685f0d21eab2,tube-tech-tube-tech-pe-1c-program-equalizer-04984,Tube-Tech,PE 1C Program Equalizer #04984,,standard/qa_only,,excluded,Mapped from gross list in 03A; not previously reconciled.,,,,0,0,0,,0 deferrals; 0 rejected,,,Mapped from the gross list; no observable Klup supply.,,"gross_list+klup_trusted+klup_dryrun+no_incumbent_query(nordic/de evidence unavailable, not zero)",gross_list_336,,exact_kg_product,,,
CAND-0392,duplicate_consolidated,Tube-Tech PE 1C,c01fa0aa-0639-47c1-b5fa-686d227c0448,tube-tech-tube-tech-pe-1c-program-equalizer--passive-pultec-style-eq-w-push-pull-amplifier,Tube-Tech,,,standard/qa_only,,excluded,Mapped from gross list in 03A; not previously reconciled.,,,,0,0,0,,0 deferrals; 0 rejected,,,Mapped from the gross list; no observable Klup supply.,,"gross_list+klup_trusted+klup_dryrun+no_incumbent_query(nordic/de evidence unavailable, not zero)",gross_list_336,,exact_kg_product,,,
CAND-0393,duplicate_consolidated,Tube-Tech PE 1C,de92e977-cfb1-4c79-984a-ec663430d968,tube-tech-tube-tech-pe-1c-program-equalizer-vintage-1990s,Tube-Tech,,,standard/qa_only,,excluded,Mapped from gross list in 03A; not previously reconciled.,,,,0,0,0,,0 deferrals; 0 rejected,,,Mapped from the gross list; no observable Klup supply.,,"gross_list+klup_trusted+klup_dryrun+no_incumbent_query(nordic/de evidence unavailable, not zero)",gross_list_336,,exact_kg_product,,,
CAND-0394,duplicate_consolidated,Tube-Tech PE 1C,faab1ca0-a7e6-4d85-8c58-7f217c06c347,tube-tech-tube-tech-pe-1c-program-equalizer-2010s-blue,Tube-Tech,PE 1C Program Equalizer 2010s - Blue,,standard/qa_only,excluded,excluded,Mapped from gross list in 03A; not previously reconciled.,,,,0,3,1,"median 16098 DKK (p25 12797 / p75 16975, n=3)",0 deferrals; 0 rejected,,,Mapped from the gross list but evidence is below the threshold for a canonical page.,,"gross_list+klup_trusted+klup_dryrun+single_source_only+no_incumbent_query(nordic/de evidence unavailable, not zero)",gross_list_336,,exact_kg_product,,,
CAND-0395,variant_split,Tube-Tech SMC 2B,2caa8748-1c1f-458c-a3f8-457b4a75eaf6,tube-tech-tube-tech-smc-2b-stereo-multiband-compressor,Tube-Tech,SMC-2B Stereo Multiband Compressor,,standard/qa_only,excluded,excluded,Mapped from gross list in 03A; not previously reconciled.,,,,4,1,1,"median 24945 DKK (p25 24945 / p75 29622, n=5)",2 deferrals (ambiguous_tie:2); 0 rejected,,,Mapped from the gross list but evidence is below the threshold for a canonical page.,,"gross_list+klup_trusted+klup_dryrun+single_source_only+no_incumbent_query(nordic/de evidence unavailable, not zero)",gross_list_336,,exact_kg_product,,,
CAND-0396,variant_split,Tube-Tech SMC 2B,841ca986-30f4-4c51-8fb9-5ec4a058df67,tube-tech-tube-tech-smc-2b-multiband-opto-compressor,Tube-Tech,SMC 2B Multiband Opto Compressor,,standard/qa_only,excluded,excluded,Mapped from gross list in 03A; not previously reconciled.,,,,1,0,1,"median 30331 DKK (p25 30331 / p75 30331, n=1)",0 deferrals; 0 rejected,,,Mapped from the gross list but evidence is below the threshold for a canonical page.,,"gross_list+klup_trusted+klup_dryrun+single_source_only+no_incumbent_query(nordic/de evidence unavailable, not zero)",gross_list_336,,exact_kg_product,,,
CAND-0397,variant_split,Tube-Tech SMC 2B,c36b2b02-3853-4f48-af12-bb3b65e14cf3,tube-tech-tube-tech-smc-2b-stereo-multiband-compressor-2010s-blue,Tube-Tech,SMC-2B Stereo Multiband Compressor 2010s - Blue,,standard/qa_only,,excluded,Mapped from gross list in 03A; not previously reconciled.,,,,0,0,0,,2 deferrals (ambiguous_tie:2); 0 rejected,,,Mapped from the gross list; no observable Klup supply.,,"gross_list+klup_trusted+klup_dryrun+no_incumbent_query(nordic/de evidence unavailable, not zero)",gross_list_336,,exact_kg_product,,,
CAND-0398,variant_split,Tube-Tech SMC 2B,f00d0e98-7fd4-48d7-a1be-667bc6004760,tube-tech-tube-tech-smc-2b-2a-stereo-multiband-compressor-2010s-blue,Tube-Tech,SMC-2B 2A Stereo Multiband Compressor 2010s - Blue,,standard/qa_only,excluded,excluded,Mapped from gross list in 03A; not previously reconciled.,,,,1,0,1,"median 19402 DKK (p25 19402 / p75 19402, n=1)",0 deferrals; 0 rejected,,,Mapped from the gross list but evidence is below the threshold for a canonical page.,,"gross_list+klup_trusted+klup_dryrun+single_source_only+no_incumbent_query(nordic/de evidence unavailable, not zero)",gross_list_336,,exact_kg_product,,,
CAND-0399,duplicate_consolidated,Universal Audio 1176LN / 1176SE,eabdcc85-8682-4c86-93e6-fd3555bf9e46,ua-urei-and-ua-1176ln-2k-audio-taper-potentiometer,Universal Audio,,,standard/qa_only,,excluded,Mapped from gross list in 03A; not previously reconciled.,,,,0,0,0,,0 deferrals; 0 rejected,,,Mapped from the gross list; no observable Klup supply.,,"gross_list+klup_trusted+klup_dryrun+no_incumbent_query(nordic/de evidence unavailable, not zero)",gross_list_336,,exact_kg_product,,,
CAND-0400,exact_match,Yamaha AN1x,e44d20c4-3124-43b8-b871-c88076aa08fe,yamaha-an1x,Yamaha,AN1x,,standard/qa_only,excluded,excluded,Mapped from gross list in 03A; not previously reconciled.,,,,0,13,1,"median 452 DKK (p25 194 / p75 4677, n=13)",11 deferrals (ambiguous_tie:9 non_product_intent:1); 0 rejected,,,Mapped from the gross list but evidence is below the threshold for a canonical page.,,"gross_list+klup_trusted+klup_dryrun+single_source_only+no_incumbent_query(nordic/de evidence unavailable, not zero)",gross_list_336,,exact_kg_product,,,
CAND-0401,duplicate_consolidated,Yamaha CS-15 / CS-30 / CS-40M,1fb4ef05-b180-49dd-be94-ca2a1c019271,yamaha-cs-40m,Yamaha,,,standard/qa_only,,excluded,Mapped from gross list in 03A; not previously reconciled.,,,,0,0,0,,0 deferrals; 0 rejected,,,Mapped from the gross list; no observable Klup supply.,,"gross_list+klup_trusted+klup_dryrun+no_incumbent_query(nordic/de evidence unavailable, not zero)",gross_list_336,,exact_kg_product,,,
CAND-0402,duplicate_consolidated,Yamaha CS-15 / CS-30 / CS-40M,32781b2e-2123-4929-9f42-de094331a2bc,yamaha-cs-30,Yamaha,,,standard/qa_only,,excluded,Mapped from gross list in 03A; not previously reconciled.,,,,0,0,0,,0 deferrals; 0 rejected,,,Mapped from the gross list; no observable Klup supply.,,"gross_list+klup_trusted+klup_dryrun+no_incumbent_query(nordic/de evidence unavailable, not zero)",gross_list_336,,exact_kg_product,,,
CAND-0403,duplicate_consolidated,Yamaha CS-15 / CS-30 / CS-40M,53187a50-e36f-482c-b80f-5ea59ab68a06,yamaha-cs-15,Yamaha,,,standard/qa_only,,excluded,Mapped from gross list in 03A; not previously reconciled.,,,,0,0,0,,0 deferrals; 0 rejected,,,Mapped from the gross list; no observable Klup supply.,,"gross_list+klup_trusted+klup_dryrun+no_incumbent_query(nordic/de evidence unavailable, not zero)",gross_list_336,,exact_kg_product,,,
CAND-0404,duplicate_consolidated,Yamaha CS-50 / CS-60,b2bc6caa-04c9-4a4c-b397-df50e5cf9cf5,yamaha-cs-60,Yamaha,,,standard/qa_only,,excluded,Mapped from gross list in 03A; not previously reconciled.,,,,0,0,0,,0 deferrals; 0 rejected,,,Mapped from the gross list; no observable Klup supply.,,"gross_list+klup_trusted+klup_dryrun+no_incumbent_query(nordic/de evidence unavailable, not zero)",gross_list_336,,exact_kg_product,,,
CAND-0405,exact_match,Yamaha CS-70M,8bded613-1b9a-4574-b07a-36ecd5cccd3f,yamaha-cs-70m,Yamaha,,,standard/qa_only,,excluded,Mapped from gross list in 03A; not previously reconciled.,,,,0,0,0,,0 deferrals; 0 rejected,,,Mapped from the gross list; no observable Klup supply.,,"gross_list+klup_trusted+klup_dryrun+no_incumbent_query(nordic/de evidence unavailable, not zero)",gross_list_336,,exact_kg_product,,,
CAND-0406,exact_match,Yamaha CS-80,d8db34ba-b8f8-41c7-9c96-2a2d7b26029a,yamaha-cs-80,Yamaha,,,standard/qa_only,,excluded,Mapped from gross list in 03A; not previously reconciled.,,,,0,0,0,,0 deferrals; 0 rejected,,,Mapped from the gross list; no observable Klup supply.,,"gross_list+klup_trusted+klup_dryrun+no_incumbent_query(nordic/de evidence unavailable, not zero)",gross_list_336,,exact_kg_product,,,
CAND-0407,duplicate_consolidated,Yamaha DX1 / DX5,124fd52c-640d-4aab-b6e4-7b9069c4fc05,yamaha-dx1,Yamaha,DX1,,standard/qa_only,excluded,excluded,Mapped from gross list in 03A; not previously reconciled.,,,,1,2,1,"median 613319 DKK (p25 512848 / p75 706113, n=3)",2 deferrals (ambiguous_tie:2); 9 rejected,,,Mapped from the gross list but evidence is below the threshold for a canonical page.,,"gross_list+klup_trusted+klup_dryrun+single_source_only+no_incumbent_query(nordic/de evidence unavailable, not zero)",gross_list_336,,exact_kg_product,,,
CAND-0408,duplicate_consolidated,Yamaha DX1 / DX5,2b6c3919-fc9a-4782-a0c7-37be9be7de92,yamaha-dx5,Yamaha,,,standard/qa_only,,excluded,Mapped from gross list in 03A; not previously reconciled.,,,,0,0,0,,0 deferrals; 0 rejected,,,Mapped from the gross list; no observable Klup supply.,,"gross_list+klup_trusted+klup_dryrun+no_incumbent_query(nordic/de evidence unavailable, not zero)",gross_list_336,,exact_kg_product,,,
CAND-0409,exact_match,Yamaha GX-1,6d8becaf-4158-4ea8-ae1a-255bb0145509,yamaha-gx-1,Yamaha,GX-1,,standard/qa_only,excluded,excluded,Mapped from gross list in 03A; not previously reconciled.,,,,2,0,1,"median 9592 DKK (p25 7670 / p75 9592, n=2)",0 deferrals; 0 rejected,,,Mapped from the gross list but evidence is below the threshold for a canonical page.,,"gross_list+klup_trusted+klup_dryrun+single_source_only+no_incumbent_query(nordic/de evidence unavailable, not zero)",gross_list_336,,exact_kg_product,,,
CAND-0410,exact_match,Yamaha RX5 / RX11,1d78c2d0-114d-4559-843c-261dbfaf0342,yamaha-rx5,Yamaha,RX5,,standard/qa_only,excluded,excluded,Mapped from gross list in 03A; not previously reconciled.,,,,0,34,1,"median 1086 DKK (p25 694 / p75 3233, n=34)",4 deferrals (ambiguous_tie:3 non_product_intent:1); 0 rejected,,,Mapped from the gross list but evidence is below the threshold for a canonical page.,,"gross_list+klup_trusted+klup_dryrun+single_source_only+no_incumbent_query(nordic/de evidence unavailable, not zero)",gross_list_336,,exact_kg_product,,,
CAND-0411,exact_match,Yamaha SS30,5af573ba-3234-4057-b03c-a30105cf5c15,yamaha-ss30,Yamaha,SS30,,standard/qa_only,,excluded,Mapped from gross list in 03A; not previously reconciled.,,,,0,0,0,,0 deferrals; 0 rejected,,,Mapped from the gross list; no observable Klup supply.,,"gross_list+klup_trusted+klup_dryrun+no_incumbent_query(nordic/de evidence unavailable, not zero)",gross_list_336,,exact_kg_product,,,
CAND-0412,duplicate_consolidated,Yamaha SY77 / SY99,42cf6ad1-ad2a-430d-9a86-3e6658a05373,yamaha-sy77,Yamaha,,,standard/qa_only,,excluded,Mapped from gross list in 03A; not previously reconciled.,,,,0,0,0,,0 deferrals; 0 rejected,,,Mapped from the gross list; no observable Klup supply.,,"gross_list+klup_trusted+klup_dryrun+no_incumbent_query(nordic/de evidence unavailable, not zero)",gross_list_336,,exact_kg_product,,,
CAND-0413,duplicate_consolidated,Yamaha SY77 / SY99,ef9bcf64-70cf-4c7a-a210-4918293e4b2a,yamaha-sy99,Yamaha,SY99,,standard/qa_only,excluded,excluded,Mapped from gross list in 03A; not previously reconciled.,,,,4,0,1,"median 1130 DKK (p25 1130 / p75 2144, n=4)",1 deferrals (non_product_intent:1); 15 rejected,,,Mapped from the gross list but evidence is below the threshold for a canonical page.,,"gross_list+klup_trusted+klup_dryrun+single_source_only+no_incumbent_query(nordic/de evidence unavailable, not zero)",gross_list_336,,exact_kg_product,,,
CAND-0414,exact_match,Yamaha TX81Z,d339819b-c85b-409a-8076-6a02cda438ff,yamaha-tx81z,Yamaha,,,standard/qa_only,,excluded,Mapped from gross list in 03A; not previously reconciled.,,,,0,0,0,,0 deferrals; 0 rejected,,,Mapped from the gross list; no observable Klup supply.,,"gross_list+klup_trusted+klup_dryrun+no_incumbent_query(nordic/de evidence unavailable, not zero)",gross_list_336,,exact_kg_product,,,
CAND-0415,exact_match,Yamaha TX816,469e7cf2-37e9-45c5-8400-2473d043fa37,yamaha-tx816,Yamaha,TX816,,standard/qa_only,excluded,excluded,Mapped from gross list in 03A; not previously reconciled.,,,,8,0,2,"median 8098 DKK (p25 3032 / p75 11646, n=8)",1 deferrals (ambiguous_tie:1); 13 rejected,,,Mapped from the gross list but evidence is below the threshold for a canonical page.,,"gross_list+klup_trusted+klup_dryrun+no_incumbent_query(nordic/de evidence unavailable, not zero)",gross_list_336,,exact_kg_product,,,
CAND-0416,no_kg_match_brand_absent,AKG BX 20,,,AKG,BX 20,,,,no_kg_product,"Gross-list family with no KG product; cannot be scraped, matched or priced today.",,,,,,,,,,No KG product exists for this family.,Gross-list family absent from the knowledge graph.,"Create a curated kg_product row (brand + model), then re-assess.",gross_list_only+no_kg_product,gross_list_336,,no_kg_product,,,
CAND-0417,no_kg_match_brand_absent,AKG C12 / C12 VR,,,AKG,C12 / C12 VR,,,,no_kg_product,"Gross-list family with no KG product; cannot be scraped, matched or priced today.",,,,,,,,,,No KG product exists for this family.,Gross-list family absent from the knowledge graph.,"Create a curated kg_product row (brand + model), then re-assess.",gross_list_only+no_kg_product,gross_list_336,,no_kg_product,,,
CAND-0418,no_kg_match_brand_absent,AKG C24,,,AKG,C24,,,,no_kg_product,"Gross-list family with no KG product; cannot be scraped, matched or priced today.",,,,,,,,,,No KG product exists for this family.,Gross-list family absent from the knowledge graph.,"Create a curated kg_product row (brand + model), then re-assess.",gross_list_only+no_kg_product,gross_list_336,,no_kg_product,,,
CAND-0419,no_kg_match_brand_absent,AKG C414 (EB / comb / XLS),,,AKG,C414 (EB / comb / XLS),,,,no_kg_product,"Gross-list family with no KG product; cannot be scraped, matched or priced today.",,,,,,,,,,No KG product exists for this family.,Gross-list family absent from the knowledge graph.,"Create a curated kg_product row (brand + model), then re-assess.",gross_list_only+no_kg_product,gross_list_336,,no_kg_product,,,
CAND-0420,no_kg_match_brand_absent,AKG D12 / D12E / D112,,,AKG,D12 / D12E / D112,,,,no_kg_product,"Gross-list family with no KG product; cannot be scraped, matched or priced today.",,,,,,,,,,No KG product exists for this family.,Gross-list family absent from the knowledge graph.,"Create a curated kg_product row (brand + model), then re-assess.",gross_list_only+no_kg_product,gross_list_336,,no_kg_product,,,
CAND-0421,no_kg_match_brand_absent,Altec 1567A Tube Mixer,,,Altec,1567A Tube Mixer,,,,no_kg_product,"Gross-list family with no KG product; cannot be scraped, matched or priced today.",,,,,,,,,,No KG product exists for this family.,Gross-list family absent from the knowledge graph.,"Create a curated kg_product row (brand + model), then re-assess.",gross_list_only+no_kg_product,gross_list_336,,no_kg_product,,,
CAND-0422,no_kg_match,Ampex 350 Tape Recorder,,,Ampex,350 Tape Recorder,,,,no_kg_product,"Gross-list family with no KG product; cannot be scraped, matched or priced today.",,,,,,,,,,No KG product exists for this family.,Gross-list family absent from the knowledge graph.,"Create a curated kg_product row (brand + model), then re-assess.",gross_list_only+no_kg_product,gross_list_336,,no_kg_product,,,
CAND-0423,no_kg_match,Ampex ATR-102,,,Ampex,ATR-102,,,,no_kg_product,"Gross-list family with no KG product; cannot be scraped, matched or priced today.",,,,,,,,,,No KG product exists for this family.,Gross-list family absent from the knowledge graph.,"Create a curated kg_product row (brand + model), then re-assess.",gross_list_only+no_kg_product,gross_list_336,,no_kg_product,,,
CAND-0424,no_kg_match_brand_absent,AMS DMX 15-80S,,,AMS,DMX 15-80S,,,,no_kg_product,"Gross-list family with no KG product; cannot be scraped, matched or priced today.",,,,,,,,,,No KG product exists for this family.,Gross-list family absent from the knowledge graph.,"Create a curated kg_product row (brand + model), then re-assess.",gross_list_only+no_kg_product,gross_list_336,,no_kg_product,,,
CAND-0425,no_kg_match,AMS Neve 1073DPX,,,AMS Neve,1073DPX,,,,no_kg_product,"Gross-list family with no KG product; cannot be scraped, matched or priced today.",,,,,,,,,,No KG product exists for this family.,Gross-list family absent from the knowledge graph.,"Create a curated kg_product row (brand + model), then re-assess.",gross_list_only+no_kg_product,gross_list_336,,no_kg_product,,,
CAND-0426,no_kg_match,AMS Neve 33609/N,,,AMS Neve,33609/N,,,,no_kg_product,"Gross-list family with no KG product; cannot be scraped, matched or priced today.",,,,,,,,,,No KG product exists for this family.,Gross-list family absent from the knowledge graph.,"Create a curated kg_product row (brand + model), then re-assess.",gross_list_only+no_kg_product,gross_list_336,,no_kg_product,,,
CAND-0427,no_kg_match,ARP Omni I / II,,,ARP,Omni I / II,,,,no_kg_product,"Gross-list family with no KG product; cannot be scraped, matched or priced today.",,,,,,,,,,No KG product exists for this family.,Gross-list family absent from the knowledge graph.,"Create a curated kg_product row (brand + model), then re-assess.",gross_list_only+no_kg_product,gross_list_336,,no_kg_product,,,
CAND-0428,no_kg_match,Aston Microphones Origin,,,Aston Microphones,Origin,,,,no_kg_product,"Gross-list family with no KG product; cannot be scraped, matched or priced today.",,,,,,,,,,No KG product exists for this family.,Gross-list family absent from the knowledge graph.,"Create a curated kg_product row (brand + model), then re-assess.",gross_list_only+no_kg_product,gross_list_336,,no_kg_product,,,
CAND-0429,no_kg_match,Aston Microphones Spirit,,,Aston Microphones,Spirit,,,,no_kg_product,"Gross-list family with no KG product; cannot be scraped, matched or priced today.",,,,,,,,,,No KG product exists for this family.,Gross-list family absent from the knowledge graph.,"Create a curated kg_product row (brand + model), then re-assess.",gross_list_only+no_kg_product,gross_list_336,,no_kg_product,,,
CAND-0430,no_kg_match,Aston Microphones Stealth,,,Aston Microphones,Stealth,,,,no_kg_product,"Gross-list family with no KG product; cannot be scraped, matched or priced today.",,,,,,,,,,No KG product exists for this family.,Gross-list family absent from the knowledge graph.,"Create a curated kg_product row (brand + model), then re-assess.",gross_list_only+no_kg_product,gross_list_336,,no_kg_product,,,
CAND-0431,no_kg_match_brand_absent,Audient ASP800 / ASP880,,,Audient,ASP800 / ASP880,,,,no_kg_product,"Gross-list family with no KG product; cannot be scraped, matched or priced today.",,,,,,,,,,No KG product exists for this family.,Gross-list family absent from the knowledge graph.,"Create a curated kg_product row (brand + model), then re-assess.",gross_list_only+no_kg_product,gross_list_336,,no_kg_product,,,
CAND-0432,no_kg_match_brand_absent,Audient iD44,,,Audient,iD44,,,,no_kg_product,"Gross-list family with no KG product; cannot be scraped, matched or priced today.",,,,,,,,,,No KG product exists for this family.,Gross-list family absent from the knowledge graph.,"Create a curated kg_product row (brand + model), then re-assess.",gross_list_only+no_kg_product,gross_list_336,,no_kg_product,,,
CAND-0433,no_kg_match_brand_absent,Austrian Audio OC818,,,Austrian Audio,OC818,,,,no_kg_product,"Gross-list family with no KG product; cannot be scraped, matched or priced today.",,,,,,,,,,No KG product exists for this family.,Gross-list family absent from the knowledge graph.,"Create a curated kg_product row (brand + model), then re-assess.",gross_list_only+no_kg_product,gross_list_336,,no_kg_product,,,
CAND-0434,no_kg_match_brand_absent,Avalon VT-737sp,,,Avalon,VT-737sp,,,,no_kg_product,"Gross-list family with no KG product; cannot be scraped, matched or priced today.",,,,,,,,,,No KG product exists for this family.,Gross-list family absent from the knowledge graph.,"Create a curated kg_product row (brand + model), then re-assess.",gross_list_only+no_kg_product,gross_list_336,,no_kg_product,,,
CAND-0435,no_kg_match_brand_absent,Binson Echorec / Echorec 2,,,Binson,Echorec / Echorec 2,,,,no_kg_product,"Gross-list family with no KG product; cannot be scraped, matched or priced today.",,,,,,,,,,No KG product exists for this family.,Gross-list family absent from the knowledge graph.,"Create a curated kg_product row (brand + model), then re-assess.",gross_list_only+no_kg_product,gross_list_336,,no_kg_product,,,
CAND-0436,no_kg_match,Boss DM-1 Delay Machine,,,Boss,DM-1 Delay Machine,,,,no_kg_product,"Gross-list family with no KG product; cannot be scraped, matched or priced today.",,,,,,,,,,No KG product exists for this family.,Gross-list family absent from the knowledge graph.,"Create a curated kg_product row (brand + model), then re-assess.",gross_list_only+no_kg_product,gross_list_336,,no_kg_product,,,
CAND-0437,no_kg_match,Boss DM-2 / DM-3 Delay,,,Boss,DM-2 / DM-3 Delay,,,,no_kg_product,"Gross-list family with no KG product; cannot be scraped, matched or priced today.",,,,,,,,,,No KG product exists for this family.,Gross-list family absent from the knowledge graph.,"Create a curated kg_product row (brand + model), then re-assess.",gross_list_only+no_kg_product,gross_list_336,,no_kg_product,,,
CAND-0438,no_kg_match,Buchla Music Easel,,,Buchla,Music Easel,,,,no_kg_product,"Gross-list family with no KG product; cannot be scraped, matched or priced today.",,,,,,,,,,No KG product exists for this family.,Gross-list family absent from the knowledge graph.,"Create a curated kg_product row (brand + model), then re-assess.",gross_list_only+no_kg_product,gross_list_336,,no_kg_product,,,
CAND-0439,no_kg_match_brand_absent,Burl Audio B2 Bomber ADC / DAC,,,Burl Audio,B2 Bomber ADC / DAC,,,,no_kg_product,"Gross-list family with no KG product; cannot be scraped, matched or priced today.",,,,,,,,,,No KG product exists for this family.,Gross-list family absent from the knowledge graph.,"Create a curated kg_product row (brand + model), then re-assess.",gross_list_only+no_kg_product,gross_list_336,,no_kg_product,,,
CAND-0440,no_kg_match_brand_absent,Burl Audio Mothership B16 / B80,,,Burl Audio,Mothership B16 / B80,,,,no_kg_product,"Gross-list family with no KG product; cannot be scraped, matched or priced today.",,,,,,,,,,No KG product exists for this family.,Gross-list family absent from the knowledge graph.,"Create a curated kg_product row (brand + model), then re-assess.",gross_list_only+no_kg_product,gross_list_336,,no_kg_product,,,
CAND-0441,no_kg_match_brand_absent,Calrec Vintage EQ / Compressor Modules,,,Calrec,Vintage EQ / Compressor Modules,,,,no_kg_product,"Gross-list family with no KG product; cannot be scraped, matched or priced today.",,,,,,,,,,No KG product exists for this family.,Gross-list family absent from the knowledge graph.,"Create a curated kg_product row (brand + model), then re-assess.",gross_list_only+no_kg_product,gross_list_336,,no_kg_product,,,
CAND-0442,no_kg_match,Casio VL-1 (VL-Tone),,,Casio,VL-1 (VL-Tone),,,,no_kg_product,"Gross-list family with no KG product; cannot be scraped, matched or priced today.",,,,,,,,,,No KG product exists for this family.,Gross-list family absent from the knowledge graph.,"Create a curated kg_product row (brand + model), then re-assess.",gross_list_only+no_kg_product,gross_list_336,,no_kg_product,,,
CAND-0443,no_kg_match_brand_absent,Chandler Limited EMI TG12413 Zener Limiter,,,Chandler Limited,EMI TG12413 Zener Limiter,,,,no_kg_product,"Gross-list family with no KG product; cannot be scraped, matched or priced today.",,,,,,,,,,No KG product exists for this family.,Gross-list family absent from the knowledge graph.,"Create a curated kg_product row (brand + model), then re-assess.",gross_list_only+no_kg_product,gross_list_336,,no_kg_product,,,
CAND-0444,no_kg_match_brand_absent,Chandler Limited REDD.47 Preamp,,,Chandler Limited,REDD.47 Preamp,,,,no_kg_product,"Gross-list family with no KG product; cannot be scraped, matched or priced today.",,,,,,,,,,No KG product exists for this family.,Gross-list family absent from the knowledge graph.,"Create a curated kg_product row (brand + model), then re-assess.",gross_list_only+no_kg_product,gross_list_336,,no_kg_product,,,
CAND-0445,no_kg_match_brand_absent,Chandler Limited RS124 Compressor,,,Chandler Limited,RS124 Compressor,,,,no_kg_product,"Gross-list family with no KG product; cannot be scraped, matched or priced today.",,,,,,,,,,No KG product exists for this family.,Gross-list family absent from the knowledge graph.,"Create a curated kg_product row (brand + model), then re-assess.",gross_list_only+no_kg_product,gross_list_336,,no_kg_product,,,
CAND-0446,no_kg_match_brand_absent,Chandler Limited TG1 Limiter,,,Chandler Limited,TG1 Limiter,,,,no_kg_product,"Gross-list family with no KG product; cannot be scraped, matched or priced today.",,,,,,,,,,No KG product exists for this family.,Gross-list family absent from the knowledge graph.,"Create a curated kg_product row (brand + model), then re-assess.",gross_list_only+no_kg_product,gross_list_336,,no_kg_product,,,
CAND-0447,no_kg_match_brand_absent,Chandler Limited TG12345 Curve Bender,,,Chandler Limited,TG12345 Curve Bender,,,,no_kg_product,"Gross-list family with no KG product; cannot be scraped, matched or priced today.",,,,,,,,,,No KG product exists for this family.,Gross-list family absent from the knowledge graph.,"Create a curated kg_product row (brand + model), then re-assess.",gross_list_only+no_kg_product,gross_list_336,,no_kg_product,,,
CAND-0448,no_kg_match_brand_absent,Chilton Talentmaker,,,Chilton,Talentmaker,,,,no_kg_product,"Gross-list family with no KG product; cannot be scraped, matched or priced today.",,,,,,,,,,No KG product exists for this family.,Gross-list family absent from the knowledge graph.,"Create a curated kg_product row (brand + model), then re-assess.",gross_list_only+no_kg_product,gross_list_336,,no_kg_product,,,
CAND-0449,no_kg_match_brand_absent,Coles 4038,,,Coles,4038,,,,no_kg_product,"Gross-list family with no KG product; cannot be scraped, matched or priced today.",,,,,,,,,,No KG product exists for this family.,Gross-list family absent from the knowledge graph.,"Create a curated kg_product row (brand + model), then re-assess.",gross_list_only+no_kg_product,gross_list_336,,no_kg_product,,,
CAND-0450,no_kg_match_brand_absent,dbx 160,,,dbx,160,,,,no_kg_product,"Gross-list family with no KG product; cannot be scraped, matched or priced today.",,,,,,,,,,No KG product exists for this family.,Gross-list family absent from the knowledge graph.,"Create a curated kg_product row (brand + model), then re-assess.",gross_list_only+no_kg_product,gross_list_336,,no_kg_product,,,
CAND-0451,no_kg_match_brand_absent,Dynacord VRS-23,,,Dynacord,VRS-23,,,,no_kg_product,"Gross-list family with no KG product; cannot be scraped, matched or priced today.",,,,,,,,,,No KG product exists for this family.,Gross-list family absent from the knowledge graph.,"Create a curated kg_product row (brand + model), then re-assess.",gross_list_only+no_kg_product,gross_list_336,,no_kg_product,,,
CAND-0452,no_kg_match,Eko Computerhythm,,,Eko,Computerhythm,,,,no_kg_product,"Gross-list family with no KG product; cannot be scraped, matched or priced today.",,,,,,,,,,No KG product exists for this family.,Gross-list family absent from the knowledge graph.,"Create a curated kg_product row (brand + model), then re-assess.",gross_list_only+no_kg_product,gross_list_336,,no_kg_product,,,
CAND-0453,no_kg_match,Electro-Harmonix Memory Man / Deluxe Memory Man,,,Electro-Harmonix,Memory Man / Deluxe Memory Man,,,,no_kg_product,"Gross-list family with no KG product; cannot be scraped, matched or priced today.",,,,,,,,,,No KG product exists for this family.,Gross-list family absent from the knowledge graph.,"Create a curated kg_product row (brand + model), then re-assess.",gross_list_only+no_kg_product,gross_list_336,,no_kg_product,,,
CAND-0454,no_kg_match_brand_absent,Electro-Voice RE20,,,Electro-Voice,RE20,,,,no_kg_product,"Gross-list family with no KG product; cannot be scraped, matched or priced today.",,,,,,,,,,No KG product exists for this family.,Gross-list family absent from the knowledge graph.,"Create a curated kg_product row (brand + model), then re-assess.",gross_list_only+no_kg_product,gross_list_336,,no_kg_product,,,
CAND-0455,no_kg_match,Elka Rhapsody 490 / 610,,,Elka,Rhapsody 490 / 610,,,,no_kg_product,"Gross-list family with no KG product; cannot be scraped, matched or priced today.",,,,,,,,,,No KG product exists for this family.,Gross-list family absent from the knowledge graph.,"Create a curated kg_product row (brand + model), then re-assess.",gross_list_only+no_kg_product,gross_list_336,,no_kg_product,,,
CAND-0456,no_kg_match_brand_absent,Elysia Karacter,,,Elysia,Karacter,,,,no_kg_product,"Gross-list family with no KG product; cannot be scraped, matched or priced today.",,,,,,,,,,No KG product exists for this family.,Gross-list family absent from the knowledge graph.,"Create a curated kg_product row (brand + model), then re-assess.",gross_list_only+no_kg_product,gross_list_336,,no_kg_product,,,
CAND-0457,no_kg_match_brand_absent,Elysia Mpressor,,,Elysia,Mpressor,,,,no_kg_product,"Gross-list family with no KG product; cannot be scraped, matched or priced today.",,,,,,,,,,No KG product exists for this family.,Gross-list family absent from the knowledge graph.,"Create a curated kg_product row (brand + model), then re-assess.",gross_list_only+no_kg_product,gross_list_336,,no_kg_product,,,
CAND-0458,no_kg_match_brand_absent,Elysia Museq,,,Elysia,Museq,,,,no_kg_product,"Gross-list family with no KG product; cannot be scraped, matched or priced today.",,,,,,,,,,No KG product exists for this family.,Gross-list family absent from the knowledge graph.,"Create a curated kg_product row (brand + model), then re-assess.",gross_list_only+no_kg_product,gross_list_336,,no_kg_product,,,
CAND-0459,no_kg_match_brand_absent,Elysia Xfilter,,,Elysia,Xfilter,,,,no_kg_product,"Gross-list family with no KG product; cannot be scraped, matched or priced today.",,,,,,,,,,No KG product exists for this family.,Gross-list family absent from the knowledge graph.,"Create a curated kg_product row (brand + model), then re-assess.",gross_list_only+no_kg_product,gross_list_336,,no_kg_product,,,
CAND-0460,no_kg_match,E-MU Systems Proteus 1 / 2 / 3,,,E-MU Systems,Proteus 1 / 2 / 3,,,,no_kg_product,"Gross-list family with no KG product; cannot be scraped, matched or priced today.",,,,,,,,,,No KG product exists for this family.,Gross-list family absent from the knowledge graph.,"Create a curated kg_product row (brand + model), then re-assess.",gross_list_only+no_kg_product,gross_list_336,,no_kg_product,,,
CAND-0461,no_kg_match_brand_absent,Eminent Solina String Ensemble,,,Eminent,Solina String Ensemble,,,,no_kg_product,"Gross-list family with no KG product; cannot be scraped, matched or priced today.",,,,,,,,,,No KG product exists for this family.,Gross-list family absent from the knowledge graph.,"Create a curated kg_product row (brand + model), then re-assess.",gross_list_only+no_kg_product,gross_list_336,,no_kg_product,,,
CAND-0462,no_kg_match_brand_absent,Empirical Labs EL8 / EL8X Distressor,,,Empirical Labs,EL8 / EL8X Distressor,,,,no_kg_product,"Gross-list family with no KG product; cannot be scraped, matched or priced today.",,,,,,,,,,No KG product exists for this family.,Gross-list family absent from the knowledge graph.,"Create a curated kg_product row (brand + model), then re-assess.",gross_list_only+no_kg_product,gross_list_336,,no_kg_product,,,
CAND-0463,no_kg_match,EMS Synthi AKS / Synthi 100,,,EMS,Synthi AKS / Synthi 100,,,,no_kg_product,"Gross-list family with no KG product; cannot be scraped, matched or priced today.",,,,,,,,,,No KG product exists for this family.,Gross-list family absent from the knowledge graph.,"Create a curated kg_product row (brand + model), then re-assess.",gross_list_only+no_kg_product,gross_list_336,,no_kg_product,,,
CAND-0464,no_kg_match_brand_absent,Eventide H3000,,,Eventide,H3000,,,,no_kg_product,"Gross-list family with no KG product; cannot be scraped, matched or priced today.",,,,,,,,,,No KG product exists for this family.,Gross-list family absent from the knowledge graph.,"Create a curated kg_product row (brand + model), then re-assess.",gross_list_only+no_kg_product,gross_list_336,,no_kg_product,,,
CAND-0465,no_kg_match_brand_absent,Evans Echopet EP-50 / EP-100,,,Evans,Echopet EP-50 / EP-100,,,,no_kg_product,"Gross-list family with no KG product; cannot be scraped, matched or priced today.",,,,,,,,,,No KG product exists for this family.,Gross-list family absent from the knowledge graph.,"Create a curated kg_product row (brand + model), then re-assess.",gross_list_only+no_kg_product,gross_list_336,,no_kg_product,,,
CAND-0466,no_kg_match_brand_absent,EMT 140 Plate Reverb,,,EMT,140 Plate Reverb,,,,no_kg_product,"Gross-list family with no KG product; cannot be scraped, matched or priced today.",,,,,,,,,,No KG product exists for this family.,Gross-list family absent from the knowledge graph.,"Create a curated kg_product row (brand + model), then re-assess.",gross_list_only+no_kg_product,gross_list_336,,no_kg_product,,,
CAND-0467,no_kg_match_brand_absent,EMT 250 Electronic Reverb,,,EMT,250 Electronic Reverb,,,,no_kg_product,"Gross-list family with no KG product; cannot be scraped, matched or priced today.",,,,,,,,,,No KG product exists for this family.,Gross-list family absent from the knowledge graph.,"Create a curated kg_product row (brand + model), then re-assess.",gross_list_only+no_kg_product,gross_list_336,,no_kg_product,,,
CAND-0468,no_kg_match_brand_absent,Fairchild 660 / 670,,,Fairchild,660 / 670,,,,no_kg_product,"Gross-list family with no KG product; cannot be scraped, matched or priced today.",,,,,,,,,,No KG product exists for this family.,Gross-list family absent from the knowledge graph.,"Create a curated kg_product row (brand + model), then re-assess.",gross_list_only+no_kg_product,gross_list_336,,no_kg_product,,,
CAND-0469,no_kg_match_brand_absent,Focusrite ISA 110 / 130,,,Focusrite,ISA 110 / 130,,,,no_kg_product,"Gross-list family with no KG product; cannot be scraped, matched or priced today.",,,,,,,,,,No KG product exists for this family.,Gross-list family absent from the knowledge graph.,"Create a curated kg_product row (brand + model), then re-assess.",gross_list_only+no_kg_product,gross_list_336,,no_kg_product,,,
CAND-0470,no_kg_match_brand_absent,Focusrite ISA 428 / 828 MkII,,,Focusrite,ISA 428 / 828 MkII,,,,no_kg_product,"Gross-list family with no KG product; cannot be scraped, matched or priced today.",,,,,,,,,,No KG product exists for this family.,Gross-list family absent from the knowledge graph.,"Create a curated kg_product row (brand + model), then re-assess.",gross_list_only+no_kg_product,gross_list_336,,no_kg_product,,,
CAND-0471,no_kg_match_brand_absent,Focusrite ISA One,,,Focusrite,ISA One,,,,no_kg_product,"Gross-list family with no KG product; cannot be scraped, matched or priced today.",,,,,,,,,,No KG product exists for this family.,Gross-list family absent from the knowledge graph.,"Create a curated kg_product row (brand + model), then re-assess.",gross_list_only+no_kg_product,gross_list_336,,no_kg_product,,,
CAND-0472,no_kg_match_brand_absent,Focusrite Red 1 / Red 2 / Red 3,,,Focusrite,Red 1 / Red 2 / Red 3,,,,no_kg_product,"Gross-list family with no KG product; cannot be scraped, matched or priced today.",,,,,,,,,,No KG product exists for this family.,Gross-list family absent from the knowledge graph.,"Create a curated kg_product row (brand + model), then re-assess.",gross_list_only+no_kg_product,gross_list_336,,no_kg_product,,,
CAND-0473,no_kg_match_brand_absent,Helios Type 69,,,Helios,Type 69,,,,no_kg_product,"Gross-list family with no KG product; cannot be scraped, matched or priced today.",,,,,,,,,,No KG product exists for this family.,Gross-list family absent from the knowledge graph.,"Create a curated kg_product row (brand + model), then re-assess.",gross_list_only+no_kg_product,gross_list_336,,no_kg_product,,,
CAND-0474,no_kg_match,Hohner Clavinet D6 / E7 / C,,,Hohner,Clavinet D6 / E7 / C,,,,no_kg_product,"Gross-list family with no KG product; cannot be scraped, matched or priced today.",,,,,,,,,,No KG product exists for this family.,Gross-list family absent from the knowledge graph.,"Create a curated kg_product row (brand + model), then re-assess.",gross_list_only+no_kg_product,gross_list_336,,no_kg_product,,,
CAND-0475,no_kg_match,Hohner Pianet N / T,,,Hohner,Pianet N / T,,,,no_kg_product,"Gross-list family with no KG product; cannot be scraped, matched or priced today.",,,,,,,,,,No KG product exists for this family.,Gross-list family absent from the knowledge graph.,"Create a curated kg_product row (brand + model), then re-assess.",gross_list_only+no_kg_product,gross_list_336,,no_kg_product,,,
CAND-0476,no_kg_match,Ibanez AD-80 / AD-9 Analog Delay,,,Ibanez,AD-80 / AD-9 Analog Delay,,,,no_kg_product,"Gross-list family with no KG product; cannot be scraped, matched or priced today.",,,,,,,,,,No KG product exists for this family.,Gross-list family absent from the knowledge graph.,"Create a curated kg_product row (brand + model), then re-assess.",gross_list_only+no_kg_product,gross_list_336,,no_kg_product,,,
CAND-0477,no_kg_match,Ibanez AD-202 / AD-230 Rack Delay,,,Ibanez,AD-202 / AD-230 Rack Delay,,,,no_kg_product,"Gross-list family with no KG product; cannot be scraped, matched or priced today.",,,,,,,,,,No KG product exists for this family.,Gross-list family absent from the knowledge graph.,"Create a curated kg_product row (brand + model), then re-assess.",gross_list_only+no_kg_product,gross_list_336,,no_kg_product,,,
CAND-0478,no_kg_match,Kawai K1 / K1R,,,Kawai,K1 / K1R,,,,no_kg_product,"Gross-list family with no KG product; cannot be scraped, matched or priced today.",,,,,,,,,,No KG product exists for this family.,Gross-list family absent from the knowledge graph.,"Create a curated kg_product row (brand + model), then re-assess.",gross_list_only+no_kg_product,gross_list_336,,no_kg_product,,,
CAND-0479,no_kg_match,Kawai K5 / K5000S / K5000W,,,Kawai,K5 / K5000S / K5000W,,,,no_kg_product,"Gross-list family with no KG product; cannot be scraped, matched or priced today.",,,,,,,,,,No KG product exists for this family.,Gross-list family absent from the knowledge graph.,"Create a curated kg_product row (brand + model), then re-assess.",gross_list_only+no_kg_product,gross_list_336,,no_kg_product,,,
CAND-0480,no_kg_match_brand_absent,Klemt Echolette NG51,,,Klemt,Echolette NG51,,,,no_kg_product,"Gross-list family with no KG product; cannot be scraped, matched or priced today.",,,,,,,,,,No KG product exists for this family.,Gross-list family absent from the knowledge graph.,"Create a curated kg_product row (brand + model), then re-assess.",gross_list_only+no_kg_product,gross_list_336,,no_kg_product,,,
CAND-0481,no_kg_match,Korg PE-1000 / PE-2000 Polyphonic Ensemble,,,Korg,PE-1000 / PE-2000 Polyphonic Ensemble,,,,no_kg_product,"Gross-list family with no KG product; cannot be scraped, matched or priced today.",,,,,,,,,,No KG product exists for this family.,Gross-list family absent from the knowledge graph.,"Create a curated kg_product row (brand + model), then re-assess.",gross_list_only+no_kg_product,gross_list_336,,no_kg_product,,,
CAND-0482,no_kg_match,Korg SE-300 / SE-500 Stage Echo,,,Korg,SE-300 / SE-500 Stage Echo,,,,no_kg_product,"Gross-list family with no KG product; cannot be scraped, matched or priced today.",,,,,,,,,,No KG product exists for this family.,Gross-list family absent from the knowledge graph.,"Create a curated kg_product row (brand + model), then re-assess.",gross_list_only+no_kg_product,gross_list_336,,no_kg_product,,,
CAND-0483,no_kg_match_brand_absent,Lexicon 224,,,Lexicon,224,,,,no_kg_product,"Gross-list family with no KG product; cannot be scraped, matched or priced today.",,,,,,,,,,No KG product exists for this family.,Gross-list family absent from the knowledge graph.,"Create a curated kg_product row (brand + model), then re-assess.",gross_list_only+no_kg_product,gross_list_336,,no_kg_product,,,
CAND-0484,no_kg_match_brand_absent,Lexicon 480L,,,Lexicon,480L,,,,no_kg_product,"Gross-list family with no KG product; cannot be scraped, matched or priced today.",,,,,,,,,,No KG product exists for this family.,Gross-list family absent from the knowledge graph.,"Create a curated kg_product row (brand + model), then re-assess.",gross_list_only+no_kg_product,gross_list_336,,no_kg_product,,,
CAND-0485,no_kg_match_brand_absent,Lexicon Prime Time Model 93 / Prime Time series,,,Lexicon,Prime Time Model 93 / Prime Time series,,,,no_kg_product,"Gross-list family with no KG product; cannot be scraped, matched or priced today.",,,,,,,,,,No KG product exists for this family.,Gross-list family absent from the knowledge graph.,"Create a curated kg_product row (brand + model), then re-assess.",gross_list_only+no_kg_product,gross_list_336,,no_kg_product,,,
CAND-0486,no_kg_match_brand_absent,Maestro Echoplex EP-1 / EP-2,,,Maestro,Echoplex EP-1 / EP-2,,,,no_kg_product,"Gross-list family with no KG product; cannot be scraped, matched or priced today.",,,,,,,,,,No KG product exists for this family.,Gross-list family absent from the knowledge graph.,"Create a curated kg_product row (brand + model), then re-assess.",gross_list_only+no_kg_product,gross_list_336,,no_kg_product,,,
CAND-0487,no_kg_match_brand_absent,Maestro Echoplex EP-3 / EP-4,,,Maestro,Echoplex EP-3 / EP-4,,,,no_kg_product,"Gross-list family with no KG product; cannot be scraped, matched or priced today.",,,,,,,,,,No KG product exists for this family.,Gross-list family absent from the knowledge graph.,"Create a curated kg_product row (brand + model), then re-assess.",gross_list_only+no_kg_product,gross_list_336,,no_kg_product,,,
CAND-0488,no_kg_match_brand_absent,Mattel Bee Gees Rhythm Machine,,,Mattel,Bee Gees Rhythm Machine,,,,no_kg_product,"Gross-list family with no KG product; cannot be scraped, matched or priced today.",,,,,,,,,,No KG product exists for this family.,Gross-list family absent from the knowledge graph.,"Create a curated kg_product row (brand + model), then re-assess.",gross_list_only+no_kg_product,gross_list_336,,no_kg_product,,,
CAND-0489,no_kg_match_brand_absent,Mellotron M400 / Mk II,,,Mellotron,M400 / Mk II,,,,no_kg_product,"Gross-list family with no KG product; cannot be scraped, matched or priced today.",,,,,,,,,,No KG product exists for this family.,Gross-list family absent from the knowledge graph.,"Create a curated kg_product row (brand + model), then re-assess.",gross_list_only+no_kg_product,gross_list_336,,no_kg_product,,,
CAND-0490,no_kg_match_brand_absent,Microtech Gefell CMV 563,,,Microtech Gefell,CMV 563,,,,no_kg_product,"Gross-list family with no KG product; cannot be scraped, matched or priced today.",,,,,,,,,,No KG product exists for this family.,Gross-list family absent from the knowledge graph.,"Create a curated kg_product row (brand + model), then re-assess.",gross_list_only+no_kg_product,gross_list_336,,no_kg_product,,,
CAND-0491,no_kg_match_brand_absent,Microtech Gefell M300,,,Microtech Gefell,M300,,,,no_kg_product,"Gross-list family with no KG product; cannot be scraped, matched or priced today.",,,,,,,,,,No KG product exists for this family.,Gross-list family absent from the knowledge graph.,"Create a curated kg_product row (brand + model), then re-assess.",gross_list_only+no_kg_product,gross_list_336,,no_kg_product,,,
CAND-0492,no_kg_match_brand_absent,Microtech Gefell M930 / M930 Ts,,,Microtech Gefell,M930 / M930 Ts,,,,no_kg_product,"Gross-list family with no KG product; cannot be scraped, matched or priced today.",,,,,,,,,,No KG product exists for this family.,Gross-list family absent from the knowledge graph.,"Create a curated kg_product row (brand + model), then re-assess.",gross_list_only+no_kg_product,gross_list_336,,no_kg_product,,,
CAND-0493,no_kg_match_brand_absent,Microtech Gefell PM 750,,,Microtech Gefell,PM 750,,,,no_kg_product,"Gross-list family with no KG product; cannot be scraped, matched or priced today.",,,,,,,,,,No KG product exists for this family.,Gross-list family absent from the knowledge graph.,"Create a curated kg_product row (brand + model), then re-assess.",gross_list_only+no_kg_product,gross_list_336,,no_kg_product,,,
CAND-0494,no_kg_match_brand_absent,Microtech Gefell UM 70 / UMT 70S,,,Microtech Gefell,UM 70 / UMT 70S,,,,no_kg_product,"Gross-list family with no KG product; cannot be scraped, matched or priced today.",,,,,,,,,,No KG product exists for this family.,Gross-list family absent from the knowledge graph.,"Create a curated kg_product row (brand + model), then re-assess.",gross_list_only+no_kg_product,gross_list_336,,no_kg_product,,,
CAND-0495,no_kg_match,Moog Modular System 35 / 55,,,Moog,Modular System 35 / 55,,,,no_kg_product,"Gross-list family with no KG product; cannot be scraped, matched or priced today.",,,,,,,,,,No KG product exists for this family.,Gross-list family absent from the knowledge graph.,"Create a curated kg_product row (brand + model), then re-assess.",gross_list_only+no_kg_product,gross_list_336,,no_kg_product,,,
CAND-0496,no_kg_match_brand_absent,Mu-Tron Bi-Phase,,,Mu-Tron,Bi-Phase,,,,no_kg_product,"Gross-list family with no KG product; cannot be scraped, matched or priced today.",,,,,,,,,,No KG product exists for this family.,Gross-list family absent from the knowledge graph.,"Create a curated kg_product row (brand + model), then re-assess.",gross_list_only+no_kg_product,gross_list_336,,no_kg_product,,,
CAND-0497,no_kg_match_brand_absent,MXR Analog Delay Model 118 / 134,,,MXR,Analog Delay Model 118 / 134,,,,no_kg_product,"Gross-list family with no KG product; cannot be scraped, matched or priced today.",,,,,,,,,,No KG product exists for this family.,Gross-list family absent from the knowledge graph.,"Create a curated kg_product row (brand + model), then re-assess.",gross_list_only+no_kg_product,gross_list_336,,no_kg_product,,,
CAND-0498,no_kg_match,Neumann KM53 / KM54 / KM56,,,Neumann,KM53 / KM54 / KM56,,,,no_kg_product,"Gross-list family with no KG product; cannot be scraped, matched or priced today.",,,,,,,,,,No KG product exists for this family.,Gross-list family absent from the knowledge graph.,"Create a curated kg_product row (brand + model), then re-assess.",gross_list_only+no_kg_product,gross_list_336,,no_kg_product,,,
CAND-0499,no_kg_match,Neumann PEV / PEVb,,,Neumann,PEV / PEVb,,,,no_kg_product,"Gross-list family with no KG product; cannot be scraped, matched or priced today.",,,,,,,,,,No KG product exists for this family.,Gross-list family absent from the knowledge graph.,"Create a curated kg_product row (brand + model), then re-assess.",gross_list_only+no_kg_product,gross_list_336,,no_kg_product,,,
CAND-0500,no_kg_match,Neumann U269,,,Neumann,U269,,,,no_kg_product,"Gross-list family with no KG product; cannot be scraped, matched or priced today.",,,,,,,,,,No KG product exists for this family.,Gross-list family absent from the knowledge graph.,"Create a curated kg_product row (brand + model), then re-assess.",gross_list_only+no_kg_product,gross_list_336,,no_kg_product,,,
CAND-0501,no_kg_match,Neumann V402,,,Neumann,V402,,,,no_kg_product,"Gross-list family with no KG product; cannot be scraped, matched or priced today.",,,,,,,,,,No KG product exists for this family.,Gross-list family absent from the knowledge graph.,"Create a curated kg_product row (brand + model), then re-assess.",gross_list_only+no_kg_product,gross_list_336,,no_kg_product,,,
CAND-0502,no_kg_match,New England Digital Synclavier I / II,,,New England Digital,Synclavier I / II,,,,no_kg_product,"Gross-list family with no KG product; cannot be scraped, matched or priced today.",,,,,,,,,,No KG product exists for this family.,Gross-list family absent from the knowledge graph.,"Create a curated kg_product row (brand + model), then re-assess.",gross_list_only+no_kg_product,gross_list_336,,no_kg_product,,,
CAND-0503,no_kg_match_brand_absent,Optigan Music Maker,,,Optigan,Music Maker,,,,no_kg_product,"Gross-list family with no KG product; cannot be scraped, matched or priced today.",,,,,,,,,,No KG product exists for this family.,Gross-list family absent from the knowledge graph.,"Create a curated kg_product row (brand + model), then re-assess.",gross_list_only+no_kg_product,gross_list_336,,no_kg_product,,,
CAND-0504,no_kg_match_brand_absent,Prism Sound Atlas,,,Prism Sound,Atlas,,,,no_kg_product,"Gross-list family with no KG product; cannot be scraped, matched or priced today.",,,,,,,,,,No KG product exists for this family.,Gross-list family absent from the knowledge graph.,"Create a curated kg_product row (brand + model), then re-assess.",gross_list_only+no_kg_product,gross_list_336,,no_kg_product,,,
CAND-0505,no_kg_match_brand_absent,Prism Sound Dream ADA-8XR,,,Prism Sound,Dream ADA-8XR,,,,no_kg_product,"Gross-list family with no KG product; cannot be scraped, matched or priced today.",,,,,,,,,,No KG product exists for this family.,Gross-list family absent from the knowledge graph.,"Create a curated kg_product row (brand + model), then re-assess.",gross_list_only+no_kg_product,gross_list_336,,no_kg_product,,,
CAND-0506,no_kg_match_brand_absent,Prism Sound Lyra 1 / 2,,,Prism Sound,Lyra 1 / 2,,,,no_kg_product,"Gross-list family with no KG product; cannot be scraped, matched or priced today.",,,,,,,,,,No KG product exists for this family.,Gross-list family absent from the knowledge graph.,"Create a curated kg_product row (brand + model), then re-assess.",gross_list_only+no_kg_product,gross_list_336,,no_kg_product,,,
CAND-0507,no_kg_match_brand_absent,Prism Sound Titan,,,Prism Sound,Titan,,,,no_kg_product,"Gross-list family with no KG product; cannot be scraped, matched or priced today.",,,,,,,,,,No KG product exists for this family.,Gross-list family absent from the knowledge graph.,"Create a curated kg_product row (brand + model), then re-assess.",gross_list_only+no_kg_product,gross_list_336,,no_kg_product,,,
CAND-0508,no_kg_match_brand_absent,PSI Audio A21-M,,,PSI Audio,A21-M,,,,no_kg_product,"Gross-list family with no KG product; cannot be scraped, matched or priced today.",,,,,,,,,,No KG product exists for this family.,Gross-list family absent from the knowledge graph.,"Create a curated kg_product row (brand + model), then re-assess.",gross_list_only+no_kg_product,gross_list_336,,no_kg_product,,,
CAND-0509,no_kg_match_brand_absent,PSI Audio A25-M,,,PSI Audio,A25-M,,,,no_kg_product,"Gross-list family with no KG product; cannot be scraped, matched or priced today.",,,,,,,,,,No KG product exists for this family.,Gross-list family absent from the knowledge graph.,"Create a curated kg_product row (brand + model), then re-assess.",gross_list_only+no_kg_product,gross_list_336,,no_kg_product,,,
CAND-0510,no_kg_match_brand_absent,PSI Audio AVAA C20,,,PSI Audio,AVAA C20,,,,no_kg_product,"Gross-list family with no KG product; cannot be scraped, matched or priced today.",,,,,,,,,,No KG product exists for this family.,Gross-list family absent from the knowledge graph.,"Create a curated kg_product row (brand + model), then re-assess.",gross_list_only+no_kg_product,gross_list_336,,no_kg_product,,,
CAND-0511,no_kg_match_brand_absent,Pultec EQP-1A / MEQ-5,,,Pultec,EQP-1A / MEQ-5,,,,no_kg_product,"Gross-list family with no KG product; cannot be scraped, matched or priced today.",,,,,,,,,,No KG product exists for this family.,Gross-list family absent from the knowledge graph.,"Create a curated kg_product row (brand + model), then re-assess.",gross_list_only+no_kg_product,gross_list_336,,no_kg_product,,,
CAND-0512,no_kg_match_brand_absent,RCA 44BX,,,RCA,44BX,,,,no_kg_product,"Gross-list family with no KG product; cannot be scraped, matched or priced today.",,,,,,,,,,No KG product exists for this family.,Gross-list family absent from the knowledge graph.,"Create a curated kg_product row (brand + model), then re-assess.",gross_list_only+no_kg_product,gross_list_336,,no_kg_product,,,
CAND-0513,no_kg_match_brand_absent,RCA 77DX,,,RCA,77DX,,,,no_kg_product,"Gross-list family with no KG product; cannot be scraped, matched or priced today.",,,,,,,,,,No KG product exists for this family.,Gross-list family absent from the knowledge graph.,"Create a curated kg_product row (brand + model), then re-assess.",gross_list_only+no_kg_product,gross_list_336,,no_kg_product,,,
CAND-0514,no_kg_match_brand_absent,RCA KU3A,,,RCA,KU3A,,,,no_kg_product,"Gross-list family with no KG product; cannot be scraped, matched or priced today.",,,,,,,,,,No KG product exists for this family.,Gross-list family absent from the knowledge graph.,"Create a curated kg_product row (brand + model), then re-assess.",gross_list_only+no_kg_product,gross_list_336,,no_kg_product,,,
CAND-0515,no_kg_match_brand_absent,Retro Instruments Revolver,,,Retro Instruments,Revolver,,,,no_kg_product,"Gross-list family with no KG product; cannot be scraped, matched or priced today.",,,,,,,,,,No KG product exists for this family.,Gross-list family absent from the knowledge graph.,"Create a curated kg_product row (brand + model), then re-assess.",gross_list_only+no_kg_product,gross_list_336,,no_kg_product,,,
CAND-0516,no_kg_match_brand_absent,Retro Instruments Sta-Level,,,Retro Instruments,Sta-Level,,,,no_kg_product,"Gross-list family with no KG product; cannot be scraped, matched or priced today.",,,,,,,,,,No KG product exists for this family.,Gross-list family absent from the knowledge graph.,"Create a curated kg_product row (brand + model), then re-assess.",gross_list_only+no_kg_product,gross_list_336,,no_kg_product,,,
CAND-0517,no_kg_match,Rhodes Piano Bass,,,Rhodes,Piano Bass,,,,no_kg_product,"Gross-list family with no KG product; cannot be scraped, matched or priced today.",,,,,,,,,,No KG product exists for this family.,Gross-list family absent from the knowledge graph.,"Create a curated kg_product row (brand + model), then re-assess.",gross_list_only+no_kg_product,gross_list_336,,no_kg_product,,,
CAND-0518,no_kg_match,Roland DC-10 / DC-30 Analog Chorus-Echo,,,Roland,DC-10 / DC-30 Analog Chorus-Echo,,,,no_kg_product,"Gross-list family with no KG product; cannot be scraped, matched or priced today.",,,,,,,,,,No KG product exists for this family.,Gross-list family absent from the knowledge graph.,"Create a curated kg_product row (brand + model), then re-assess.",gross_list_only+no_kg_product,gross_list_336,,no_kg_product,,,
CAND-0519,no_kg_match,Roland MKS-80 Super Jupiter,,,Roland,MKS-80 Super Jupiter,,,,no_kg_product,"Gross-list family with no KG product; cannot be scraped, matched or priced today.",,,,,,,,,,No KG product exists for this family.,Gross-list family absent from the knowledge graph.,"Create a curated kg_product row (brand + model), then re-assess.",gross_list_only+no_kg_product,gross_list_336,,no_kg_product,,,
CAND-0520,no_kg_match_brand_absent,Royer R-121,,,Royer,R-121,,,,no_kg_product,"Gross-list family with no KG product; cannot be scraped, matched or priced today.",,,,,,,,,,No KG product exists for this family.,Gross-list family absent from the knowledge graph.,"Create a curated kg_product row (brand + model), then re-assess.",gross_list_only+no_kg_product,gross_list_336,,no_kg_product,,,
CAND-0521,no_kg_match_brand_absent,Schoeps CM 60,,,Schoeps,CM 60,,,,no_kg_product,"Gross-list family with no KG product; cannot be scraped, matched or priced today.",,,,,,,,,,No KG product exists for this family.,Gross-list family absent from the knowledge graph.,"Create a curated kg_product row (brand + model), then re-assess.",gross_list_only+no_kg_product,gross_list_336,,no_kg_product,,,
CAND-0522,no_kg_match_brand_absent,Schoeps Colette Series (CMC 6 / MK 4),,,Schoeps,Colette Series (CMC 6 / MK 4),,,,no_kg_product,"Gross-list family with no KG product; cannot be scraped, matched or priced today.",,,,,,,,,,No KG product exists for this family.,Gross-list family absent from the knowledge graph.,"Create a curated kg_product row (brand + model), then re-assess.",gross_list_only+no_kg_product,gross_list_336,,no_kg_product,,,
CAND-0523,no_kg_match_brand_absent,Schoeps M 221B,,,Schoeps,M 221B,,,,no_kg_product,"Gross-list family with no KG product; cannot be scraped, matched or priced today.",,,,,,,,,,No KG product exists for this family.,Gross-list family absent from the knowledge graph.,"Create a curated kg_product row (brand + model), then re-assess.",gross_list_only+no_kg_product,gross_list_336,,no_kg_product,,,
CAND-0524,no_kg_match_brand_absent,Schoeps V4 U,,,Schoeps,V4 U,,,,no_kg_product,"Gross-list family with no KG product; cannot be scraped, matched or priced today.",,,,,,,,,,No KG product exists for this family.,Gross-list family absent from the knowledge graph.,"Create a curated kg_product row (brand + model), then re-assess.",gross_list_only+no_kg_product,gross_list_336,,no_kg_product,,,
CAND-0525,no_kg_match_brand_absent,Sennheiser MD21,,,Sennheiser,MD21,,,,no_kg_product,"Gross-list family with no KG product; cannot be scraped, matched or priced today.",,,,,,,,,,No KG product exists for this family.,Gross-list family absent from the knowledge graph.,"Create a curated kg_product row (brand + model), then re-assess.",gross_list_only+no_kg_product,gross_list_336,,no_kg_product,,,
CAND-0526,no_kg_match_brand_absent,Sennheiser MD421 / MD421-II,,,Sennheiser,MD421 / MD421-II,,,,no_kg_product,"Gross-list family with no KG product; cannot be scraped, matched or priced today.",,,,,,,,,,No KG product exists for this family.,Gross-list family absent from the knowledge graph.,"Create a curated kg_product row (brand + model), then re-assess.",gross_list_only+no_kg_product,gross_list_336,,no_kg_product,,,
CAND-0527,no_kg_match_brand_absent,Sennheiser MD441-U,,,Sennheiser,MD441-U,,,,no_kg_product,"Gross-list family with no KG product; cannot be scraped, matched or priced today.",,,,,,,,,,No KG product exists for this family.,Gross-list family absent from the knowledge graph.,"Create a curated kg_product row (brand + model), then re-assess.",gross_list_only+no_kg_product,gross_list_336,,no_kg_product,,,
CAND-0528,no_kg_match_brand_absent,Sennheiser MKH 416,,,Sennheiser,MKH 416,,,,no_kg_product,"Gross-list family with no KG product; cannot be scraped, matched or priced today.",,,,,,,,,,No KG product exists for this family.,Gross-list family absent from the knowledge graph.,"Create a curated kg_product row (brand + model), then re-assess.",gross_list_only+no_kg_product,gross_list_336,,no_kg_product,,,
CAND-0529,no_kg_match_brand_absent,Sennheiser MKH 8040,,,Sennheiser,MKH 8040,,,,no_kg_product,"Gross-list family with no KG product; cannot be scraped, matched or priced today.",,,,,,,,,,No KG product exists for this family.,Gross-list family absent from the knowledge graph.,"Create a curated kg_product row (brand + model), then re-assess.",gross_list_only+no_kg_product,gross_list_336,,no_kg_product,,,
CAND-0530,no_kg_match_brand_absent,Sennheiser V472,,,Sennheiser,V472,,,,no_kg_product,"Gross-list family with no KG product; cannot be scraped, matched or priced today.",,,,,,,,,,No KG product exists for this family.,Gross-list family absent from the knowledge graph.,"Create a curated kg_product row (brand + model), then re-assess.",gross_list_only+no_kg_product,gross_list_336,,no_kg_product,,,
CAND-0531,no_kg_match,Shure Level-Loc M62V,,,Shure,Level-Loc M62V,,,,no_kg_product,"Gross-list family with no KG product; cannot be scraped, matched or priced today.",,,,,,,,,,No KG product exists for this family.,Gross-list family absent from the knowledge graph.,"Create a curated kg_product row (brand + model), then re-assess.",gross_list_only+no_kg_product,gross_list_336,,no_kg_product,,,
CAND-0532,no_kg_match,Shure SM57 / SM57 Unidyne III,,,Shure,SM57 / SM57 Unidyne III,,,,no_kg_product,"Gross-list family with no KG product; cannot be scraped, matched or priced today.",,,,,,,,,,No KG product exists for this family.,Gross-list family absent from the knowledge graph.,"Create a curated kg_product row (brand + model), then re-assess.",gross_list_only+no_kg_product,gross_list_336,,no_kg_product,,,
CAND-0533,no_kg_match,Shure SM7B,,,Shure,SM7B,,,,no_kg_product,"Gross-list family with no KG product; cannot be scraped, matched or priced today.",,,,,,,,,,No KG product exists for this family.,Gross-list family absent from the knowledge graph.,"Create a curated kg_product row (brand + model), then re-assess.",gross_list_only+no_kg_product,gross_list_336,,no_kg_product,,,
CAND-0534,no_kg_match_brand_absent,Siemens Sitral Series,,,Siemens,Sitral Series,,,,no_kg_product,"Gross-list family with no KG product; cannot be scraped, matched or priced today.",,,,,,,,,,No KG product exists for this family.,Gross-list family absent from the knowledge graph.,"Create a curated kg_product row (brand + model), then re-assess.",gross_list_only+no_kg_product,gross_list_336,,no_kg_product,,,
CAND-0535,no_kg_match_brand_absent,Siemens V72 / V74,,,Siemens,V72 / V74,,,,no_kg_product,"Gross-list family with no KG product; cannot be scraped, matched or priced today.",,,,,,,,,,No KG product exists for this family.,Gross-list family absent from the knowledge graph.,"Create a curated kg_product row (brand + model), then re-assess.",gross_list_only+no_kg_product,gross_list_336,,no_kg_product,,,
CAND-0536,no_kg_match_brand_absent,Simmons SDS-V / SDS-7 / SDS-8,,,Simmons,SDS-V / SDS-7 / SDS-8,,,,no_kg_product,"Gross-list family with no KG product; cannot be scraped, matched or priced today.",,,,,,,,,,No KG product exists for this family.,Gross-list family absent from the knowledge graph.,"Create a curated kg_product row (brand + model), then re-assess.",gross_list_only+no_kg_product,gross_list_336,,no_kg_product,,,
CAND-0537,no_kg_match,Solid State Logic 4000 E / G Series,,,Solid State Logic,4000 E / G Series,,,,no_kg_product,"Gross-list family with no KG product; cannot be scraped, matched or priced today.",,,,,,,,,,No KG product exists for this family.,Gross-list family absent from the knowledge graph.,"Create a curated kg_product row (brand + model), then re-assess.",gross_list_only+no_kg_product,gross_list_336,,no_kg_product,,,
CAND-0538,no_kg_match,Solid State Logic Bus+,,,Solid State Logic,Bus+,,,,no_kg_product,"Gross-list family with no KG product; cannot be scraped, matched or priced today.",,,,,,,,,,No KG product exists for this family.,Gross-list family absent from the knowledge graph.,"Create a curated kg_product row (brand + model), then re-assess.",gross_list_only+no_kg_product,gross_list_336,,no_kg_product,,,
CAND-0539,no_kg_match,Solid State Logic G-384 / G-Master Bus Compressor,,,Solid State Logic,G-384 / G-Master Bus Compressor,,,,no_kg_product,"Gross-list family with no KG product; cannot be scraped, matched or priced today.",,,,,,,,,,No KG product exists for this family.,Gross-list family absent from the knowledge graph.,"Create a curated kg_product row (brand + model), then re-assess.",gross_list_only+no_kg_product,gross_list_336,,no_kg_product,,,
CAND-0540,no_kg_match,Solid State Logic X-Desk / X-Panda,,,Solid State Logic,X-Desk / X-Panda,,,,no_kg_product,"Gross-list family with no KG product; cannot be scraped, matched or priced today.",,,,,,,,,,No KG product exists for this family.,Gross-list family absent from the knowledge graph.,"Create a curated kg_product row (brand + model), then re-assess.",gross_list_only+no_kg_product,gross_list_336,,no_kg_product,,,
CAND-0541,no_kg_match_brand_absent,Sontronics Aria,,,Sontronics,Aria,,,,no_kg_product,"Gross-list family with no KG product; cannot be scraped, matched or priced today.",,,,,,,,,,No KG product exists for this family.,Gross-list family absent from the knowledge graph.,"Create a curated kg_product row (brand + model), then re-assess.",gross_list_only+no_kg_product,gross_list_336,,no_kg_product,,,
CAND-0542,no_kg_match_brand_absent,Sontronics Saturn,,,Sontronics,Saturn,,,,no_kg_product,"Gross-list family with no KG product; cannot be scraped, matched or priced today.",,,,,,,,,,No KG product exists for this family.,Gross-list family absent from the knowledge graph.,"Create a curated kg_product row (brand + model), then re-assess.",gross_list_only+no_kg_product,gross_list_336,,no_kg_product,,,
CAND-0543,no_kg_match_brand_absent,Sontronics Sigma / Delta,,,Sontronics,Sigma / Delta,,,,no_kg_product,"Gross-list family with no KG product; cannot be scraped, matched or priced today.",,,,,,,,,,No KG product exists for this family.,Gross-list family absent from the knowledge graph.,"Create a curated kg_product row (brand + model), then re-assess.",gross_list_only+no_kg_product,gross_list_336,,no_kg_product,,,
CAND-0544,no_kg_match_brand_absent,Sony C37A,,,Sony,C37A,,,,no_kg_product,"Gross-list family with no KG product; cannot be scraped, matched or priced today.",,,,,,,,,,No KG product exists for this family.,Gross-list family absent from the knowledge graph.,"Create a curated kg_product row (brand + model), then re-assess.",gross_list_only+no_kg_product,gross_list_336,,no_kg_product,,,
CAND-0545,no_kg_match_brand_absent,Sony C500,,,Sony,C500,,,,no_kg_product,"Gross-list family with no KG product; cannot be scraped, matched or priced today.",,,,,,,,,,No KG product exists for this family.,Gross-list family absent from the knowledge graph.,"Create a curated kg_product row (brand + model), then re-assess.",gross_list_only+no_kg_product,gross_list_336,,no_kg_product,,,
CAND-0546,no_kg_match_brand_absent,Sony C800 / C800G,,,Sony,C800 / C800G,,,,no_kg_product,"Gross-list family with no KG product; cannot be scraped, matched or priced today.",,,,,,,,,,No KG product exists for this family.,Gross-list family absent from the knowledge graph.,"Create a curated kg_product row (brand + model), then re-assess.",gross_list_only+no_kg_product,gross_list_336,,no_kg_product,,,
CAND-0547,no_kg_match_brand_absent,SPL Iron,,,SPL,Iron,,,,no_kg_product,"Gross-list family with no KG product; cannot be scraped, matched or priced today.",,,,,,,,,,No KG product exists for this family.,Gross-list family absent from the knowledge graph.,"Create a curated kg_product row (brand + model), then re-assess.",gross_list_only+no_kg_product,gross_list_336,,no_kg_product,,,
CAND-0548,no_kg_match_brand_absent,SPL Passeq,,,SPL,Passeq,,,,no_kg_product,"Gross-list family with no KG product; cannot be scraped, matched or priced today.",,,,,,,,,,No KG product exists for this family.,Gross-list family absent from the knowledge graph.,"Create a curated kg_product row (brand + model), then re-assess.",gross_list_only+no_kg_product,gross_list_336,,no_kg_product,,,
CAND-0549,no_kg_match_brand_absent,SPL Transient Designer 4,,,SPL,Transient Designer 4,,,,no_kg_product,"Gross-list family with no KG product; cannot be scraped, matched or priced today.",,,,,,,,,,No KG product exists for this family.,Gross-list family absent from the knowledge graph.,"Create a curated kg_product row (brand + model), then re-assess.",gross_list_only+no_kg_product,gross_list_336,,no_kg_product,,,
CAND-0550,no_kg_match_brand_absent,SPL Vitalizer MK2-T,,,SPL,Vitalizer MK2-T,,,,no_kg_product,"Gross-list family with no KG product; cannot be scraped, matched or priced today.",,,,,,,,,,No KG product exists for this family.,Gross-list family absent from the knowledge graph.,"Create a curated kg_product row (brand + model), then re-assess.",gross_list_only+no_kg_product,gross_list_336,,no_kg_product,,,
CAND-0551,no_kg_match_brand_absent,Studer A800,,,Studer,A800,,,,no_kg_product,"Gross-list family with no KG product; cannot be scraped, matched or priced today.",,,,,,,,,,No KG product exists for this family.,Gross-list family absent from the knowledge graph.,"Create a curated kg_product row (brand + model), then re-assess.",gross_list_only+no_kg_product,gross_list_336,,no_kg_product,,,
CAND-0552,no_kg_match_brand_absent,TAB U73b,,,TAB,U73b,,,,no_kg_product,"Gross-list family with no KG product; cannot be scraped, matched or priced today.",,,,,,,,,,No KG product exists for this family.,Gross-list family absent from the knowledge graph.,"Create a curated kg_product row (brand + model), then re-assess.",gross_list_only+no_kg_product,gross_list_336,,no_kg_product,,,
CAND-0553,no_kg_match_brand_absent,TAB V72 / V76,,,TAB,V72 / V76,,,,no_kg_product,"Gross-list family with no KG product; cannot be scraped, matched or priced today.",,,,,,,,,,No KG product exists for this family.,Gross-list family absent from the knowledge graph.,"Create a curated kg_product row (brand + model), then re-assess.",gross_list_only+no_kg_product,gross_list_336,,no_kg_product,,,
CAND-0554,no_kg_match,TC Electronic 2290 Digital Delay,,,TC Electronic,2290 Digital Delay,,,,no_kg_product,"Gross-list family with no KG product; cannot be scraped, matched or priced today.",,,,,,,,,,No KG product exists for this family.,Gross-list family absent from the knowledge graph.,"Create a curated kg_product row (brand + model), then re-assess.",gross_list_only+no_kg_product,gross_list_336,,no_kg_product,,,
CAND-0555,no_kg_match_brand_absent,Tegeler Audio Manufaktur Crème,,,Tegeler Audio Manufaktur,Crème,,,,no_kg_product,"Gross-list family with no KG product; cannot be scraped, matched or priced today.",,,,,,,,,,No KG product exists for this family.,Gross-list family absent from the knowledge graph.,"Create a curated kg_product row (brand + model), then re-assess.",gross_list_only+no_kg_product,gross_list_336,,no_kg_product,,,
CAND-0556,no_kg_match_brand_absent,Tegeler Audio Manufaktur Magnetismus,,,Tegeler Audio Manufaktur,Magnetismus,,,,no_kg_product,"Gross-list family with no KG product; cannot be scraped, matched or priced today.",,,,,,,,,,No KG product exists for this family.,Gross-list family absent from the knowledge graph.,"Create a curated kg_product row (brand + model), then re-assess.",gross_list_only+no_kg_product,gross_list_336,,no_kg_product,,,
CAND-0557,no_kg_match_brand_absent,Tegeler Audio Manufaktur Schwerkraftmaschine,,,Tegeler Audio Manufaktur,Schwerkraftmaschine,,,,no_kg_product,"Gross-list family with no KG product; cannot be scraped, matched or priced today.",,,,,,,,,,No KG product exists for this family.,Gross-list family absent from the knowledge graph.,"Create a curated kg_product row (brand + model), then re-assess.",gross_list_only+no_kg_product,gross_list_336,,no_kg_product,,,
CAND-0558,no_kg_match_brand_absent,Tegeler Audio Manufaktur VTRC,,,Tegeler Audio Manufaktur,VTRC,,,,no_kg_product,"Gross-list family with no KG product; cannot be scraped, matched or priced today.",,,,,,,,,,No KG product exists for this family.,Gross-list family absent from the knowledge graph.,"Create a curated kg_product row (brand + model), then re-assess.",gross_list_only+no_kg_product,gross_list_336,,no_kg_product,,,
CAND-0559,no_kg_match_brand_absent,Telefunken Ela M 251 / 251E,,,Telefunken,Ela M 251 / 251E,,,,no_kg_product,"Gross-list family with no KG product; cannot be scraped, matched or priced today.",,,,,,,,,,No KG product exists for this family.,Gross-list family absent from the knowledge graph.,"Create a curated kg_product row (brand + model), then re-assess.",gross_list_only+no_kg_product,gross_list_336,,no_kg_product,,,
CAND-0560,no_kg_match_brand_absent,Telefunken M15 / M15A,,,Telefunken,M15 / M15A,,,,no_kg_product,"Gross-list family with no KG product; cannot be scraped, matched or priced today.",,,,,,,,,,No KG product exists for this family.,Gross-list family absent from the knowledge graph.,"Create a curated kg_product row (brand + model), then re-assess.",gross_list_only+no_kg_product,gross_list_336,,no_kg_product,,,
CAND-0561,no_kg_match_brand_absent,Telefunken M80 / M81,,,Telefunken,M80 / M81,,,,no_kg_product,"Gross-list family with no KG product; cannot be scraped, matched or priced today.",,,,,,,,,,No KG product exists for this family.,Gross-list family absent from the knowledge graph.,"Create a curated kg_product row (brand + model), then re-assess.",gross_list_only+no_kg_product,gross_list_336,,no_kg_product,,,
CAND-0562,no_kg_match_brand_absent,Telefunken TF11 / TF51,,,Telefunken,TF11 / TF51,,,,no_kg_product,"Gross-list family with no KG product; cannot be scraped, matched or priced today.",,,,,,,,,,No KG product exists for this family.,Gross-list family absent from the knowledge graph.,"Create a curated kg_product row (brand + model), then re-assess.",gross_list_only+no_kg_product,gross_list_336,,no_kg_product,,,
CAND-0563,no_kg_match_brand_absent,Telefunken U47 / U48,,,Telefunken,U47 / U48,,,,no_kg_product,"Gross-list family with no KG product; cannot be scraped, matched or priced today.",,,,,,,,,,No KG product exists for this family.,Gross-list family absent from the knowledge graph.,"Create a curated kg_product row (brand + model), then re-assess.",gross_list_only+no_kg_product,gross_list_336,,no_kg_product,,,
CAND-0564,no_kg_match_brand_absent,Telefunken V72 / V76,,,Telefunken,V72 / V76,,,,no_kg_product,"Gross-list family with no KG product; cannot be scraped, matched or priced today.",,,,,,,,,,No KG product exists for this family.,Gross-list family absent from the knowledge graph.,"Create a curated kg_product row (brand + model), then re-assess.",gross_list_only+no_kg_product,gross_list_336,,no_kg_product,,,
CAND-0565,no_kg_match_brand_absent,Teletronix LA-2A,,,Teletronix,LA-2A,,,,no_kg_product,"Gross-list family with no KG product; cannot be scraped, matched or priced today.",,,,,,,,,,No KG product exists for this family.,Gross-list family absent from the knowledge graph.,"Create a curated kg_product row (brand + model), then re-assess.",gross_list_only+no_kg_product,gross_list_336,,no_kg_product,,,
CAND-0566,no_kg_match_brand_absent,Thermionic Culture Culture Vulture / Super Vulture,,,Thermionic Culture,Culture Vulture / Super Vulture,,,,no_kg_product,"Gross-list family with no KG product; cannot be scraped, matched or priced today.",,,,,,,,,,No KG product exists for this family.,Gross-list family absent from the knowledge graph.,"Create a curated kg_product row (brand + model), then re-assess.",gross_list_only+no_kg_product,gross_list_336,,no_kg_product,,,
CAND-0567,no_kg_match_brand_absent,Thermionic Culture Phoenix / Phoenix HG15,,,Thermionic Culture,Phoenix / Phoenix HG15,,,,no_kg_product,"Gross-list family with no KG product; cannot be scraped, matched or priced today.",,,,,,,,,,No KG product exists for this family.,Gross-list family absent from the knowledge graph.,"Create a curated kg_product row (brand + model), then re-assess.",gross_list_only+no_kg_product,gross_list_336,,no_kg_product,,,
CAND-0568,no_kg_match_brand_absent,Thermionic Culture Pullet,,,Thermionic Culture,Pullet,,,,no_kg_product,"Gross-list family with no KG product; cannot be scraped, matched or priced today.",,,,,,,,,,No KG product exists for this family.,Gross-list family absent from the knowledge graph.,"Create a curated kg_product row (brand + model), then re-assess.",gross_list_only+no_kg_product,gross_list_336,,no_kg_product,,,
CAND-0569,no_kg_match_brand_absent,Thermionic Culture Swift,,,Thermionic Culture,Swift,,,,no_kg_product,"Gross-list family with no KG product; cannot be scraped, matched or priced today.",,,,,,,,,,No KG product exists for this family.,Gross-list family absent from the knowledge graph.,"Create a curated kg_product row (brand + model), then re-assess.",gross_list_only+no_kg_product,gross_list_336,,no_kg_product,,,
CAND-0570,no_kg_match,Tube-Tech ME 1A,,,Tube-Tech,ME 1A,,,,no_kg_product,"Gross-list family with no KG product; cannot be scraped, matched or priced today.",,,,,,,,,,No KG product exists for this family.,Gross-list family absent from the knowledge graph.,"Create a curated kg_product row (brand + model), then re-assess.",gross_list_only+no_kg_product,gross_list_336,,no_kg_product,,,
CAND-0571,no_kg_match_brand_absent,UREI LA-3A,,,UREI,LA-3A,,,,no_kg_product,"Gross-list family with no KG product; cannot be scraped, matched or priced today.",,,,,,,,,,No KG product exists for this family.,Gross-list family absent from the knowledge graph.,"Create a curated kg_product row (brand + model), then re-assess.",gross_list_only+no_kg_product,gross_list_336,,no_kg_product,,,
CAND-0572,no_kg_match_brand_absent,Univox EC-80 / EC-100 Tape Echo,,,Univox,EC-80 / EC-100 Tape Echo,,,,no_kg_product,"Gross-list family with no KG product; cannot be scraped, matched or priced today.",,,,,,,,,,No KG product exists for this family.,Gross-list family absent from the knowledge graph.,"Create a curated kg_product row (brand + model), then re-assess.",gross_list_only+no_kg_product,gross_list_336,,no_kg_product,,,
CAND-0573,no_kg_match_brand_absent,Vako Orchestron,,,Vako,Orchestron,,,,no_kg_product,"Gross-list family with no KG product; cannot be scraped, matched or priced today.",,,,,,,,,,No KG product exists for this family.,Gross-list family absent from the knowledge graph.,"Create a curated kg_product row (brand + model), then re-assess.",gross_list_only+no_kg_product,gross_list_336,,no_kg_product,,,
CAND-0574,no_kg_match_brand_absent,Watkins / WEM Copicat,,,Watkins / WEM,Copicat,,,,no_kg_product,"Gross-list family with no KG product; cannot be scraped, matched or priced today.",,,,,,,,,,No KG product exists for this family.,Gross-list family absent from the knowledge graph.,"Create a curated kg_product row (brand + model), then re-assess.",gross_list_only+no_kg_product,gross_list_336,,no_kg_product,,,
CAND-0575,no_kg_match_brand_absent,Welte Lichtton-Orgel,,,Welte,Lichtton-Orgel,,,,no_kg_product,"Gross-list family with no KG product; cannot be scraped, matched or priced today.",,,,,,,,,,No KG product exists for this family.,Gross-list family absent from the knowledge graph.,"Create a curated kg_product row (brand + model), then re-assess.",gross_list_only+no_kg_product,gross_list_336,,no_kg_product,,,
CAND-0576,no_kg_match_brand_absent,WSW 436512 Limiter,,,WSW,436512 Limiter,,,,no_kg_product,"Gross-list family with no KG product; cannot be scraped, matched or priced today.",,,,,,,,,,No KG product exists for this family.,Gross-list family absent from the knowledge graph.,"Create a curated kg_product row (brand + model), then re-assess.",gross_list_only+no_kg_product,gross_list_336,,no_kg_product,,,
CAND-0577,no_kg_match_brand_absent,WSW 811403 Equalizer,,,WSW,811403 Equalizer,,,,no_kg_product,"Gross-list family with no KG product; cannot be scraped, matched or priced today.",,,,,,,,,,No KG product exists for this family.,Gross-list family absent from the knowledge graph.,"Create a curated kg_product row (brand + model), then re-assess.",gross_list_only+no_kg_product,gross_list_336,,no_kg_product,,,
CAND-0578,no_kg_match,Wurlitzer 112 / 120 / 140B,,,Wurlitzer,112 / 120 / 140B,,,,no_kg_product,"Gross-list family with no KG product; cannot be scraped, matched or priced today.",,,,,,,,,,No KG product exists for this family.,Gross-list family absent from the knowledge graph.,"Create a curated kg_product row (brand + model), then re-assess.",gross_list_only+no_kg_product,gross_list_336,,no_kg_product,,,
CAND-0579,not_on_gross_list,,c716d85e-a9b1-4ccf-b96c-387589a73d49,gibson-es-335,Gibson,ES-335,,legendary/public,core,superseded_by_variant,Prompt 04: replaced by the more precise music-vertical overlay row 'Gibson ES family'. The Prompt 03A row treated the family label as a single product; the overlay resolves it to a navigation family plus concrete matchable children.,,,,7,117,5,"median 26075 DKK (p25 20108 / p75 36431, n=113)",6 deferrals (shared_identifier_conflict:3 non_product_intent:2); 4 rejected,,,Mapped from the gross list but evidence is below the threshold for a canonical page.,,not_on_gross_list+klup_trusted+klup_dryrun+incumbent_query,gross_list_336,,exact_kg_product,,,
CAND-0580,not_on_gross_list,,f4cb848f-c67f-4648-8f02-f9371c7d099a,fender-jazz-bass,Fender,Jazz Bass,,legendary/public,core,superseded_by_variant,Prompt 04: replaced by the more precise music-vertical overlay row 'Fender Jazz Bass'. The Prompt 03A row treated the family label as a single product; the overlay resolves it to a navigation family plus concrete matchable children.,,,,245,249,5,"median 9037 DKK (p25 4656 / p75 15555, n=482)",64 deferrals (rejected_brand_collision:33 non_product_intent:16); 52 rejected,,,Mapped from the gross list but evidence is below the threshold for a canonical page.,,not_on_gross_list+klup_trusted+klup_dryrun+incumbent_query,gross_list_336,,exact_kg_product,,,
CAND-0581,not_on_gross_list,,58cb4b2e-6c45-4fa7-8f44-5b8c58fe8920,fender-precision-bass,Fender,Precision Bass,,legendary/public,core,superseded_by_variant,Prompt 04: replaced by the more precise music-vertical overlay row 'Fender Precision Bass'. The Prompt 03A row treated the family label as a single product; the overlay resolves it to a navigation family plus concrete matchable children.,,,,157,156,5,"median 8166 DKK (p25 4405 / p75 15229, n=302)",48 deferrals (non_product_intent:22 rejected_brand_collision:20); 65 rejected,,,Mapped from the gross list but evidence is below the threshold for a canonical page.,,not_on_gross_list+klup_trusted+klup_dryrun+incumbent_query,gross_list_336,,exact_kg_product,,,
CAND-0582,not_on_gross_list,,1aed57d4-8972-42c2-bf39-682d3f595b94,fender-telecaster,Fender,Telecaster,,legendary/public,core,superseded_by_variant,Prompt 04: replaced by the more precise music-vertical overlay row 'Fender Telecaster'. The Prompt 03A row treated the family label as a single product; the overlay resolves it to a navigation family plus concrete matchable children.,,,,148,357,5,"median 9800 DKK (p25 5588 / p75 16800, n=482)",88 deferrals (non_product_intent:40 rejected_brand_collision:21); 141 rejected,,,Mapped from the gross list but evidence is below the threshold for a canonical page.,,not_on_gross_list+klup_trusted+klup_dryrun+incumbent_query,gross_list_336,,exact_kg_product,,,
CAND-0583,not_on_gross_list,,f3de125a-453e-460f-bc2f-b50ae7dbffab,fender-stratocaster,Fender,Stratocaster,,legendary/public,core,superseded_by_variant,Prompt 04: replaced by the more precise music-vertical overlay row 'Fender Stratocaster'. The Prompt 03A row treated the family label as a single product; the overlay resolves it to a navigation family plus concrete matchable children.,,,,52,776,5,"median 9500 DKK (p25 5400 / p75 17225, n=797)",153 deferrals (rejected_brand_collision:82 non_product_intent:49); 57 rejected,,,Mapped from the gross list but evidence is below the threshold for a canonical page.,,not_on_gross_list+klup_trusted+klup_dryrun+incumbent_query,gross_list_336,,exact_kg_product,,,
CAND-0584,not_on_gross_list,,776dff2d-15eb-42fe-8202-471f0feebbb6,gibson-les-paul,Gibson,Les Paul,,legendary/public,core,superseded_by_variant,Prompt 04: replaced by the more precise music-vertical overlay row 'Gibson Les Paul'. The Prompt 03A row treated the family label as a single product; the overlay resolves it to a navigation family plus concrete matchable children.,,,,496,424,5,"median 15000 DKK (p25 9069 / p75 29151, n=895)",149 deferrals (shared_identifier_conflict:129 non_product_intent:18); 682 rejected,,,Mapped from the gross list but evidence is below the threshold for a canonical page.,,not_on_gross_list+klup_trusted+klup_dryrun+incumbent_query,gross_list_336,,exact_kg_product,,,
CAND-0585,not_on_gross_list,,22325142-9c6a-47d8-809f-b9a5913355cd,gibson-j-45,Gibson,J-45,,standard/qa_only,core,superseded_by_variant,Prompt 04: replaced by the more precise music-vertical overlay row 'Gibson J-45'. The Prompt 03A row treated the family label as a single product; the overlay resolves it to a navigation family plus concrete matchable children.,,,,153,112,1,"median 19428 DKK (p25 17096 / p75 22673, n=265)",23 deferrals (shared_identifier_conflict:21 non_product_intent:2); 216 rejected,,,Mapped from the gross list but evidence is below the threshold for a canonical page.,,"not_on_gross_list+klup_trusted+klup_dryrun+single_source_only+no_incumbent_query(nordic/de evidence unavailable, not zero)",gross_list_336,,exact_kg_product,,,
CAND-0586,not_on_gross_list,,c857b33b-9d55-4fc2-b8ff-150c41017a9f,gibson-hummingbird,Gibson,Hummingbird,,standard/qa_only,core,superseded_by_variant,Prompt 04: replaced by the more precise music-vertical overlay row 'Gibson Hummingbird'. The Prompt 03A row treated the family label as a single product; the overlay resolves it to a navigation family plus concrete matchable children.,,,,95,44,1,"median 25906 DKK (p25 24611 / p75 33680, n=139)",27 deferrals (ambiguous_tie:27); 275 rejected,,,Mapped from the gross list but evidence is below the threshold for a canonical page.,,"not_on_gross_list+klup_trusted+klup_dryrun+single_source_only+no_incumbent_query(nordic/de evidence unavailable, not zero)",gross_list_336,,exact_kg_product,,,
CAND-0587,not_on_gross_list,,4a8de23d-fc30-4e9b-bd3b-362d6218148a,oberheim-ob-x8,Oberheim,OB-X8,,standard/qa_only,core,out_of_gross_list_high_evidence,Retained from Prompt 03 (core); absent from the authoritative 336-family gross list.,,,,39,30,2,"median 28504 DKK (p25 22673 / p75 32390, n=68)",13 deferrals (ambiguous_tie:12 low_confidence:1); 13 rejected,,,Mapped from the gross list but evidence is below the threshold for a canonical page.,,"not_on_gross_list+klup_trusted+klup_dryrun+no_incumbent_query(nordic/de evidence unavailable, not zero)",gross_list_336,,exact_kg_product,,,
CAND-0588,not_on_gross_list,,d5d8be7b-6a4f-4cb3-bb9d-e17cd0739914,manley-variable-mu,Manley,Variable MU,,standard/qa_only,core,out_of_gross_list_high_evidence,Retained from Prompt 03 (core); absent from the authoritative 336-family gross list.,,,,29,13,1,"median 30771 DKK (p25 25265 / p75 35710, n=42)",0 deferrals; 1 rejected,,,Mapped from the gross list but evidence is below the threshold for a canonical page.,,"not_on_gross_list+klup_trusted+klup_dryrun+single_source_only+no_incumbent_query(nordic/de evidence unavailable, not zero)",gross_list_336,,exact_kg_product,,,
CAND-0589,not_on_gross_list,,e4d3b8a1-613c-475d-ab2c-16c965278bba,gibson-sj-200-original,Gibson,SJ-200 Original,,standard/qa_only,core,superseded_by_variant,Prompt 04: replaced by the more precise music-vertical overlay row 'Gibson SJ-200'. The Prompt 03A row treated the family label as a single product; the overlay resolves it to a navigation family plus concrete matchable children.,,,,52,20,1,"median 36919 DKK (p25 36856 / p75 36919, n=72)",1 deferrals (ambiguous_tie:1); 1 rejected,,,Mapped from the gross list but evidence is below the threshold for a canonical page.,,"not_on_gross_list+klup_trusted+klup_dryrun+single_source_only+no_incumbent_query(nordic/de evidence unavailable, not zero)",gross_list_336,,exact_kg_product,,,
CAND-0590,not_on_gross_list,,7ee44ce9-bad7-45f2-81c2-65c816bf7ceb,ua-6176,Universal Audio,6176,,standard/qa_only,core,out_of_gross_list_high_evidence,Retained from Prompt 03 (core); absent from the authoritative 336-family gross list.,,,,28,23,1,"median 17484 DKK (p25 12956 / p75 19428, n=51)",0 deferrals; 0 rejected,,,Mapped from the gross list but evidence is below the threshold for a canonical page.,,"not_on_gross_list+klup_trusted+klup_dryrun+single_source_only+no_incumbent_query(nordic/de evidence unavailable, not zero)",gross_list_336,,exact_kg_product,,,
CAND-0591,not_on_gross_list,,addd261d-e084-4e07-a0d9-433bd7652871,sequential-prophet-6,Sequential,Prophet-6,,standard/qa_only,core,out_of_gross_list_high_evidence,Retained from Prompt 03 (core); absent from the authoritative 336-family gross list.,,,,5,45,1,"median 17921 DKK (p25 14900 / p75 22673, n=50)",18 deferrals (ambiguous_tie:17 brand_mismatch:1); 2 rejected,,,Mapped from the gross list but evidence is below the threshold for a canonical page.,,"not_on_gross_list+klup_trusted+klup_dryrun+single_source_only+no_incumbent_query(nordic/de evidence unavailable, not zero)",gross_list_336,,exact_kg_product,,,
CAND-0592,not_on_gross_list,,eefdf96b-55e7-4c64-9998-5e68bfbff27c,sequential-prophet-rev2,Sequential,Prophet Rev2,,standard/qa_only,core,out_of_gross_list_high_evidence,Retained from Prompt 03 (core); absent from the authoritative 336-family gross list.,,,,22,22,1,"median 14937 DKK (p25 12632 / p75 16195, n=44)",2 deferrals (brand_mismatch:2); 4 rejected,,,Mapped from the gross list but evidence is below the threshold for a canonical page.,,"not_on_gross_list+klup_trusted+klup_dryrun+single_source_only+no_incumbent_query(nordic/de evidence unavailable, not zero)",gross_list_336,,exact_kg_product,,,
CAND-0593,not_on_gross_list,,8316cec0-1d33-4489-b9e9-7e90ebe19c3c,fender-jazzmaster,Fender,Jazzmaster,,standard/qa_only,core,superseded_by_variant,Prompt 04: replaced by the more precise music-vertical overlay row 'Fender Jazzmaster'. The Prompt 03A row treated the family label as a single product; the overlay resolves it to a navigation family plus concrete matchable children.,,,,37,38,2,"median 12956 DKK (p25 9159 / p75 18139, n=75)",8 deferrals (non_product_intent:5 ambiguous_tie:2); 5 rejected,,,Mapped from the gross list but evidence is below the threshold for a canonical page.,,"not_on_gross_list+klup_trusted+klup_dryrun+no_incumbent_query(nordic/de evidence unavailable, not zero)",gross_list_336,,exact_kg_product,,,
CAND-0594,not_on_gross_list,,ee08ba0c-435a-451b-93f6-75b4d3287603,martin-d-28,Martin,D-28,,standard/qa_only,core,superseded_by_variant,Prompt 04: replaced by the more precise music-vertical overlay row 'Martin D-28'. The Prompt 03A row treated the family label as a single product; the overlay resolves it to a navigation family plus concrete matchable children.,,,,0,43,1,"median 22673 DKK (p25 20730 / p75 29799, n=43)",7 deferrals (non_product_intent:7); 0 rejected,,,Mapped from the gross list but evidence is below the threshold for a canonical page.,,"not_on_gross_list+klup_trusted+klup_dryrun+single_source_only+no_incumbent_query(nordic/de evidence unavailable, not zero)",gross_list_336,,exact_kg_product,,,
CAND-0595,not_on_gross_list,,efe64b6a-d6d0-4f68-9dfc-8507e908248a,gibson-j-185,Gibson,J-185,,standard/qa_only,reserve,out_of_gross_list,Retained from Prompt 03 (reserve); absent from the authoritative 336-family gross list.,,,,45,25,1,"median 24324 DKK (p25 16189 / p75 26186, n=70)",1 deferrals (ambiguous_tie:1); 3 rejected,,,Mapped from the gross list but evidence is below the threshold for a canonical page.,,"not_on_gross_list+klup_trusted+klup_dryrun+single_source_only+no_incumbent_query(nordic/de evidence unavailable, not zero)",gross_list_336,,exact_kg_product,,,
CAND-0596,not_on_gross_list,,eb62014c-1a34-4a0f-88c6-a42fd01889e6,roland-jupiter-xm,Roland,Jupiter-XM,,standard/qa_only,reserve,out_of_gross_list,Retained from Prompt 03 (reserve); absent from the authoritative 336-family gross list.,,,,1,49,2,"median 11640 DKK (p25 9069 / p75 12438, n=50)",0 deferrals; 7 rejected,,,Mapped from the gross list but evidence is below the threshold for a canonical page.,,"not_on_gross_list+klup_trusted+klup_dryrun+no_incumbent_query(nordic/de evidence unavailable, not zero)",gross_list_336,,exact_kg_product,,,
CAND-0597,not_on_gross_list,,9567df58-9ad6-41a7-a59e-1fd906649017,sequential-trigon-6,Sequential,Trigon-6,,standard/qa_only,reserve,out_of_gross_list,Retained from Prompt 03 (reserve); absent from the authoritative 336-family gross list.,,,,31,16,1,"median 20028 DKK (p25 17167 / p75 22673, n=47)",1 deferrals (ambiguous_tie:1); 2 rejected,,,Mapped from the gross list but evidence is below the threshold for a canonical page.,,"not_on_gross_list+klup_trusted+klup_dryrun+single_source_only+no_incumbent_query(nordic/de evidence unavailable, not zero)",gross_list_336,,exact_kg_product,,,
CAND-0598,not_on_gross_list,,d47d5b8b-aa49-4a2e-8888-b167da141b99,epiphone-es-335,Epiphone,ES-335,,standard/qa_only,reserve,out_of_gross_list,Retained from Prompt 03 (reserve); absent from the authoritative 336-family gross list.,,,,43,25,5,"median 4528 DKK (p25 3852 / p75 9750, n=68)",7 deferrals (non_product_intent:6 shared_identifier_conflict:1); 193 rejected,,,Mapped from the gross list but evidence is below the threshold for a canonical page.,,"not_on_gross_list+klup_trusted+klup_dryrun+no_incumbent_query(nordic/de evidence unavailable, not zero)",gross_list_336,,exact_kg_product,,,
CAND-0599,not_on_gross_list,,9493f297-b121-4d97-8e3b-f4a0b48797c5,fender-mustang-bass,Fender,Mustang Bass,,standard/qa_only,reserve,superseded_by_variant,Prompt 04: replaced by the more precise music-vertical overlay row 'Fender Mustang Bass'. The Prompt 03A row treated the family label as a single product; the overlay resolves it to a navigation family plus concrete matchable children.,,,,38,25,2,"median 11984 DKK (p25 9063 / p75 21371, n=63)",5 deferrals (non_product_intent:4 ambiguous_tie:1); 42 rejected,,,Mapped from the gross list but evidence is below the threshold for a canonical page.,,"not_on_gross_list+klup_trusted+klup_dryrun+no_incumbent_query(nordic/de evidence unavailable, not zero)",gross_list_336,,exact_kg_product,,,
CAND-0600,not_on_gross_list,,1265f4e5-60e6-4f22-8eff-ff40260a10d0,roland-tr-09,Roland,TR-09,,standard/qa_only,reserve,out_of_gross_list,Retained from Prompt 03 (reserve); absent from the authoritative 336-family gross list.,,,,18,12,5,"median 3266 DKK (p25 2915 / p75 5067, n=30)",4 deferrals (shared_identifier_conflict:4); 25 rejected,,,Mapped from the gross list but evidence is below the threshold for a canonical page.,,"not_on_gross_list+klup_trusted+klup_dryrun+no_incumbent_query(nordic/de evidence unavailable, not zero)",gross_list_336,,exact_kg_product,,,
CAND-0601,not_on_gross_list,,68a23f09-bd30-473e-ac3e-ecfc2c8e3725,gibson-sg-special,Gibson,SG Special,,standard/qa_only,reserve,superseded_by_variant,Prompt 04: replaced by the more precise music-vertical overlay row 'Gibson SG Special'. The Prompt 03A row treated the family label as a single product; the overlay resolves it to a navigation family plus concrete matchable children.,,,,16,22,2,"median 9354 DKK (p25 7774 / p75 21825, n=38)",2 deferrals (non_product_intent:1 rejected_brand_collision:1); 86 rejected,,,Mapped from the gross list but evidence is below the threshold for a canonical page.,,"not_on_gross_list+klup_trusted+klup_dryrun+no_incumbent_query(nordic/de evidence unavailable, not zero)",gross_list_336,,exact_kg_product,,,
CAND-0602,not_on_gross_list,,ffb2d508-30eb-4236-8841-32d551068fee,arturia-polybrute,Arturia,PolyBrute,,standard/qa_only,reserve,out_of_gross_list,Retained from Prompt 03 (reserve); absent from the authoritative 336-family gross list.,,,,24,22,1,"median 19428 DKK (p25 15193 / p75 23969, n=46)",1 deferrals (ambiguous_tie:1); 4 rejected,,,Mapped from the gross list but evidence is below the threshold for a canonical page.,,"not_on_gross_list+klup_trusted+klup_dryrun+single_source_only+no_incumbent_query(nordic/de evidence unavailable, not zero)",gross_list_336,,exact_kg_product,,,
CAND-0603,not_on_gross_list,,d0a5a1ce-2aba-432a-b167-d9ccb4456d1b,gibson-lg-2,Gibson,LG-2,,standard/qa_only,reserve,out_of_gross_list,Retained from Prompt 03 (reserve); absent from the authoritative 336-family gross list.,,,,26,25,1,"median 19428 DKK (p25 15541 / p75 28471, n=51)",0 deferrals; 0 rejected,,,Mapped from the gross list but evidence is below the threshold for a canonical page.,,"not_on_gross_list+klup_trusted+klup_dryrun+single_source_only+no_incumbent_query(nordic/de evidence unavailable, not zero)",gross_list_336,,exact_kg_product,,,
CAND-0604,not_on_gross_list,,c544d559-3f60-46cb-9553-08162a14c710,gibson-dove-original,Gibson,Dove Original,,standard/qa_only,reserve,out_of_gross_list,Retained from Prompt 03 (reserve); absent from the authoritative 336-family gross list.,,,,30,17,1,"median 32384 DKK (p25 32384 / p75 32384, n=47)",0 deferrals; 0 rejected,,,Mapped from the gross list but evidence is below the threshold for a canonical page.,,"not_on_gross_list+klup_trusted+klup_dryrun+single_source_only+no_incumbent_query(nordic/de evidence unavailable, not zero)",gross_list_336,,exact_kg_product,,,
CAND-0605,not_on_gross_list,,8c93b577-ca6a-4101-b1e9-287b1eaab9c4,waldorf-quantum,Waldorf,Quantum,,standard/qa_only,reserve,out_of_gross_list,Retained from Prompt 03 (reserve); absent from the authoritative 336-family gross list.,,,,0,39,1,"median 27194 DKK (p25 15512 / p75 35786, n=39)",2 deferrals (ambiguous_tie:2); 0 rejected,,,Mapped from the gross list but evidence is below the threshold for a canonical page.,,"not_on_gross_list+klup_trusted+klup_dryrun+single_source_only+no_incumbent_query(nordic/de evidence unavailable, not zero)",gross_list_336,,exact_kg_product,,,
CAND-0606,not_on_gross_list,,68f6fe2f-3e46-4b85-a775-e1fd4b00d883,novation-summit,Novation,Summit,,standard/qa_only,reserve,out_of_gross_list,Retained from Prompt 03 (reserve); absent from the authoritative 336-family gross list.,,,,19,7,1,"median 18786 DKK (p25 17941 / p75 18786, n=26)",0 deferrals; 10 rejected,,,Mapped from the gross list but evidence is below the threshold for a canonical page.,,"not_on_gross_list+klup_trusted+klup_dryrun+single_source_only+no_incumbent_query(nordic/de evidence unavailable, not zero)",gross_list_336,,exact_kg_product,,,
CAND-0607,not_on_gross_list,,8df7e512-fcad-4bd5-9fab-b19eca86cb7a,gibson-advanced-jumbo,Gibson,Advanced Jumbo,,standard/qa_only,reserve,out_of_gross_list,Retained from Prompt 03 (reserve); absent from the authoritative 336-family gross list.,,,,47,1,1,"median 35623 DKK (p25 30441 / p75 35623, n=48)",19 deferrals (ambiguous_tie:19); 4 rejected,,,Mapped from the gross list but evidence is below the threshold for a canonical page.,,"not_on_gross_list+klup_trusted+klup_dryrun+single_source_only+no_incumbent_query(nordic/de evidence unavailable, not zero)",gross_list_336,,exact_kg_product,,,
CAND-0608,not_on_gross_list,,6bde4caf-a4a2-49f2-9a46-f714f80ff6c2,gibson-j-55,Gibson,J-55,,standard/qa_only,reserve,out_of_gross_list,Retained from Prompt 03 (reserve); absent from the authoritative 336-family gross list.,,,,26,15,1,"median 32384 DKK (p25 22802 / p75 32384, n=41)",2 deferrals (non_product_intent:2); 1 rejected,,,Mapped from the gross list but evidence is below the threshold for a canonical page.,,"not_on_gross_list+klup_trusted+klup_dryrun+single_source_only+no_incumbent_query(nordic/de evidence unavailable, not zero)",gross_list_336,,exact_kg_product,,,
CAND-0609,not_on_gross_list,,01665fd3-8516-4a8b-aa87-9e8e8bea8f4f,elektron-octatrack,Elektron,Octatrack,,standard/qa_only,reserve,out_of_gross_list,Retained from Prompt 03 (reserve); absent from the authoritative 336-family gross list.,,,,9,23,1,"median 9357 DKK (p25 8177 / p75 11654, n=32)",4 deferrals (ambiguous_tie:4); 58 rejected,,,Mapped from the gross list but evidence is below the threshold for a canonical page.,,"not_on_gross_list+klup_trusted+klup_dryrun+single_source_only+no_incumbent_query(nordic/de evidence unavailable, not zero)",gross_list_336,,exact_kg_product,,,
CAND-0610,not_on_gross_list,,c4df2758-f665-47a5-89f0-e71ce4f7b49c,korg-microkorg,Korg,microKorg,,standard/qa_only,reserve,out_of_gross_list,Retained from Prompt 03 (reserve); absent from the authoritative 336-family gross list.,,,,1,55,1,"median 3887 DKK (p25 3102 / p75 4370, n=56)",51 deferrals (ambiguous_tie:50 low_confidence:1); 3 rejected,,,Mapped from the gross list but evidence is below the threshold for a canonical page.,,"not_on_gross_list+klup_trusted+klup_dryrun+single_source_only+no_incumbent_query(nordic/de evidence unavailable, not zero)",gross_list_336,,exact_kg_product,,,
CAND-0611,not_on_gross_list,,53628015-6761-4224-a574-62df5c910e6a,akai-mpc-x,Akai,MPC X,,standard/qa_only,reserve,out_of_gross_list,Retained from Prompt 03 (reserve); absent from the authoritative 336-family gross list.,,,,18,26,1,"median 7774 DKK (p25 5815 / p75 9717, n=44)",0 deferrals; 45 rejected,,,Mapped from the gross list but evidence is below the threshold for a canonical page.,,"not_on_gross_list+klup_trusted+klup_dryrun+single_source_only+no_incumbent_query(nordic/de evidence unavailable, not zero)",gross_list_336,,exact_kg_product,,,
CAND-0612,not_on_gross_list,,cea84c8f-ba4b-45d8-bad8-8530aba9140c,elektron-analog-rytm,Elektron,Analog Rytm,,standard/qa_only,reserve,out_of_gross_list,Retained from Prompt 03 (reserve); absent from the authoritative 336-family gross list.,,,,18,16,1,"median 9269 DKK (p25 5846 / p75 11785, n=34)",24 deferrals (ambiguous_tie:23 low_confidence:1); 1 rejected,,,Mapped from the gross list but evidence is below the threshold for a canonical page.,,"not_on_gross_list+klup_trusted+klup_dryrun+single_source_only+no_incumbent_query(nordic/de evidence unavailable, not zero)",gross_list_336,,exact_kg_product,,,
CAND-0613,not_on_gross_list,,6a9cc22f-7f75-475f-a331-fc7d4eb89ead,neve-1073,Neve,1073,,standard/qa_only,reserve,out_of_gross_list,Retained from Prompt 03 (reserve); absent from the authoritative 336-family gross list.,,,,19,17,1,"median 21378 DKK (p25 9063 / p75 61510, n=36)",10 deferrals (ambiguous_tie:8 brand_mismatch:2); 79 rejected,,,Mapped from the gross list but evidence is below the threshold for a canonical page.,,"not_on_gross_list+klup_trusted+klup_dryrun+single_source_only+no_incumbent_query(nordic/de evidence unavailable, not zero)",gross_list_336,,exact_kg_product,,,
CAND-0614,not_on_gross_list,,f3de125a-453e-460f-bc2f-b50ae7dbffab,fender-stratocaster,Fender,Fender Stratocaster,Electric guitars,legendary/public,,navigation_family,New in Prompt 04 music-vertical overlay (user_authoritative_addition).,,,,52,776,5,"lexical median 8450 DKK (p25 4800 / p75 16250, n=872)","contamination 6% (57 intent, 1 copy/reference)",Navigation only: origin/series/era price bands differ by >3x.,KG product exists,Navigation only: origin/series/era price bands differ by >3x.,Supply or contamination drift.,lexical_title_evidence_only,user_authoritative_addition,navigation_family,exact_kg_product,,904,908
CAND-0615,not_on_gross_list,,,,Fender,Fender American Professional II Stratocaster,Electric guitars,not_in_kg,,core,New in Prompt 04 music-vertical overlay (user_authoritative_addition).,40,63,low,,,4,"lexical median 11500 DKK (p25 10500 / p75 13403, n=16)","contamination 6% (1 intent, 0 copy/reference)",Series named explicitly in title.,"brand in KG, product missing",Series named explicitly in title.,"Create the KG product, then convert lexical evidence into matcher proposals.",lexical_title_evidence_only,user_authoritative_addition,matchable_canonical_product,missing_from_kg,,16,15
CAND-0616,not_on_gross_list,,,,Fender,Fender American Ultra Stratocaster,Electric guitars,not_in_kg,,reserve,New in Prompt 04 music-vertical overlay (user_authoritative_addition).,,62,low,,,4,"lexical median 13336 DKK (p25 12000 / p75 17061, n=12)","contamination 0% (0 intent, 0 copy/reference)",Excludes Ultra II unless evidence merges them.,"brand in KG, product missing",Excludes Ultra II unless evidence merges them.,"Create the KG product, then convert lexical evidence into matcher proposals.",lexical_title_evidence_only,user_authoritative_addition,matchable_canonical_product,missing_from_kg,,12,12
CAND-0617,not_on_gross_list,,,,Fender,Fender American Vintage II Stratocaster,Electric guitars,not_in_kg,,reserve,New in Prompt 04 music-vertical overlay (user_authoritative_addition).,,57,low,,,3,"lexical median 15900 DKK (p25 10400 / p75 15900, n=2)","contamination 0% (0 intent, 0 copy/reference)","Reissue line, distinct from AVRI.","brand in KG, product missing","Reissue line, distinct from AVRI.","Create the KG product, then convert lexical evidence into matcher proposals.",lexical_title_evidence_only,user_authoritative_addition,matchable_canonical_product,missing_from_kg,,3,3
CAND-0618,not_on_gross_list,,,,Fender,Fender Player Stratocaster,Electric guitars,not_in_kg,,reserve,New in Prompt 04 music-vertical overlay (user_authoritative_addition).,,62,low,,,4,"lexical median 4680 DKK (p25 4247 / p75 5953, n=32)","contamination 3% (1 intent, 0 copy/reference)",Player/Player II; MIM.,"brand in KG, product missing",Player/Player II; MIM.,"Create the KG product, then convert lexical evidence into matcher proposals.",lexical_title_evidence_only,user_authoritative_addition,matchable_canonical_product,missing_from_kg,,33,34
CAND-0619,not_on_gross_list,,,,Fender,Fender MIJ/CIJ Stratocaster,Electric guitars,not_in_kg,,discovery_only,New in Prompt 04 music-vertical overlay (user_authoritative_addition).,,50,low,,,5,"lexical median 7078 DKK (p25 5737 / p75 12665, n=56)","contamination 5% (3 intent, 0 copy/reference)","DISCOVERY: era/series unresolved (ST-54/57/62, Traditional, Heritage).","brand in KG, product missing","DISCOVERY: era/series unresolved (ST-54/57/62, Traditional, Heritage).","Create the KG product, then convert lexical evidence into matcher proposals.",lexical_title_evidence_only,user_authoritative_addition,discovery_only,missing_from_kg,,59,57
CAND-0620,not_on_gross_list,,,,Squier,Squier Classic Vibe Stratocaster,Electric guitars,not_in_kg,,excluded,New in Prompt 04 music-vertical overlay (user_authoritative_addition).,,49,low,,,3,"lexical median 2470 DKK (p25 2400 / p75 2859, n=5)","contamination 0% (0 intent, 0 copy/reference)",Separate sub-brand family; never merges into Fender.,brand AND product missing from KG,Separate sub-brand family; never merges into Fender.,"Create the KG product, then convert lexical evidence into matcher proposals.",lexical_title_evidence_only,user_authoritative_addition,matchable_canonical_product,missing_from_kg,,5,5
CAND-0621,not_on_gross_list,,,,Fender,Fender Telecaster,Electric guitars,not_in_kg,,navigation_family,New in Prompt 04 music-vertical overlay (user_authoritative_addition).,,,,,,5,"lexical median 11101 DKK (p25 5850 / p75 17037, n=508)","contamination 9% (51 intent, 1 copy/reference)",Navigation only.,"brand in KG, product missing",Navigation only.,Supply or contamination drift.,lexical_title_evidence_only,user_authoritative_addition,navigation_family,partial_family_multiple_kg_rows,,531,482
CAND-0622,not_on_gross_list,,,,Fender,Fender American Standard Telecaster,Electric guitars,not_in_kg,,reserve,New in Prompt 04 music-vertical overlay (user_authoritative_addition).,,57,low,,,4,"lexical median 8940 DKK (p25 6338 / p75 9749, n=10)","contamination 8% (1 intent, 0 copy/reference)",Only where origin+era explicit.,"brand in KG, product missing",Only where origin+era explicit.,"Create the KG product, then convert lexical evidence into matcher proposals.",lexical_title_evidence_only,user_authoritative_addition,matchable_canonical_product,missing_from_kg,,11,12
CAND-0623,not_on_gross_list,,,,Fender,Fender Telecaster Thinline,Electric guitars,not_in_kg,,core,New in Prompt 04 music-vertical overlay (user_authoritative_addition).,33,67,low,,,5,"lexical median 21242 DKK (p25 11500 / p75 33500, n=24)","contamination 0% (0 intent, 0 copy/reference)",Semi-hollow; distinct market.,"brand in KG, product missing",Semi-hollow; distinct market.,"Create the KG product, then convert lexical evidence into matcher proposals.",lexical_title_evidence_only,user_authoritative_addition,matchable_canonical_product,missing_from_kg,,24,23
CAND-0624,not_on_gross_list,,,,Fender,Fender Telecaster Custom,Electric guitars,not_in_kg,,core,New in Prompt 04 music-vertical overlay (user_authoritative_addition).,34,66,low,,,4,"lexical median 23095 DKK (p25 14148 / p75 30225, n=25)","contamination 4% (1 intent, 0 copy/reference)",Excludes Custom Shop.,"brand in KG, product missing",Excludes Custom Shop.,"Create the KG product, then convert lexical evidence into matcher proposals.",lexical_title_evidence_only,user_authoritative_addition,matchable_canonical_product,missing_from_kg,,26,27
CAND-0625,not_on_gross_list,,,,Fender,Fender Telecaster Deluxe,Electric guitars,not_in_kg,,reserve,New in Prompt 04 music-vertical overlay (user_authoritative_addition).,,57,low,,,4,"lexical median 7800 DKK (p25 6631 / p75 17500, n=15)","contamination 0% (0 intent, 0 copy/reference)",Wide-range humbuckers.,"brand in KG, product missing",Wide-range humbuckers.,"Create the KG product, then convert lexical evidence into matcher proposals.",lexical_title_evidence_only,user_authoritative_addition,matchable_canonical_product,missing_from_kg,,16,16
CAND-0626,not_on_gross_list,,,,Fender,Fender American Vintage '52 Telecaster,Electric guitars,not_in_kg,,core,New in Prompt 04 music-vertical overlay (user_authoritative_addition).,38,65,low,,,4,"lexical median 29793 DKK (p25 19500 / p75 33518, n=9)","contamination 9% (1 intent, 0 copy/reference)",1952 reissue line.,"brand in KG, product missing",1952 reissue line.,"Create the KG product, then convert lexical evidence into matcher proposals.",lexical_title_evidence_only,user_authoritative_addition,matchable_canonical_product,missing_from_kg,,10,11
CAND-0627,not_on_gross_list,,,,Fender,Fender Jazzmaster,Electric guitars,not_in_kg,,navigation_family,New in Prompt 04 music-vertical overlay (user_authoritative_addition).,,,,,,2,"lexical median 13604 DKK (p25 9921 / p75 15763, n=102)","contamination 11% (12 intent, 0 copy/reference)",Navigation only.,"brand in KG, product missing",Navigation only.,Supply or contamination drift.,lexical_title_evidence_only,user_authoritative_addition,navigation_family,partial_family_multiple_kg_rows,,102,2
CAND-0628,not_on_gross_list,,,,Fender,Fender American Vintage II Jazzmaster,Electric guitars,not_in_kg,,reserve,New in Prompt 04 music-vertical overlay (user_authoritative_addition).,,59,low,,,1,"lexical median 18139 DKK (p25 15411 / p75 18139, n=15)","contamination 0% (0 intent, 0 copy/reference)",Reissue line.,"brand in KG, product missing",Reissue line.,"Create the KG product, then convert lexical evidence into matcher proposals.",lexical_title_evidence_only,user_authoritative_addition,matchable_canonical_product,missing_from_kg,,15,0
CAND-0629,not_on_gross_list,,,,Fender,Fender Troy Van Leeuwen Jazzmaster,Electric guitars,not_in_kg,,excluded,New in Prompt 04 music-vertical overlay (user_authoritative_addition).,,49,low,,,1,"lexical median 12956 DKK (p25 12956 / p75 12956, n=3)","contamination 0% (0 intent, 0 copy/reference)",Signature; distinct price.,"brand in KG, product missing",Signature; distinct price.,"Create the KG product, then convert lexical evidence into matcher proposals.",lexical_title_evidence_only,user_authoritative_addition,matchable_canonical_product,missing_from_kg,,3,0
CAND-0630,not_on_gross_list,,,,Squier,Squier J Mascis Jazzmaster,Electric guitars,not_in_kg,,excluded,New in Prompt 04 music-vertical overlay (user_authoritative_addition).,,31,low,,,0,,,Squier signature; separate sub-brand.,brand AND product missing from KG,Squier signature; separate sub-brand.,"Create the KG product, then convert lexical evidence into matcher proposals.",lexical_title_evidence_only,user_authoritative_addition,matchable_canonical_product,missing_from_kg,,0,0
CAND-0631,not_on_gross_list,,,,Fender,Fender Jaguar,Electric guitars,not_in_kg,,navigation_family,New in Prompt 04 music-vertical overlay (user_authoritative_addition).,,,,,,1,"lexical median 19110 DKK (p25 12956 / p75 21475, n=83)","contamination 3% (3 intent, 0 copy/reference)",Navigation only.,"brand in KG, product missing",Navigation only.,Supply or contamination drift.,lexical_title_evidence_only,user_authoritative_addition,navigation_family,partial_family_multiple_kg_rows,,83,0
CAND-0632,not_on_gross_list,,,,Fender,Fender Kurt Cobain Jaguar,Electric guitars,not_in_kg,,reserve,New in Prompt 04 music-vertical overlay (user_authoritative_addition).,,50,low,,,1,"lexical median 12956 DKK (p25 12956 / p75 21475, n=3)","contamination 0% (0 intent, 0 copy/reference)",Signature; distinct price.,"brand in KG, product missing",Signature; distinct price.,"Create the KG product, then convert lexical evidence into matcher proposals.",lexical_title_evidence_only,user_authoritative_addition,matchable_canonical_product,missing_from_kg,,3,0
CAND-0633,not_on_gross_list,,7a4cc0ae-f51c-4468-ab1d-525b0ea578be,fender-johnny-marr-jaguar,Fender,Fender Johnny Marr Jaguar,Electric guitars,standard/qa_only,,reserve,New in Prompt 04 music-vertical overlay (user_authoritative_addition).,,63,low,0,0,1,"lexical median 19110 DKK (p25 15547 / p75 19402, n=46)","contamination 4% (2 intent, 0 copy/reference)",Signature; distinct price.,KG product exists,Signature; distinct price.,Supply or contamination drift.,lexical_title_evidence_only,user_authoritative_addition,matchable_canonical_product,exact_kg_product,,46,0
CAND-0634,not_on_gross_list,,,,Gibson,Gibson Les Paul,Electric guitars,not_in_kg,,navigation_family,New in Prompt 04 music-vertical overlay (user_authoritative_addition).,,,,,,5,"lexical median 15459 DKK (p25 9000 / p75 29793, n=987)","contamination 3% (35 intent, 0 copy/reference)",Navigation only; Epiphone hard-blocked.,"brand in KG, product missing",Navigation only; Epiphone hard-blocked.,Supply or contamination drift.,lexical_title_evidence_only,user_authoritative_addition,navigation_family,partial_family_multiple_kg_rows,,1019,701
CAND-0635,not_on_gross_list,,,,Gibson,Gibson Les Paul Standard '50s,Electric guitars,not_in_kg,,core,New in Prompt 04 music-vertical overlay (user_authoritative_addition).,17,73,low,,,5,"lexical median 17128 DKK (p25 15417 / p75 18132, n=22)","contamination 4% (1 intent, 0 copy/reference)",Distinct from 60s neck profile market.,"brand in KG, product missing",Distinct from 60s neck profile market.,"Create the KG product, then convert lexical evidence into matcher proposals.",lexical_title_evidence_only,user_authoritative_addition,matchable_canonical_product,missing_from_kg,,22,10
CAND-0636,not_on_gross_list,,,,Gibson,Gibson Les Paul Standard '60s,Electric guitars,not_in_kg,,core,New in Prompt 04 music-vertical overlay (user_authoritative_addition).,10,76,low,,,5,"lexical median 16900 DKK (p25 14893 / p75 18132, n=30)","contamination 3% (1 intent, 0 copy/reference)",Distinct from 50s.,"brand in KG, product missing",Distinct from 50s.,"Create the KG product, then convert lexical evidence into matcher proposals.",lexical_title_evidence_only,user_authoritative_addition,matchable_canonical_product,missing_from_kg,,30,11
CAND-0637,not_on_gross_list,,652e8f4b-b789-442c-84cb-97eb6ccdec71,gibson-les-paul-custom,Gibson,Gibson Les Paul Custom,Electric guitars,standard/qa_only,,core,New in Prompt 04 music-vertical overlay (user_authoritative_addition).,4,81,low,0,0,5,"lexical median 35749 DKK (p25 28310 / p75 45000, n=116)","contamination 7% (9 intent, 0 copy/reference)",Excludes Custom Shop reissues.,KG product exists,Excludes Custom Shop reissues.,Supply or contamination drift.,lexical_title_evidence_only,user_authoritative_addition,matchable_canonical_product,exact_kg_product,,122,73
CAND-0638,not_on_gross_list,,,,Gibson,Gibson Les Paul Studio,Electric guitars,not_in_kg,,core,New in Prompt 04 music-vertical overlay (user_authoritative_addition).,18,73,low,,,5,"lexical median 8100 DKK (p25 7085 / p75 9000, n=81)","contamination 4% (3 intent, 0 copy/reference)",Lower tier.,"brand in KG, product missing",Lower tier.,"Create the KG product, then convert lexical evidence into matcher proposals.",lexical_title_evidence_only,user_authoritative_addition,matchable_canonical_product,missing_from_kg,,82,71
CAND-0639,not_on_gross_list,,,,Gibson,Gibson Les Paul Junior,Electric guitars,not_in_kg,,reserve,New in Prompt 04 music-vertical overlay (user_authoritative_addition).,,68,low,,,5,"lexical median 10423 DKK (p25 7474 / p75 17550, n=36)","contamination 3% (1 intent, 0 copy/reference)",Single-pickup.,"brand in KG, product missing",Single-pickup.,"Create the KG product, then convert lexical evidence into matcher proposals.",lexical_title_evidence_only,user_authoritative_addition,matchable_canonical_product,missing_from_kg,,36,33
CAND-0640,not_on_gross_list,,,,Gibson,Gibson Les Paul Special,Electric guitars,not_in_kg,,core,New in Prompt 04 music-vertical overlay (user_authoritative_addition).,22,71,low,,,5,"lexical median 14245 DKK (p25 8284 / p75 26199, n=92)","contamination 0% (0 intent, 0 copy/reference)",P-90 tier.,"brand in KG, product missing",P-90 tier.,"Create the KG product, then convert lexical evidence into matcher proposals.",lexical_title_evidence_only,user_authoritative_addition,matchable_canonical_product,missing_from_kg,,95,42
CAND-0641,not_on_gross_list,,,,Gibson,Gibson Custom Shop Les Paul R7,Electric guitars,not_in_kg,,reserve,New in Prompt 04 music-vertical overlay (user_authoritative_addition).,,58,low,,,4,"lexical median 27000 DKK (p25 23725 / p75 35623, n=4)","contamination 0% (0 intent, 0 copy/reference)",Custom Shop 1957 reissue.,"brand in KG, product missing",Custom Shop 1957 reissue.,"Create the KG product, then convert lexical evidence into matcher proposals.",lexical_title_evidence_only,user_authoritative_addition,matchable_canonical_product,missing_from_kg,,4,3
CAND-0642,not_on_gross_list,,,,Gibson,Gibson Custom Shop Les Paul R8,Electric guitars,not_in_kg,,reserve,New in Prompt 04 music-vertical overlay (user_authoritative_addition).,,59,low,,,4,"lexical median 32000 DKK (p25 22200 / p75 38900, n=7)","contamination 10% (1 intent, 0 copy/reference)",Custom Shop 1958 reissue.,"brand in KG, product missing",Custom Shop 1958 reissue.,"Create the KG product, then convert lexical evidence into matcher proposals.",lexical_title_evidence_only,user_authoritative_addition,matchable_canonical_product,missing_from_kg,,9,10
CAND-0643,not_on_gross_list,,,,Gibson,Gibson Custom Shop Les Paul R9,Electric guitars,not_in_kg,,reserve,New in Prompt 04 music-vertical overlay (user_authoritative_addition).,,67,low,,,5,"lexical median 36400 DKK (p25 30000 / p75 141223, n=11)","contamination 0% (0 intent, 0 copy/reference)",Custom Shop 1959 reissue; highest value.,"brand in KG, product missing",Custom Shop 1959 reissue; highest value.,"Create the KG product, then convert lexical evidence into matcher proposals.",lexical_title_evidence_only,user_authoritative_addition,matchable_canonical_product,missing_from_kg,,13,9
CAND-0644,not_on_gross_list,,,,Gibson,Gibson Custom Shop Les Paul R0,Electric guitars,not_in_kg,,reserve,New in Prompt 04 music-vertical overlay (user_authoritative_addition).,,59,low,,,4,"lexical median 35750 DKK (p25 25366 / p75 72951, n=5)","contamination 0% (0 intent, 0 copy/reference)",Custom Shop 1960 reissue.,"brand in KG, product missing",Custom Shop 1960 reissue.,"Create the KG product, then convert lexical evidence into matcher proposals.",lexical_title_evidence_only,user_authoritative_addition,matchable_canonical_product,missing_from_kg,,5,3
CAND-0645,not_on_gross_list,,c716d85e-a9b1-4ccf-b96c-387589a73d49,gibson-es-335,Gibson,Gibson ES family,Electric guitars,legendary/public,,navigation_family,New in Prompt 04 music-vertical overlay (user_authoritative_addition).,,,,7,117,5,"lexical median 24050 DKK (p25 19272 / p75 33451, n=149)","contamination 2% (3 intent, 0 copy/reference)",Navigation only; never merge on the token 335.,KG product exists,Navigation only; never merge on the token 335.,Supply or contamination drift.,lexical_title_evidence_only,user_authoritative_addition,navigation_family,exact_kg_product,,154,96
CAND-0646,not_on_gross_list,,,,Gibson,Gibson ES-335 Dot,Electric guitars,not_in_kg,,core,New in Prompt 04 music-vertical overlay (user_authoritative_addition).,25,70,low,,,5,"lexical median 22791 DKK (p25 18197 / p75 26300, n=17)","contamination 5% (1 intent, 0 copy/reference)",Dot inlay.,"brand in KG, product missing",Dot inlay.,"Create the KG product, then convert lexical evidence into matcher proposals.",lexical_title_evidence_only,user_authoritative_addition,matchable_canonical_product,missing_from_kg,,18,16
CAND-0647,not_on_gross_list,,,,Gibson,Gibson ES-335 Block,Electric guitars,not_in_kg,,reserve,New in Prompt 04 music-vertical overlay (user_authoritative_addition).,,53,low,,,1,"lexical median 24578 DKK (p25 22343 / p75 25323, n=4)","contamination 0% (0 intent, 0 copy/reference)",Block inlay; distinct era/value.,"brand in KG, product missing",Block inlay; distinct era/value.,"Create the KG product, then convert lexical evidence into matcher proposals.",lexical_title_evidence_only,user_authoritative_addition,matchable_canonical_product,missing_from_kg,,4,4
CAND-0648,not_on_gross_list,,,,Gibson,Gibson ES-345,Electric guitars,not_in_kg,,reserve,New in Prompt 04 music-vertical overlay (user_authoritative_addition).,,54,low,,,4,"lexical median 146250 DKK (p25 124500 / p75 159249, n=4)","contamination 20% (1 intent, 0 copy/reference)",Stereo/Varitone.,"brand in KG, product missing",Stereo/Varitone.,"Create the KG product, then convert lexical evidence into matcher proposals.",lexical_title_evidence_only,user_authoritative_addition,matchable_canonical_product,missing_from_kg,,4,4
CAND-0649,not_on_gross_list,,,,Gibson,Gibson ES-355,Electric guitars,not_in_kg,,excluded,New in Prompt 04 music-vertical overlay (user_authoritative_addition).,,48,low,,,3,"lexical median 29897 DKK (p25 22667 / p75 59995, n=3)","contamination 25% (1 intent, 0 copy/reference)",Top of line.,"brand in KG, product missing",Top of line.,"Create the KG product, then convert lexical evidence into matcher proposals.",lexical_title_evidence_only,user_authoritative_addition,matchable_canonical_product,missing_from_kg,,3,2
CAND-0650,not_on_gross_list,,,,Gibson,Gibson ES-330,Electric guitars,not_in_kg,,excluded,New in Prompt 04 music-vertical overlay (user_authoritative_addition).,,42,low,,,1,"lexical median 615 DKK (p25 194 / p75 615, n=2)","contamination 0% (0 intent, 0 copy/reference)","Fully hollow, P-90.","brand in KG, product missing","Fully hollow, P-90.","Create the KG product, then convert lexical evidence into matcher proposals.",lexical_title_evidence_only,user_authoritative_addition,matchable_canonical_product,missing_from_kg,,2,0
CAND-0651,not_on_gross_list,,,,Gibson,Gibson SG,Electric guitars,not_in_kg,,navigation_family,New in Prompt 04 music-vertical overlay (user_authoritative_addition).,,,,,,5,"lexical median 13642 DKK (p25 9627 / p75 22667, n=232)","contamination 5% (11 intent, 0 copy/reference)",Navigation only.,"brand in KG, product missing",Navigation only.,Supply or contamination drift.,lexical_title_evidence_only,user_authoritative_addition,navigation_family,partial_family_multiple_kg_rows,,233,15
CAND-0652,not_on_gross_list,,3c46b0b4-e927-4938-8ff1-87a4b18aed0e,gibson-sg-standard-large-guard-with-maestro-vibrola,Gibson,Gibson SG Standard,Electric guitars,standard/qa_only,,core,New in Prompt 04 music-vertical overlay (user_authoritative_addition).,44,62,low,0,7,3,"lexical median 12950 DKK (p25 11654 / p75 25323, n=57)","contamination 2% (1 intent, 0 copy/reference)",Core model.,KG product exists,Core model.,Supply or contamination drift.,kg_trusted+kg_dryrun,user_authoritative_addition,matchable_canonical_product,exact_kg_product,,57,4
CAND-0653,not_on_gross_list,,,,Gibson,Gibson SG 61 Reissue,Electric guitars,not_in_kg,,excluded,New in Prompt 04 music-vertical overlay (user_authoritative_addition).,,37,low,,,0,,,Reissue line.,"brand in KG, product missing",Reissue line.,"Create the KG product, then convert lexical evidence into matcher proposals.",lexical_title_evidence_only,user_authoritative_addition,matchable_canonical_product,missing_from_kg,,0,0
CAND-0654,not_on_gross_list,,68a23f09-bd30-473e-ac3e-ecfc2c8e3725,gibson-sg-special,Gibson,Gibson SG Special,Electric guitars,standard/qa_only,,reserve,New in Prompt 04 music-vertical overlay (user_authoritative_addition).,,65,medium,16,22,3,"lexical median 9342 DKK (p25 6431 / p75 10423, n=50)","contamination 4% (2 intent, 0 copy/reference)",P-90 tier.,KG product exists,P-90 tier.,Supply or contamination drift.,kg_trusted+kg_dryrun,user_authoritative_addition,matchable_canonical_product,exact_kg_product,,50,2
CAND-0655,not_on_gross_list,,,,Ibanez,Ibanez JEM7V,Electric guitars,not_in_kg,,excluded,New in Prompt 04 music-vertical overlay (user_authoritative_addition).,,23,low,,,0,,,"Vai signature, premium tier.","brand in KG, product missing","Vai signature, premium tier.","Create the KG product, then convert lexical evidence into matcher proposals.",lexical_title_evidence_only,user_authoritative_addition,matchable_canonical_product,missing_from_kg,,0,0
CAND-0656,not_on_gross_list,,,,Ibanez,Ibanez JEM777,Electric guitars,not_in_kg,,excluded,New in Prompt 04 music-vertical overlay (user_authoritative_addition).,,23,low,,,0,,,Original 1987 tier.,"brand in KG, product missing",Original 1987 tier.,"Create the KG product, then convert lexical evidence into matcher proposals.",lexical_title_evidence_only,user_authoritative_addition,matchable_canonical_product,missing_from_kg,,0,0
CAND-0657,not_on_gross_list,,,,Ibanez,Ibanez JEMJR,Electric guitars,not_in_kg,,excluded,New in Prompt 04 music-vertical overlay (user_authoritative_addition).,,23,low,,,0,,,Budget tier; must not merge with 7V/777.,"brand in KG, product missing",Budget tier; must not merge with 7V/777.,"Create the KG product, then convert lexical evidence into matcher proposals.",lexical_title_evidence_only,user_authoritative_addition,matchable_canonical_product,missing_from_kg,,0,0
CAND-0658,not_on_gross_list,,,,Ibanez,Ibanez PIA,Electric guitars,not_in_kg,,discovery_only,New in Prompt 04 music-vertical overlay (user_authoritative_addition).,,17,low,,,0,,,DISCOVERY: exact PIA model numbers unresolved.,"brand in KG, product missing",DISCOVERY: exact PIA model numbers unresolved.,"Create the KG product, then convert lexical evidence into matcher proposals.",lexical_title_evidence_only,user_authoritative_addition,discovery_only,missing_from_kg,,0,0
CAND-0659,not_on_gross_list,,,,Ibanez,Ibanez RG Series,Electric guitars,not_in_kg,,navigation_family,New in Prompt 04 music-vertical overlay (user_authoritative_addition).,,,,,,1,"lexical median 6540 DKK (p25 6540 / p75 6540, n=1)","contamination 0% (0 intent, 0 copy/reference)",Navigation only; RG Series is not a product.,"brand in KG, product missing",Navigation only; RG Series is not a product.,"Create the KG product, then convert lexical evidence into matcher proposals.",lexical_title_evidence_only,user_authoritative_addition,navigation_family,missing_from_kg,,1,1
CAND-0660,not_on_gross_list,,,,Ibanez,Ibanez RG550 Genesis,Electric guitars,not_in_kg,,excluded,New in Prompt 04 music-vertical overlay (user_authoritative_addition).,,36,low,,,1,"lexical median 6540 DKK (p25 6540 / p75 6540, n=1)","contamination 0% (0 intent, 0 copy/reference)",Genesis reissue.,"brand in KG, product missing",Genesis reissue.,"Create the KG product, then convert lexical evidence into matcher proposals.",lexical_title_evidence_only,user_authoritative_addition,matchable_canonical_product,missing_from_kg,,1,1
CAND-0661,not_on_gross_list,,,,Ibanez,Ibanez RG421,Electric guitars,not_in_kg,,excluded,New in Prompt 04 music-vertical overlay (user_authoritative_addition).,,23,low,,,0,,,Entry tier.,"brand in KG, product missing",Entry tier.,"Create the KG product, then convert lexical evidence into matcher proposals.",lexical_title_evidence_only,user_authoritative_addition,matchable_canonical_product,missing_from_kg,,0,0
CAND-0662,not_on_gross_list,,,,Ibanez,Ibanez RG Prestige (named models),Electric guitars,not_in_kg,,discovery_only,New in Prompt 04 music-vertical overlay (user_authoritative_addition).,,17,low,,,0,,,DISCOVERY: exact Prestige model numbers unresolved.,"brand in KG, product missing",DISCOVERY: exact Prestige model numbers unresolved.,"Create the KG product, then convert lexical evidence into matcher proposals.",lexical_title_evidence_only,user_authoritative_addition,discovery_only,missing_from_kg,,0,0
CAND-0663,not_on_gross_list,,,,PRS,PRS Custom 24,Electric guitars,not_in_kg,,reserve,New in Prompt 04 music-vertical overlay (user_authoritative_addition).,,54,low,,,2,"lexical median 35753 DKK (p25 30000 / p75 35753, n=2)","contamination 0% (0 intent, 0 copy/reference)",Core model.,brand AND product missing from KG,Core model.,"Create the KG product, then convert lexical evidence into matcher proposals.",lexical_title_evidence_only,user_authoritative_addition,matchable_canonical_product,missing_from_kg,,2,2
CAND-0664,not_on_gross_list,,,,PRS,PRS Custom 22,Electric guitars,not_in_kg,,excluded,New in Prompt 04 music-vertical overlay (user_authoritative_addition).,,36,low,,,0,,,Core model.,brand AND product missing from KG,Core model.,"Create the KG product, then convert lexical evidence into matcher proposals.",lexical_title_evidence_only,user_authoritative_addition,matchable_canonical_product,missing_from_kg,,0,0
CAND-0665,not_on_gross_list,,,,PRS,PRS McCarty 594,Electric guitars,not_in_kg,,excluded,New in Prompt 04 music-vertical overlay (user_authoritative_addition).,,36,low,,,0,,,594 scale.,brand AND product missing from KG,594 scale.,"Create the KG product, then convert lexical evidence into matcher proposals.",lexical_title_evidence_only,user_authoritative_addition,matchable_canonical_product,missing_from_kg,,0,0
CAND-0666,not_on_gross_list,,,,PRS,PRS Silver Sky,Electric guitars,not_in_kg,,excluded,New in Prompt 04 music-vertical overlay (user_authoritative_addition).,,35,low,,,0,,,Mayer signature.,brand AND product missing from KG,Mayer signature.,"Create the KG product, then convert lexical evidence into matcher proposals.",lexical_title_evidence_only,user_authoritative_addition,matchable_canonical_product,missing_from_kg,,0,0
CAND-0667,not_on_gross_list,,,,PRS,PRS SE Series,Electric guitars,not_in_kg,,navigation_family,New in Prompt 04 music-vertical overlay (user_authoritative_addition).,,,,,,0,,,Navigation only; SE Series is not a product.,brand AND product missing from KG,Navigation only; SE Series is not a product.,"Create the KG product, then convert lexical evidence into matcher proposals.",lexical_title_evidence_only,user_authoritative_addition,navigation_family,missing_from_kg,,0,0
CAND-0668,not_on_gross_list,,,,Rickenbacker,Rickenbacker 330,Electric guitars,not_in_kg,,excluded,New in Prompt 04 music-vertical overlay (user_authoritative_addition).,,38,low,,,0,,,Distinct from 360.,brand AND product missing from KG,Distinct from 360.,"Create the KG product, then convert lexical evidence into matcher proposals.",lexical_title_evidence_only,user_authoritative_addition,matchable_canonical_product,missing_from_kg,,0,0
CAND-0669,not_on_gross_list,,,,Rickenbacker,Rickenbacker 360,Electric guitars,not_in_kg,,excluded,New in Prompt 04 music-vertical overlay (user_authoritative_addition).,,38,low,,,0,,,6-string.,brand AND product missing from KG,6-string.,"Create the KG product, then convert lexical evidence into matcher proposals.",lexical_title_evidence_only,user_authoritative_addition,matchable_canonical_product,missing_from_kg,,0,0
CAND-0670,not_on_gross_list,,,,Rickenbacker,Rickenbacker 360/12,Electric guitars,not_in_kg,,excluded,New in Prompt 04 music-vertical overlay (user_authoritative_addition).,,40,low,,,0,,,12-string; separate market.,brand AND product missing from KG,12-string; separate market.,"Create the KG product, then convert lexical evidence into matcher proposals.",lexical_title_evidence_only,user_authoritative_addition,matchable_canonical_product,missing_from_kg,,0,0
CAND-0671,not_on_gross_list,,,,Gretsch,Gretsch G6120 Chet Atkins,Electric guitars,not_in_kg,,excluded,New in Prompt 04 music-vertical overlay (user_authoritative_addition).,,38,low,,,0,,,Pro-line tier.,brand AND product missing from KG,Pro-line tier.,"Create the KG product, then convert lexical evidence into matcher proposals.",lexical_title_evidence_only,user_authoritative_addition,matchable_canonical_product,missing_from_kg,,0,0
CAND-0672,not_on_gross_list,,,,Gretsch,Gretsch G6136 White Falcon,Electric guitars,not_in_kg,,excluded,New in Prompt 04 music-vertical overlay (user_authoritative_addition).,,37,low,,,0,,,Flagship tier.,brand AND product missing from KG,Flagship tier.,"Create the KG product, then convert lexical evidence into matcher proposals.",lexical_title_evidence_only,user_authoritative_addition,matchable_canonical_product,missing_from_kg,,0,0
CAND-0673,not_on_gross_list,,,,Gretsch,Gretsch G5420T Electromatic,Electric guitars,not_in_kg,,excluded,New in Prompt 04 music-vertical overlay (user_authoritative_addition).,,30,low,,,0,,,Budget tier; must not merge with 6120.,brand AND product missing from KG,Budget tier; must not merge with 6120.,"Create the KG product, then convert lexical evidence into matcher proposals.",lexical_title_evidence_only,user_authoritative_addition,matchable_canonical_product,missing_from_kg,,0,0
CAND-0674,not_on_gross_list,,,,Fender,Fender Precision Bass,Bass guitars,not_in_kg,,navigation_family,New in Prompt 04 music-vertical overlay (user_authoritative_addition).,,,,,,5,"lexical median 7741 DKK (p25 4405 / p75 15715, n=331)","contamination 8% (31 intent, 0 copy/reference)",Navigation only.,"brand in KG, product missing",Navigation only.,Supply or contamination drift.,lexical_title_evidence_only,user_authoritative_addition,navigation_family,partial_family_multiple_kg_rows,,342,129
CAND-0675,not_on_gross_list,,,,Fender,Fender American Standard Precision Bass,Bass guitars,not_in_kg,,reserve,New in Prompt 04 music-vertical overlay (user_authoritative_addition).,,51,low,,,2,"lexical median 10500 DKK (p25 9069 / p75 10630, n=6)","contamination 0% (0 intent, 0 copy/reference)",Origin+era explicit only.,"brand in KG, product missing",Origin+era explicit only.,"Create the KG product, then convert lexical evidence into matcher proposals.",lexical_title_evidence_only,user_authoritative_addition,matchable_canonical_product,missing_from_kg,,6,1
CAND-0676,not_on_gross_list,,1e1736c7-e757-4564-a6ac-c7d145292414,fender-fender-japan-51-reissue-precision-legacy-bass-1996-97,Fender,Fender Precision Bass '51 Reissue,Bass guitars,standard/qa_only,,excluded,New in Prompt 04 music-vertical overlay (user_authoritative_addition).,,23,low,0,0,0,,,Single-coil reissue.,KG product exists,Single-coil reissue.,Supply or contamination drift.,lexical_title_evidence_only,user_authoritative_addition,matchable_canonical_product,exact_kg_product,,0,0
CAND-0677,not_on_gross_list,,,,Fender,Fender Precision Bass '57 Reissue,Bass guitars,not_in_kg,,excluded,New in Prompt 04 music-vertical overlay (user_authoritative_addition).,,35,low,,,3,"lexical median 8166 DKK (p25 6705 / p75 26400, n=3)","contamination 0% (0 intent, 0 copy/reference)",Split-coil reissue.,"brand in KG, product missing",Split-coil reissue.,"Create the KG product, then convert lexical evidence into matcher proposals.",lexical_title_evidence_only,user_authoritative_addition,matchable_canonical_product,missing_from_kg,,3,2
CAND-0678,not_on_gross_list,,,,Fender,Fender Jazz Bass,Bass guitars,not_in_kg,,navigation_family,New in Prompt 04 music-vertical overlay (user_authoritative_addition).,,,,,,5,"lexical median 8731 DKK (p25 4405 / p75 15201, n=525)","contamination 4% (23 intent, 0 copy/reference)","Navigation only; pickup spacing is an attribute, not a product.","brand in KG, product missing","Navigation only; pickup spacing is an attribute, not a product.",Supply or contamination drift.,lexical_title_evidence_only,user_authoritative_addition,navigation_family,partial_family_multiple_kg_rows,,538,199
CAND-0679,not_on_gross_list,,,,Fender,Fender American Standard Jazz Bass,Bass guitars,not_in_kg,,reserve,New in Prompt 04 music-vertical overlay (user_authoritative_addition).,,61,low,,,4,"lexical median 8730 DKK (p25 7741 / p75 9991, n=26)","contamination 0% (0 intent, 0 copy/reference)",Explicit series/era only.,"brand in KG, product missing",Explicit series/era only.,"Create the KG product, then convert lexical evidence into matcher proposals.",lexical_title_evidence_only,user_authoritative_addition,matchable_canonical_product,missing_from_kg,,26,6
CAND-0680,not_on_gross_list,,,,Yamaha,Yamaha BB1200,Bass guitars,not_in_kg,,excluded,New in Prompt 04 music-vertical overlay (user_authoritative_addition).,,34,low,,,0,,,Vintage Japan tier.,"brand in KG, product missing",Vintage Japan tier.,"Create the KG product, then convert lexical evidence into matcher proposals.",lexical_title_evidence_only,user_authoritative_addition,matchable_canonical_product,missing_from_kg,,0,0
CAND-0681,not_on_gross_list,,,,Yamaha,Yamaha BB2000,Bass guitars,not_in_kg,,excluded,New in Prompt 04 music-vertical overlay (user_authoritative_addition).,,34,low,,,0,,,Vintage Japan tier.,"brand in KG, product missing",Vintage Japan tier.,"Create the KG product, then convert lexical evidence into matcher proposals.",lexical_title_evidence_only,user_authoritative_addition,matchable_canonical_product,missing_from_kg,,0,0
CAND-0682,not_on_gross_list,,,,Yamaha,Yamaha BB3000,Bass guitars,not_in_kg,,excluded,New in Prompt 04 music-vertical overlay (user_authoritative_addition).,,48,low,,,1,"lexical median 19434 DKK (p25 14122 / p75 19434, n=2)","contamination 0% (0 intent, 0 copy/reference)",Vintage Japan top tier.,"brand in KG, product missing",Vintage Japan top tier.,"Create the KG product, then convert lexical evidence into matcher proposals.",lexical_title_evidence_only,user_authoritative_addition,matchable_canonical_product,missing_from_kg,,2,0
CAND-0683,not_on_gross_list,,,,Yamaha,Yamaha BB434,Bass guitars,not_in_kg,,excluded,New in Prompt 04 music-vertical overlay (user_authoritative_addition).,,29,low,,,0,,,Current budget tier.,"brand in KG, product missing",Current budget tier.,"Create the KG product, then convert lexical evidence into matcher proposals.",lexical_title_evidence_only,user_authoritative_addition,matchable_canonical_product,missing_from_kg,,0,0
CAND-0684,not_on_gross_list,,,,Yamaha,Yamaha BB734A,Bass guitars,not_in_kg,,excluded,New in Prompt 04 music-vertical overlay (user_authoritative_addition).,,29,low,,,0,,,Current mid tier.,"brand in KG, product missing",Current mid tier.,"Create the KG product, then convert lexical evidence into matcher proposals.",lexical_title_evidence_only,user_authoritative_addition,matchable_canonical_product,missing_from_kg,,0,0
CAND-0685,not_on_gross_list,,,,Yamaha,Yamaha BBP34,Bass guitars,not_in_kg,,excluded,New in Prompt 04 music-vertical overlay (user_authoritative_addition).,,31,low,,,0,,,Pro Japan tier.,"brand in KG, product missing",Pro Japan tier.,"Create the KG product, then convert lexical evidence into matcher proposals.",lexical_title_evidence_only,user_authoritative_addition,matchable_canonical_product,missing_from_kg,,0,0
CAND-0686,not_on_gross_list,,,,Höfner,Höfner 500/1 German Reissue,Bass guitars,not_in_kg,,excluded,New in Prompt 04 music-vertical overlay (user_authoritative_addition).,,39,low,,,0,,,German-made; top tier.,brand AND product missing from KG,German-made; top tier.,"Create the KG product, then convert lexical evidence into matcher proposals.",lexical_title_evidence_only,user_authoritative_addition,matchable_canonical_product,missing_from_kg,,0,0
CAND-0687,not_on_gross_list,,,,Höfner,Höfner Contemporary H500/1,Bass guitars,not_in_kg,,excluded,New in Prompt 04 music-vertical overlay (user_authoritative_addition).,,30,low,,,0,,,Chinese-made mid tier.,brand AND product missing from KG,Chinese-made mid tier.,"Create the KG product, then convert lexical evidence into matcher proposals.",lexical_title_evidence_only,user_authoritative_addition,matchable_canonical_product,missing_from_kg,,0,0
CAND-0688,not_on_gross_list,,,,Höfner,Höfner Ignition HI-BB,Bass guitars,not_in_kg,,excluded,New in Prompt 04 music-vertical overlay (user_authoritative_addition).,,28,low,,,0,,,Entry tier; must not merge with German.,brand AND product missing from KG,Entry tier; must not merge with German.,"Create the KG product, then convert lexical evidence into matcher proposals.",lexical_title_evidence_only,user_authoritative_addition,matchable_canonical_product,missing_from_kg,,0,0
CAND-0689,not_on_gross_list,,,,Music Man,Music Man StingRay (USA),Bass guitars,not_in_kg,,excluded,New in Prompt 04 music-vertical overlay (user_authoritative_addition).,,36,low,,,0,,,USA/current; title evidence permitting.,brand AND product missing from KG,USA/current; title evidence permitting.,"Create the KG product, then convert lexical evidence into matcher proposals.",lexical_title_evidence_only,user_authoritative_addition,matchable_canonical_product,missing_from_kg,,0,0
CAND-0690,not_on_gross_list,,,,Music Man,Music Man Pre-Ernie Ball StingRay,Bass guitars,not_in_kg,,discovery_only,New in Prompt 04 music-vertical overlay (user_authoritative_addition).,,22,low,,,0,,,DISCOVERY: pre-EB identification unreliable in titles.,brand AND product missing from KG,DISCOVERY: pre-EB identification unreliable in titles.,"Create the KG product, then convert lexical evidence into matcher proposals.",lexical_title_evidence_only,user_authoritative_addition,discovery_only,missing_from_kg,,0,0
CAND-0691,not_on_gross_list,,,,Sterling,Sterling by Music Man,Bass guitars,not_in_kg,,excluded,New in Prompt 04 music-vertical overlay (user_authoritative_addition).,,28,low,,,0,,,Separate sub-brand; excluded from StingRay page.,brand AND product missing from KG,Separate sub-brand; excluded from StingRay page.,"Create the KG product, then convert lexical evidence into matcher proposals.",lexical_title_evidence_only,user_authoritative_addition,matchable_canonical_product,missing_from_kg,,0,0
CAND-0692,not_on_gross_list,,,,Rickenbacker,Rickenbacker 4001,Bass guitars,not_in_kg,,excluded,New in Prompt 04 music-vertical overlay (user_authoritative_addition).,,39,low,,,0,,,Vintage; distinct from 4003.,brand AND product missing from KG,Vintage; distinct from 4003.,"Create the KG product, then convert lexical evidence into matcher proposals.",lexical_title_evidence_only,user_authoritative_addition,matchable_canonical_product,missing_from_kg,,0,0
CAND-0693,not_on_gross_list,,,,Rickenbacker,Rickenbacker 4003,Bass guitars,not_in_kg,,reserve,New in Prompt 04 music-vertical overlay (user_authoritative_addition).,,51,low,,,1,"lexical median 16250 DKK (p25 16250 / p75 16250, n=1)","contamination 0% (0 intent, 0 copy/reference)",Current; distinct from 4001.,brand AND product missing from KG,Current; distinct from 4001.,"Create the KG product, then convert lexical evidence into matcher proposals.",lexical_title_evidence_only,user_authoritative_addition,matchable_canonical_product,missing_from_kg,,1,1
CAND-0694,not_on_gross_list,,ee08ba0c-435a-451b-93f6-75b4d3287603,martin-d-28,Martin,Martin D-28,Acoustic guitars,standard/qa_only,,core,New in Prompt 04 music-vertical overlay (user_authoritative_addition).,26,70,medium,0,43,1,"lexical median 22673 DKK (p25 20730 / p75 29799, n=43)","contamination 12% (6 intent, 0 copy/reference)",Excludes HD-28.,KG product exists,Excludes HD-28.,Supply or contamination drift.,kg_trusted+kg_dryrun,user_authoritative_addition,matchable_canonical_product,exact_kg_product,,43,0
CAND-0695,not_on_gross_list,,,,Martin,Martin HD-28,Acoustic guitars,not_in_kg,,excluded,New in Prompt 04 music-vertical overlay (user_authoritative_addition).,,37,low,,,0,,,Herringbone; distinct price.,"brand in KG, product missing",Herringbone; distinct price.,"Create the KG product, then convert lexical evidence into matcher proposals.",lexical_title_evidence_only,user_authoritative_addition,matchable_canonical_product,missing_from_kg,,0,0
CAND-0696,not_on_gross_list,,,,Martin,Martin D-18,Acoustic guitars,not_in_kg,,excluded,New in Prompt 04 music-vertical overlay (user_authoritative_addition).,,38,low,,,0,,,Mahogany.,"brand in KG, product missing",Mahogany.,"Create the KG product, then convert lexical evidence into matcher proposals.",lexical_title_evidence_only,user_authoritative_addition,matchable_canonical_product,missing_from_kg,,0,0
CAND-0697,not_on_gross_list,,,,Martin,Martin 0-18,Acoustic guitars,not_in_kg,,excluded,New in Prompt 04 music-vertical overlay (user_authoritative_addition).,,34,low,,,0,,,"Exact model, not ""0 Series"".","brand in KG, product missing","Exact model, not ""0 Series"".","Create the KG product, then convert lexical evidence into matcher proposals.",lexical_title_evidence_only,user_authoritative_addition,matchable_canonical_product,missing_from_kg,,0,0
CAND-0698,not_on_gross_list,,,,Martin,Martin 00-18,Acoustic guitars,not_in_kg,,excluded,New in Prompt 04 music-vertical overlay (user_authoritative_addition).,,34,low,,,0,,,Exact model.,"brand in KG, product missing",Exact model.,"Create the KG product, then convert lexical evidence into matcher proposals.",lexical_title_evidence_only,user_authoritative_addition,matchable_canonical_product,missing_from_kg,,0,0
CAND-0699,not_on_gross_list,,,,Martin,Martin 000-18,Acoustic guitars,not_in_kg,,excluded,New in Prompt 04 music-vertical overlay (user_authoritative_addition).,,35,low,,,0,,,Exact model.,"brand in KG, product missing",Exact model.,"Create the KG product, then convert lexical evidence into matcher proposals.",lexical_title_evidence_only,user_authoritative_addition,matchable_canonical_product,missing_from_kg,,0,0
CAND-0700,not_on_gross_list,,,,Martin,Martin 000-28,Acoustic guitars,not_in_kg,,reserve,New in Prompt 04 music-vertical overlay (user_authoritative_addition).,,50,low,,,1,"lexical median 25000 DKK (p25 25000 / p75 25000, n=1)","contamination 0% (0 intent, 0 copy/reference)",Exact model.,"brand in KG, product missing",Exact model.,"Create the KG product, then convert lexical evidence into matcher proposals.",lexical_title_evidence_only,user_authoritative_addition,matchable_canonical_product,missing_from_kg,,1,1
CAND-0701,not_on_gross_list,,,,Martin,Martin OM-28,Acoustic guitars,not_in_kg,,excluded,New in Prompt 04 music-vertical overlay (user_authoritative_addition).,,36,low,,,0,,,Orchestra model.,"brand in KG, product missing",Orchestra model.,"Create the KG product, then convert lexical evidence into matcher proposals.",lexical_title_evidence_only,user_authoritative_addition,matchable_canonical_product,missing_from_kg,,0,0
CAND-0702,not_on_gross_list,,22325142-9c6a-47d8-809f-b9a5913355cd,gibson-j-45,Gibson,Gibson J-45,Acoustic guitars,not_in_kg,,core,New in Prompt 04 music-vertical overlay (user_authoritative_addition). Prompt 04A: reclassified from partial_family_multiple_kg_rows to exact_kg_product — the family regex also matched listing-title pollution rows; the canonical identity was never ambiguous. Survivor selected on evidence: gibson-j-45. No consolidation required.,12,75,low,,,1,"lexical median 19428 DKK (p25 16189 / p75 22667, n=307)","contamination 2% (5 intent, 1 copy/reference)",Reference slope-shoulder.,KG product exists (canonical row selected from a polluted family),Reference slope-shoulder.,Supply or contamination drift.,lexical_title_evidence_only,user_authoritative_addition,matchable_canonical_product,exact_kg_product,,307,0
CAND-0703,not_on_gross_list,,c857b33b-9d55-4fc2-b8ff-150c41017a9f,gibson-hummingbird,Gibson,Gibson Hummingbird,Acoustic guitars,not_in_kg,,core,New in Prompt 04 music-vertical overlay (user_authoritative_addition). Prompt 04A: reclassified from partial_family_multiple_kg_rows to exact_kg_product — the family regex also matched listing-title pollution rows; the canonical identity was never ambiguous. Survivor selected on evidence: gibson-hummingbird. No consolidation required.,9,76,low,,,1,"lexical median 25906 DKK (p25 20520 / p75 26186, n=214)","contamination 2% (5 intent, 0 copy/reference)",Square-shoulder.,KG product exists (canonical row selected from a polluted family),Square-shoulder.,Supply or contamination drift.,lexical_title_evidence_only,user_authoritative_addition,matchable_canonical_product,exact_kg_product,,214,0
CAND-0704,not_on_gross_list,,,,Gibson,Gibson L-00,Acoustic guitars,not_in_kg,,reserve,New in Prompt 04 music-vertical overlay (user_authoritative_addition).,,65,low,,,1,"lexical median 19002 DKK (p25 14893 / p75 19428, n=99)","contamination 1% (1 intent, 0 copy/reference)",Small body blues.,"brand in KG, product missing",Small body blues.,Supply or contamination drift.,lexical_title_evidence_only,user_authoritative_addition,matchable_canonical_product,partial_family_multiple_kg_rows,,99,0
CAND-0705,not_on_gross_list,,,,Taylor,Taylor 314ce,Acoustic guitars,not_in_kg,,excluded,New in Prompt 04 music-vertical overlay (user_authoritative_addition).,,33,low,,,0,,,Grand Auditorium.,brand AND product missing from KG,Grand Auditorium.,"Create the KG product, then convert lexical evidence into matcher proposals.",lexical_title_evidence_only,user_authoritative_addition,matchable_canonical_product,missing_from_kg,,0,0
CAND-0706,not_on_gross_list,,,,Taylor,Taylor GS Mini,Acoustic guitars,not_in_kg,,excluded,New in Prompt 04 music-vertical overlay (user_authoritative_addition).,,30,low,,,0,,,Travel size; distinct market.,brand AND product missing from KG,Travel size; distinct market.,"Create the KG product, then convert lexical evidence into matcher proposals.",lexical_title_evidence_only,user_authoritative_addition,matchable_canonical_product,missing_from_kg,,0,0
CAND-0707,not_on_gross_list,,,,Korg,Korg SDD-3000 (rackmount),Guitar effects,not_in_kg,,excluded,New in Prompt 04 music-vertical overlay (user_authoritative_addition).,,48,low,,,1,"lexical median 123 DKK (p25 123 / p75 123, n=1)","contamination 0% (0 intent, 0 copy/reference)",Rack unit; vintage.,"brand in KG, product missing",Rack unit; vintage.,"Create the KG product, then convert lexical evidence into matcher proposals.",lexical_title_evidence_only,user_authoritative_addition,matchable_canonical_product,missing_from_kg,,1,0
CAND-0708,not_on_gross_list,,,,Korg,Korg SDD-3000 Pedal,Guitar effects,not_in_kg,,excluded,New in Prompt 04 music-vertical overlay (user_authoritative_addition).,,32,low,,,0,,,Modern pedal; separate product.,"brand in KG, product missing",Modern pedal; separate product.,"Create the KG product, then convert lexical evidence into matcher proposals.",lexical_title_evidence_only,user_authoritative_addition,matchable_canonical_product,missing_from_kg,,0,0
CAND-0709,not_on_gross_list,,,,Boss,Boss PH-1,Guitar effects,not_in_kg,,excluded,New in Prompt 04 music-vertical overlay (user_authoritative_addition).,,43,low,,,1,"lexical median 230 DKK (p25 230 / p75 230, n=1)","contamination 0% (0 intent, 0 copy/reference)",Vintage phaser.,"brand in KG, product missing",Vintage phaser.,"Create the KG product, then convert lexical evidence into matcher proposals.",lexical_title_evidence_only,user_authoritative_addition,matchable_canonical_product,missing_from_kg,,1,0
CAND-0710,not_on_gross_list,,,,Boss,Boss PH-1R,Guitar effects,not_in_kg,,excluded,New in Prompt 04 music-vertical overlay (user_authoritative_addition).,,36,low,,,1,"lexical median 9393 DKK (p25 230 / p75 9393, n=2)","contamination 0% (0 intent, 0 copy/reference)",Vintage variant.,"brand in KG, product missing",Vintage variant.,"Create the KG product, then convert lexical evidence into matcher proposals.",lexical_title_evidence_only,user_authoritative_addition,matchable_canonical_product,missing_from_kg,,2,0
CAND-0711,not_on_gross_list,,,,Boss,Boss PH-3,Guitar effects,not_in_kg,,reserve,New in Prompt 04 music-vertical overlay (user_authoritative_addition).,,56,low,,,1,"lexical median 861 DKK (p25 606 / p75 926, n=77)","contamination 0% (0 intent, 0 copy/reference)",Current phaser.,"brand in KG, product missing",Current phaser.,Supply or contamination drift.,lexical_title_evidence_only,user_authoritative_addition,matchable_canonical_product,partial_family_multiple_kg_rows,,77,0
CAND-0712,not_on_gross_list,,,,Boss,Boss CE-2,Guitar effects,not_in_kg,,excluded,New in Prompt 04 music-vertical overlay (user_authoritative_addition).,,47,low,,,1,"lexical median 9393 DKK (p25 9393 / p75 9393, n=1)","contamination 0% (0 intent, 0 copy/reference)",Vintage chorus.,"brand in KG, product missing",Vintage chorus.,"Create the KG product, then convert lexical evidence into matcher proposals.",lexical_title_evidence_only,user_authoritative_addition,matchable_canonical_product,missing_from_kg,,1,0
CAND-0713,not_on_gross_list,,,,Boss,Boss CE-2W,Guitar effects,not_in_kg,,excluded,New in Prompt 04 music-vertical overlay (user_authoritative_addition).,,31,low,,,0,,,Waza Craft reissue.,"brand in KG, product missing",Waza Craft reissue.,"Create the KG product, then convert lexical evidence into matcher proposals.",lexical_title_evidence_only,user_authoritative_addition,matchable_canonical_product,missing_from_kg,,0,0
CAND-0714,not_on_gross_list,,,,Boss,Boss DS-1,Guitar effects,not_in_kg,,reserve,New in Prompt 04 music-vertical overlay (user_authoritative_addition).,,55,low,,,1,"lexical median 453 DKK (p25 317 / p75 971, n=83)","contamination 1% (1 intent, 0 copy/reference)",Distortion.,"brand in KG, product missing",Distortion.,Supply or contamination drift.,lexical_title_evidence_only,user_authoritative_addition,matchable_canonical_product,partial_family_multiple_kg_rows,,83,0
CAND-0715,not_on_gross_list,,,,Boss,Boss SD-1,Guitar effects,not_in_kg,,excluded,New in Prompt 04 music-vertical overlay (user_authoritative_addition).,,44,low,,,1,"lexical median 165 DKK (p25 158 / p75 5249, n=12)","contamination 0% (0 intent, 0 copy/reference)",Super Overdrive.,"brand in KG, product missing",Super Overdrive.,"Create the KG product, then convert lexical evidence into matcher proposals.",lexical_title_evidence_only,user_authoritative_addition,matchable_canonical_product,missing_from_kg,,12,0
CAND-0716,not_on_gross_list,,,,Electro-Harmonix,EHX Deluxe Memory Man (vintage MN3005),Guitar effects,not_in_kg,,excluded,New in Prompt 04 music-vertical overlay (user_authoritative_addition).,,37,low,,,0,,,Vintage big-box; highest value.,brand AND product missing from KG,Vintage big-box; highest value.,"Create the KG product, then convert lexical evidence into matcher proposals.",lexical_title_evidence_only,user_authoritative_addition,matchable_canonical_product,missing_from_kg,,0,0
CAND-0717,not_on_gross_list,,,,Electro-Harmonix,EHX Deluxe Memory Man XO,Guitar effects,not_in_kg,,excluded,New in Prompt 04 music-vertical overlay (user_authoritative_addition).,,30,low,,,0,,,XO reissue.,brand AND product missing from KG,XO reissue.,"Create the KG product, then convert lexical evidence into matcher proposals.",lexical_title_evidence_only,user_authoritative_addition,matchable_canonical_product,missing_from_kg,,0,0
CAND-0718,not_on_gross_list,,,,Electro-Harmonix,EHX Deluxe Memory Man 550-TT,Guitar effects,not_in_kg,,excluded,New in Prompt 04 music-vertical overlay (user_authoritative_addition).,,30,low,,,0,,,Tap tempo 550ms.,brand AND product missing from KG,Tap tempo 550ms.,"Create the KG product, then convert lexical evidence into matcher proposals.",lexical_title_evidence_only,user_authoritative_addition,matchable_canonical_product,missing_from_kg,,0,0
CAND-0719,not_on_gross_list,,,,Electro-Harmonix,EHX Deluxe Memory Man 1100-TT,Guitar effects,not_in_kg,,excluded,New in Prompt 04 music-vertical overlay (user_authoritative_addition).,,30,low,,,0,,,Tap tempo 1100ms.,brand AND product missing from KG,Tap tempo 1100ms.,"Create the KG product, then convert lexical evidence into matcher proposals.",lexical_title_evidence_only,user_authoritative_addition,matchable_canonical_product,missing_from_kg,,0,0
CAND-0720,not_on_gross_list,,,,Electro-Harmonix,EHX Memory Man Nano,Guitar effects,not_in_kg,,excluded,New in Prompt 04 music-vertical overlay (user_authoritative_addition).,,28,low,,,0,,,Nano format.,brand AND product missing from KG,Nano format.,"Create the KG product, then convert lexical evidence into matcher proposals.",lexical_title_evidence_only,user_authoritative_addition,matchable_canonical_product,missing_from_kg,,0,0
CAND-0721,not_on_gross_list,,,,Tokai,Tokai Springy Sound,Electric guitars,not_in_kg,,excluded,New in Prompt 04 music-vertical overlay (user_authoritative_addition).,,46,low,,,1,"lexical median 4900 DKK (p25 4900 / p75 4900, n=1)","contamination 0% (0 intent, 0 copy/reference)",Strat-type lawsuit era.,brand AND product missing from KG,Strat-type lawsuit era.,"Create the KG product, then convert lexical evidence into matcher proposals.",lexical_title_evidence_only,user_authoritative_addition,matchable_canonical_product,missing_from_kg,external_brand_token,1,1
CAND-0722,not_on_gross_list,,,,Tokai,Tokai Breezy Sound,Electric guitars,not_in_kg,,excluded,New in Prompt 04 music-vertical overlay (user_authoritative_addition).,,33,low,,,0,,,Tele-type lawsuit era.,brand AND product missing from KG,Tele-type lawsuit era.,"Create the KG product, then convert lexical evidence into matcher proposals.",lexical_title_evidence_only,user_authoritative_addition,matchable_canonical_product,missing_from_kg,external_brand_token,0,0
CAND-0723,not_on_gross_list,,,,Tokai,Tokai Love Rock,Electric guitars,not_in_kg,,excluded,New in Prompt 04 music-vertical overlay (user_authoritative_addition).,,34,low,,,0,,,LP-type.,brand AND product missing from KG,LP-type.,"Create the KG product, then convert lexical evidence into matcher proposals.",lexical_title_evidence_only,user_authoritative_addition,matchable_canonical_product,missing_from_kg,external_brand_token,0,0
CAND-0724,not_on_gross_list,,,,Tokai,Tokai ES models,Electric guitars,not_in_kg,,discovery_only,New in Prompt 04 music-vertical overlay (user_authoritative_addition).,,17,low,,,0,,,DISCOVERY: exact ES model numbers unresolved.,brand AND product missing from KG,DISCOVERY: exact ES model numbers unresolved.,"Create the KG product, then convert lexical evidence into matcher proposals.",lexical_title_evidence_only,user_authoritative_addition,discovery_only,missing_from_kg,external_brand_token,0,0
CAND-0725,not_on_gross_list,,,,Greco,Greco Spacey Sound,Electric guitars,not_in_kg,,excluded,New in Prompt 04 music-vertical overlay (user_authoritative_addition).,,33,low,,,0,,,Tele-type.,brand AND product missing from KG,Tele-type.,"Create the KG product, then convert lexical evidence into matcher proposals.",lexical_title_evidence_only,user_authoritative_addition,matchable_canonical_product,missing_from_kg,external_brand_token,0,0
CAND-0726,not_on_gross_list,,,,Greco,Greco Super Real,Electric guitars,not_in_kg,,excluded,New in Prompt 04 music-vertical overlay (user_authoritative_addition).,,32,low,,,0,,,Series designation.,brand AND product missing from KG,Series designation.,"Create the KG product, then convert lexical evidence into matcher proposals.",lexical_title_evidence_only,user_authoritative_addition,matchable_canonical_product,missing_from_kg,external_brand_token,0,0
CAND-0727,not_on_gross_list,,,,Greco,Greco Mint Collection,Electric guitars,not_in_kg,,excluded,New in Prompt 04 music-vertical overlay (user_authoritative_addition).,,30,low,,,0,,,Series designation.,brand AND product missing from KG,Series designation.,"Create the KG product, then convert lexical evidence into matcher proposals.",lexical_title_evidence_only,user_authoritative_addition,matchable_canonical_product,missing_from_kg,external_brand_token,0,0
CAND-0728,not_on_gross_list,,,,Greco,Greco SA models,Electric guitars,not_in_kg,,discovery_only,New in Prompt 04 music-vertical overlay (user_authoritative_addition).,,17,low,,,0,,,DISCOVERY: exact SA model numbers unresolved.,brand AND product missing from KG,DISCOVERY: exact SA model numbers unresolved.,"Create the KG product, then convert lexical evidence into matcher proposals.",lexical_title_evidence_only,user_authoritative_addition,discovery_only,missing_from_kg,external_brand_token,0,0
CAND-0729,not_on_gross_list,,,,Burny,Burny Super Grade,Electric guitars,not_in_kg,,excluded,New in Prompt 04 music-vertical overlay (user_authoritative_addition).,,32,low,,,0,,,LP-type Super Grade.,brand AND product missing from KG,LP-type Super Grade.,"Create the KG product, then convert lexical evidence into matcher proposals.",lexical_title_evidence_only,user_authoritative_addition,matchable_canonical_product,missing_from_kg,external_brand_token,0,0
CAND-0730,not_on_gross_list,,,,Fernandes,Fernandes The Function,Electric guitars,not_in_kg,,excluded,New in Prompt 04 music-vertical overlay (user_authoritative_addition).,,28,low,,,0,,,Named series.,brand AND product missing from KG,Named series.,"Create the KG product, then convert lexical evidence into matcher proposals.",lexical_title_evidence_only,user_authoritative_addition,matchable_canonical_product,missing_from_kg,,0,0
CAND-0731,not_on_gross_list,,,,Fernandes,Fernandes Revival Series,Electric guitars,not_in_kg,,discovery_only,New in Prompt 04 music-vertical overlay (user_authoritative_addition).,,17,low,,,0,,,DISCOVERY: exact Revival models unresolved.,brand AND product missing from KG,DISCOVERY: exact Revival models unresolved.,"Create the KG product, then convert lexical evidence into matcher proposals.",lexical_title_evidence_only,user_authoritative_addition,discovery_only,missing_from_kg,,0,0
CAND-0732,not_on_gross_list,,,,Nash,Nash S-Model,Electric guitars,not_in_kg,,excluded,New in Prompt 04 music-vertical overlay (user_authoritative_addition).,,30,low,,,0,,,Relic S-type.,brand AND product missing from KG,Relic S-type.,"Create the KG product, then convert lexical evidence into matcher proposals.",lexical_title_evidence_only,user_authoritative_addition,matchable_canonical_product,missing_from_kg,,0,0
CAND-0733,not_on_gross_list,,,,Nash,Nash T-Model,Electric guitars,not_in_kg,,excluded,New in Prompt 04 music-vertical overlay (user_authoritative_addition).,,30,low,,,0,,,Relic T-type.,brand AND product missing from KG,Relic T-type.,"Create the KG product, then convert lexical evidence into matcher proposals.",lexical_title_evidence_only,user_authoritative_addition,matchable_canonical_product,missing_from_kg,,0,0
CAND-0734,not_on_gross_list,,,,Nash,Nash J-Model,Electric guitars,not_in_kg,,excluded,New in Prompt 04 music-vertical overlay (user_authoritative_addition).,,30,low,,,0,,,Relic J-Bass type.,brand AND product missing from KG,Relic J-Bass type.,"Create the KG product, then convert lexical evidence into matcher proposals.",lexical_title_evidence_only,user_authoritative_addition,matchable_canonical_product,missing_from_kg,,0,0
CAND-0735,not_on_gross_list,,,,Nash,Nash PB-Model,Electric guitars,not_in_kg,,excluded,New in Prompt 04 music-vertical overlay (user_authoritative_addition).,,30,low,,,0,,,Relic P-Bass type.,brand AND product missing from KG,Relic P-Bass type.,"Create the KG product, then convert lexical evidence into matcher proposals.",lexical_title_evidence_only,user_authoritative_addition,matchable_canonical_product,missing_from_kg,,0,0
CAND-0736,not_on_gross_list,,,,Suhr,Suhr Classic S,Electric guitars,not_in_kg,,excluded,New in Prompt 04 music-vertical overlay (user_authoritative_addition).,,32,low,,,0,,,S-type boutique.,brand AND product missing from KG,S-type boutique.,"Create the KG product, then convert lexical evidence into matcher proposals.",lexical_title_evidence_only,user_authoritative_addition,matchable_canonical_product,missing_from_kg,,0,0
CAND-0737,not_on_gross_list,,,,Suhr,Suhr Classic T,Electric guitars,not_in_kg,,excluded,New in Prompt 04 music-vertical overlay (user_authoritative_addition).,,32,low,,,0,,,T-type boutique.,brand AND product missing from KG,T-type boutique.,"Create the KG product, then convert lexical evidence into matcher proposals.",lexical_title_evidence_only,user_authoritative_addition,matchable_canonical_product,missing_from_kg,,0,0
CAND-0738,not_on_gross_list,,,,Heritage,Heritage H-150,Electric guitars,not_in_kg,,excluded,New in Prompt 04 music-vertical overlay (user_authoritative_addition).,,32,low,,,0,,,LP-type.,brand AND product missing from KG,LP-type.,"Create the KG product, then convert lexical evidence into matcher proposals.",lexical_title_evidence_only,user_authoritative_addition,matchable_canonical_product,missing_from_kg,,0,0
CAND-0739,not_on_gross_list,,,,Heritage,Heritage H-535,Electric guitars,not_in_kg,,excluded,New in Prompt 04 music-vertical overlay (user_authoritative_addition).,,32,low,,,0,,,335-type.,brand AND product missing from KG,335-type.,"Create the KG product, then convert lexical evidence into matcher proposals.",lexical_title_evidence_only,user_authoritative_addition,matchable_canonical_product,missing_from_kg,,0,0
CAND-0740,not_on_gross_list,,,,Eastman,Eastman SB59,Electric guitars,not_in_kg,,excluded,New in Prompt 04 music-vertical overlay (user_authoritative_addition).,,31,low,,,0,,,LP-type.,brand AND product missing from KG,LP-type.,"Create the KG product, then convert lexical evidence into matcher proposals.",lexical_title_evidence_only,user_authoritative_addition,matchable_canonical_product,missing_from_kg,,0,0
CAND-0741,not_on_gross_list,,,,Eastman,Eastman AR models,Electric guitars,not_in_kg,,discovery_only,New in Prompt 04 music-vertical overlay (user_authoritative_addition).,,17,low,,,0,,,DISCOVERY: exact AR model numbers unresolved.,brand AND product missing from KG,DISCOVERY: exact AR model numbers unresolved.,"Create the KG product, then convert lexical evidence into matcher proposals.",lexical_title_evidence_only,user_authoritative_addition,discovery_only,missing_from_kg,,0,0
CAND-0742,not_on_gross_list,,,,Takamine,Takamine F-360S,Acoustic guitars,not_in_kg,,excluded,New in Prompt 04 music-vertical overlay (user_authoritative_addition).,,30,low,,,0,,,Lawsuit-era; year evidence required.,brand AND product missing from KG,Lawsuit-era; year evidence required.,"Create the KG product, then convert lexical evidence into matcher proposals.",lexical_title_evidence_only,user_authoritative_addition,matchable_canonical_product,missing_from_kg,,0,0
CAND-0743,not_on_gross_list,,,,Hansen,Hansen (brand discovery),Electric guitars,not_in_kg,,discovery_only,New in Prompt 04 music-vertical overlay (user_authoritative_addition).,,17,low,,,0,,,DISCOVERY: no product/model identity established.,"brand in KG, product missing",DISCOVERY: no product/model identity established.,"Create the KG product, then convert lexical evidence into matcher proposals.",lexical_title_evidence_only,user_authoritative_addition,discovery_only,missing_from_kg,,0,0
CAND-0744,not_on_gross_list,,83ef96d8-49a1-46c4-aca3-d910025be38e,fender-fender-fender-player-ii-mustang-pj-bass-coral-red,Fender,Fender Mustang,Electric guitars,standard/qa_only,,excluded,New in Prompt 04 music-vertical overlay (assistant_obvious_challenger).,,48,low,0,0,3,"lexical median 5506 DKK (p25 2340 / p75 9303, n=6)","contamination 0% (0 intent, 0 copy/reference)",Short scale; excludes Mustang Bass.,KG product exists,Short scale; excludes Mustang Bass.,Supply or contamination drift.,lexical_title_evidence_only,assistant_obvious_challenger,matchable_canonical_product,exact_kg_product,,6,2
CAND-0745,not_on_gross_list,,,,Gibson,Gibson Firebird,Electric guitars,not_in_kg,,excluded,New in Prompt 04 music-vertical overlay (assistant_obvious_challenger).,,45,low,,,3,"lexical median 820 DKK (p25 194 / p75 14500, n=3)","contamination 0% (0 intent, 0 copy/reference)",Distinct body.,"brand in KG, product missing",Distinct body.,"Create the KG product, then convert lexical evidence into matcher proposals.",lexical_title_evidence_only,assistant_obvious_challenger,matchable_canonical_product,missing_from_kg,,3,2
CAND-0746,not_on_gross_list,,,,Gibson,Gibson Explorer,Electric guitars,not_in_kg,,excluded,New in Prompt 04 music-vertical overlay (assistant_obvious_challenger).,,40,low,,,1,"lexical median 97171 DKK (p25 486 / p75 97171, n=2)","contamination 33% (1 intent, 0 copy/reference)",Distinct body.,"brand in KG, product missing",Distinct body.,"Create the KG product, then convert lexical evidence into matcher proposals.",lexical_title_evidence_only,assistant_obvious_challenger,matchable_canonical_product,missing_from_kg,,2,0
CAND-0747,not_on_gross_list,,,,Gibson,Gibson Flying V,Electric guitars,not_in_kg,,excluded,New in Prompt 04 music-vertical overlay (assistant_obvious_challenger).,,48,low,,,1,"lexical median 468 DKK (p25 468 / p75 486, n=4)","contamination 0% (0 intent, 0 copy/reference)",Distinct body.,"brand in KG, product missing",Distinct body.,"Create the KG product, then convert lexical evidence into matcher proposals.",lexical_title_evidence_only,assistant_obvious_challenger,matchable_canonical_product,missing_from_kg,,4,0
CAND-0748,not_on_gross_list,,,,Epiphone,Epiphone Casino,Electric guitars,not_in_kg,,excluded,New in Prompt 04 music-vertical overlay (assistant_obvious_challenger).,,36,low,,,0,,,Hollow P-90; own brand.,"brand in KG, product missing",Hollow P-90; own brand.,"Create the KG product, then convert lexical evidence into matcher proposals.",lexical_title_evidence_only,assistant_obvious_challenger,matchable_canonical_product,missing_from_kg,,0,0
CAND-0749,not_on_gross_list,,,,Gretsch,Gretsch Duo Jet,Electric guitars,not_in_kg,,excluded,New in Prompt 04 music-vertical overlay (assistant_obvious_challenger).,,35,low,,,0,,,Solid/chambered.,brand AND product missing from KG,Solid/chambered.,"Create the KG product, then convert lexical evidence into matcher proposals.",lexical_title_evidence_only,assistant_obvious_challenger,matchable_canonical_product,missing_from_kg,,0,0
CAND-0750,not_on_gross_list,,,,Gretsch,Gretsch Country Gentleman,Electric guitars,not_in_kg,,excluded,New in Prompt 04 music-vertical overlay (assistant_obvious_challenger).,,35,low,,,0,,,Large hollow.,brand AND product missing from KG,Large hollow.,"Create the KG product, then convert lexical evidence into matcher proposals.",lexical_title_evidence_only,assistant_obvious_challenger,matchable_canonical_product,missing_from_kg,,0,0
CAND-0751,not_on_gross_list,,,,Yamaha,Yamaha SG-2000,Electric guitars,not_in_kg,,excluded,New in Prompt 04 music-vertical overlay (assistant_obvious_challenger).,,36,low,,,0,,,Vintage Japan flagship.,"brand in KG, product missing",Vintage Japan flagship.,"Create the KG product, then convert lexical evidence into matcher proposals.",lexical_title_evidence_only,assistant_obvious_challenger,matchable_canonical_product,missing_from_kg,,0,0
CAND-0752,not_on_gross_list,,9493f297-b121-4d97-8e3b-f4a0b48797c5,fender-mustang-bass,Fender,Fender Mustang Bass,Bass guitars,not_in_kg,,core,New in Prompt 04 music-vertical overlay (assistant_obvious_challenger). Prompt 04A: reclassified from partial_family_multiple_kg_rows to exact_kg_product — the family regex also matched listing-title pollution rows; the canonical identity was never ambiguous. Survivor selected on evidence: fender-mustang-bass. No consolidation required.,47,60,low,,,2,"lexical median 11984 DKK (p25 5772 / p75 17815, n=74)","contamination 12% (10 intent, 0 copy/reference)",Short scale bass.,KG product exists (canonical row selected from a polluted family),Short scale bass.,Supply or contamination drift.,lexical_title_evidence_only,assistant_obvious_challenger,matchable_canonical_product,exact_kg_product,,74,1
CAND-0753,not_on_gross_list,,,,Gibson,Gibson Thunderbird,Bass guitars,not_in_kg,,reserve,New in Prompt 04 music-vertical overlay (assistant_obvious_challenger).,,50,low,,,1,"lexical median 30000 DKK (p25 30000 / p75 30000, n=1)","contamination 0% (0 intent, 0 copy/reference)",Neck-through bass.,"brand in KG, product missing",Neck-through bass.,"Create the KG product, then convert lexical evidence into matcher proposals.",lexical_title_evidence_only,assistant_obvious_challenger,matchable_canonical_product,missing_from_kg,,1,1
CAND-0754,not_on_gross_list,,e4d3b8a1-613c-475d-ab2c-16c965278bba,gibson-sj-200-original,Gibson,Gibson SJ-200,Acoustic guitars,not_in_kg,,core,New in Prompt 04 music-vertical overlay (assistant_obvious_challenger). Prompt 04A: reclassified from partial_family_multiple_kg_rows to exact_kg_product — the family regex also matched listing-title pollution rows; the canonical identity was never ambiguous. Survivor selected on evidence: gibson-sj-200-original. No consolidation required.,14,74,low,,,1,"lexical median 36919 DKK (p25 27849 / p75 38862, n=268)","contamination 0% (1 intent, 0 copy/reference)",Flagship jumbo.,KG product exists (canonical row selected from a polluted family),Flagship jumbo.,Supply or contamination drift.,lexical_title_evidence_only,assistant_obvious_challenger,matchable_canonical_product,exact_kg_product,,268,0
CAND-0755,not_on_gross_list,,,,Guild,Guild D-55,Acoustic guitars,not_in_kg,,excluded,New in Prompt 04 music-vertical overlay (assistant_obvious_challenger).,,34,low,,,0,,,Flagship dreadnought.,brand AND product missing from KG,Flagship dreadnought.,"Create the KG product, then convert lexical evidence into matcher proposals.",lexical_title_evidence_only,assistant_obvious_challenger,matchable_canonical_product,missing_from_kg,,0,0
CAND-0756,not_on_gross_list,,,,Taylor,Taylor 814ce,Acoustic guitars,not_in_kg,,excluded,New in Prompt 04 music-vertical overlay (assistant_obvious_challenger).,,33,low,,,0,,,Flagship GA.,brand AND product missing from KG,Flagship GA.,"Create the KG product, then convert lexical evidence into matcher proposals.",lexical_title_evidence_only,assistant_obvious_challenger,matchable_canonical_product,missing_from_kg,,0,0
CAND-0757,not_on_gross_list,,,,Boss,Boss CE-1,Guitar effects,not_in_kg,,excluded,New in Prompt 04 music-vertical overlay (assistant_obvious_challenger).,,48,low,,,1,"lexical median 9717 DKK (p25 9717 / p75 9717, n=1)","contamination 0% (0 intent, 0 copy/reference)",Chorus Ensemble; vintage.,"brand in KG, product missing",Chorus Ensemble; vintage.,"Create the KG product, then convert lexical evidence into matcher proposals.",lexical_title_evidence_only,assistant_obvious_challenger,matchable_canonical_product,missing_from_kg,,1,0
CAND-0758,not_on_gross_list,,,,Boss,Boss DM-2,Guitar effects,not_in_kg,,excluded,New in Prompt 04 music-vertical overlay (assistant_obvious_challenger).,,34,low,,,0,,,Analog delay; vintage.,"brand in KG, product missing",Analog delay; vintage.,"Create the KG product, then convert lexical evidence into matcher proposals.",lexical_title_evidence_only,assistant_obvious_challenger,matchable_canonical_product,missing_from_kg,,0,0
CAND-0759,not_on_gross_list,,,,Boss,Boss DM-2W,Guitar effects,not_in_kg,,excluded,New in Prompt 04 music-vertical overlay (assistant_obvious_challenger).,,31,low,,,0,,,Waza Craft reissue.,"brand in KG, product missing",Waza Craft reissue.,"Create the KG product, then convert lexical evidence into matcher proposals.",lexical_title_evidence_only,assistant_obvious_challenger,matchable_canonical_product,missing_from_kg,,0,0
CAND-0760,not_on_gross_list,,,,Boss,Boss OD-1,Guitar effects,not_in_kg,,excluded,New in Prompt 04 music-vertical overlay (assistant_obvious_challenger).,,35,low,,,0,,,Overdrive; vintage.,"brand in KG, product missing",Overdrive; vintage.,"Create the KG product, then convert lexical evidence into matcher proposals.",lexical_title_evidence_only,assistant_obvious_challenger,matchable_canonical_product,missing_from_kg,,0,0
CAND-0761,not_on_gross_list,,9b4aeeb4-2fc8-47fd-ae88-319220756c94,boss-boss-boss-hm-2-heavy-metal-pedal--black-label-made-in-japan-1985-w-box--serial-no-573600-1985,Boss,Boss HM-2,Guitar effects,standard/qa_only,,excluded,New in Prompt 04 music-vertical overlay (assistant_obvious_challenger).,,46,low,0,0,1,"lexical median 162 DKK (p25 158 / p75 165, n=9)","contamination 0% (0 intent, 0 copy/reference)",Swedish death metal chainsaw.,KG product exists,Swedish death metal chainsaw.,Supply or contamination drift.,lexical_title_evidence_only,assistant_obvious_challenger,matchable_canonical_product,exact_kg_product,,9,0
CAND-0762,not_on_gross_list,,,,Boss,Boss BD-2,Guitar effects,not_in_kg,,excluded,New in Prompt 04 music-vertical overlay (assistant_obvious_challenger).,,41,low,,,1,"lexical median 155 DKK (p25 142 / p75 158, n=3)","contamination 0% (0 intent, 0 copy/reference)",Blues Driver.,"brand in KG, product missing",Blues Driver.,"Create the KG product, then convert lexical evidence into matcher proposals.",lexical_title_evidence_only,assistant_obvious_challenger,matchable_canonical_product,missing_from_kg,,3,0
CAND-0763,not_on_gross_list,,,,Electro-Harmonix,EHX Big Muff Pi Triangle,Guitar effects,not_in_kg,,excluded,New in Prompt 04 music-vertical overlay (assistant_obvious_challenger).,,36,low,,,0,,,V1 Triangle.,brand AND product missing from KG,V1 Triangle.,"Create the KG product, then convert lexical evidence into matcher proposals.",lexical_title_evidence_only,assistant_obvious_challenger,matchable_canonical_product,missing_from_kg,,0,0
CAND-0764,not_on_gross_list,,,,Electro-Harmonix,EHX Big Muff Pi Ram's Head,Guitar effects,not_in_kg,,excluded,New in Prompt 04 music-vertical overlay (assistant_obvious_challenger).,,36,low,,,0,,,V2.,brand AND product missing from KG,V2.,"Create the KG product, then convert lexical evidence into matcher proposals.",lexical_title_evidence_only,assistant_obvious_challenger,matchable_canonical_product,missing_from_kg,,0,0
CAND-0765,not_on_gross_list,,,,Electro-Harmonix,EHX Big Muff Pi Russian,Guitar effects,not_in_kg,,excluded,New in Prompt 04 music-vertical overlay (assistant_obvious_challenger).,,34,low,,,0,,,Sovtek era.,brand AND product missing from KG,Sovtek era.,"Create the KG product, then convert lexical evidence into matcher proposals.",lexical_title_evidence_only,assistant_obvious_challenger,matchable_canonical_product,missing_from_kg,,0,0
CAND-0766,not_on_gross_list,,,,Electro-Harmonix,EHX Big Muff Pi Op-Amp,Guitar effects,not_in_kg,,excluded,New in Prompt 04 music-vertical overlay (assistant_obvious_challenger).,,35,low,,,0,,,V4 IC version.,brand AND product missing from KG,V4 IC version.,"Create the KG product, then convert lexical evidence into matcher proposals.",lexical_title_evidence_only,assistant_obvious_challenger,matchable_canonical_product,missing_from_kg,,0,0
CAND-0767,not_on_gross_list,,,,Electro-Harmonix,EHX Big Muff Pi (current),Guitar effects,not_in_kg,,excluded,New in Prompt 04 music-vertical overlay (assistant_obvious_challenger).,,30,low,,,0,,,Current production baseline.,brand AND product missing from KG,Current production baseline.,"Create the KG product, then convert lexical evidence into matcher proposals.",lexical_title_evidence_only,assistant_obvious_challenger,matchable_canonical_product,missing_from_kg,,0,0
CAND-0768,not_on_gross_list,,,,Ibanez,Ibanez TS808,Guitar effects,not_in_kg,,excluded,New in Prompt 04 music-vertical overlay (assistant_obvious_challenger).,,37,low,,,0,,,Original/reissue split pending.,"brand in KG, product missing",Original/reissue split pending.,"Create the KG product, then convert lexical evidence into matcher proposals.",lexical_title_evidence_only,assistant_obvious_challenger,matchable_canonical_product,missing_from_kg,,0,0
CAND-0769,not_on_gross_list,,,,Ibanez,Ibanez TS9,Guitar effects,not_in_kg,,excluded,New in Prompt 04 music-vertical overlay (assistant_obvious_challenger).,,35,low,,,0,,,Distinct circuit.,"brand in KG, product missing",Distinct circuit.,"Create the KG product, then convert lexical evidence into matcher proposals.",lexical_title_evidence_only,assistant_obvious_challenger,matchable_canonical_product,missing_from_kg,,0,0
CAND-0770,not_on_gross_list,,,,Pro Co,Pro Co RAT / RAT2,Guitar effects,not_in_kg,,excluded,New in Prompt 04 music-vertical overlay (assistant_obvious_challenger).,,34,low,,,0,,,Vintage variants only where reliable.,brand AND product missing from KG,Vintage variants only where reliable.,"Create the KG product, then convert lexical evidence into matcher proposals.",lexical_title_evidence_only,assistant_obvious_challenger,matchable_canonical_product,missing_from_kg,,0,0
CAND-0771,not_on_gross_list,,,,Klon,Klon Centaur,Guitar effects,not_in_kg,,excluded,New in Prompt 04 music-vertical overlay (assistant_obvious_challenger).,,40,low,,,0,,,Extreme value; boutique.,brand AND product missing from KG,Extreme value; boutique.,"Create the KG product, then convert lexical evidence into matcher proposals.",lexical_title_evidence_only,assistant_obvious_challenger,matchable_canonical_product,missing_from_kg,,0,0
CAND-0772,not_on_gross_list,,,,Klon,Klon KTR,Guitar effects,not_in_kg,,excluded,New in Prompt 04 music-vertical overlay (assistant_obvious_challenger).,,34,low,,,0,,,Production version; separate price.,brand AND product missing from KG,Production version; separate price.,"Create the KG product, then convert lexical evidence into matcher proposals.",lexical_title_evidence_only,assistant_obvious_challenger,matchable_canonical_product,missing_from_kg,,0,0
CAND-0773,not_on_gross_list,,,,MXR,MXR Phase 90,Guitar effects,not_in_kg,,excluded,New in Prompt 04 music-vertical overlay (assistant_obvious_challenger).,,32,low,,,0,,,Vintage/reissue split where evidence supports.,brand AND product missing from KG,Vintage/reissue split where evidence supports.,"Create the KG product, then convert lexical evidence into matcher proposals.",lexical_title_evidence_only,assistant_obvious_challenger,matchable_canonical_product,missing_from_kg,,0,0
CAND-0774,not_on_gross_list,,f0bf6aa4-4c4b-46e2-92da-d886110b4c53,strymon-timeline,Strymon,Strymon TimeLine,Guitar effects,classic/public,,reserve,New in Prompt 04 music-vertical overlay (assistant_obvious_challenger).,,67,medium,4,46,1,"lexical median 2909 DKK (p25 2464 / p75 3190, n=50)","contamination 0% (0 intent, 0 copy/reference)",Liquidity challenger.,KG product exists,Liquidity challenger.,Supply or contamination drift.,kg_trusted+kg_dryrun,assistant_obvious_challenger,matchable_canonical_product,exact_kg_product,,50,0
CAND-0775,not_on_gross_list,,,,Fender,Fender Deluxe Reverb (vintage),Amplifiers,not_in_kg,,excluded,New in Prompt 04 music-vertical overlay (assistant_obvious_challenger).,,43,low,,,1,,"contamination 0% (0 intent, 0 copy/reference)",Blackface/silverface vintage.,"brand in KG, product missing",Blackface/silverface vintage.,"Create the KG product, then convert lexical evidence into matcher proposals.",lexical_title_evidence_only,assistant_obvious_challenger,matchable_canonical_product,missing_from_kg,,1,1
CAND-0776,not_on_gross_list,,,,Fender,Fender '65 Deluxe Reverb Reissue,Amplifiers,not_in_kg,,excluded,New in Prompt 04 music-vertical overlay (assistant_obvious_challenger).,,37,low,,,0,,,Reissue line.,"brand in KG, product missing",Reissue line.,"Create the KG product, then convert lexical evidence into matcher proposals.",lexical_title_evidence_only,assistant_obvious_challenger,matchable_canonical_product,missing_from_kg,,0,0
CAND-0777,not_on_gross_list,,,,Fender,Fender '68 Custom Deluxe Reverb,Amplifiers,not_in_kg,,excluded,New in Prompt 04 music-vertical overlay (assistant_obvious_challenger).,,35,low,,,0,,,Custom line.,"brand in KG, product missing",Custom line.,"Create the KG product, then convert lexical evidence into matcher proposals.",lexical_title_evidence_only,assistant_obvious_challenger,matchable_canonical_product,missing_from_kg,,0,0
CAND-0778,not_on_gross_list,,,,Fender,Fender Tone Master Deluxe Reverb,Amplifiers,not_in_kg,,excluded,New in Prompt 04 music-vertical overlay (assistant_obvious_challenger).,,32,low,,,0,,,Digital; separate market.,"brand in KG, product missing",Digital; separate market.,"Create the KG product, then convert lexical evidence into matcher proposals.",lexical_title_evidence_only,assistant_obvious_challenger,matchable_canonical_product,missing_from_kg,,0,0
CAND-0779,not_on_gross_list,,,,Fender,Fender Princeton Reverb (vintage),Amplifiers,not_in_kg,,excluded,New in Prompt 04 music-vertical overlay (assistant_obvious_challenger).,,37,low,,,0,,,Vintage.,"brand in KG, product missing",Vintage.,"Create the KG product, then convert lexical evidence into matcher proposals.",lexical_title_evidence_only,assistant_obvious_challenger,matchable_canonical_product,missing_from_kg,,0,0
CAND-0780,not_on_gross_list,,,,Fender,Fender '65 Princeton Reverb Reissue,Amplifiers,not_in_kg,,excluded,New in Prompt 04 music-vertical overlay (assistant_obvious_challenger).,,23,low,,,0,,,Reissue.,"brand in KG, product missing",Reissue.,"Create the KG product, then convert lexical evidence into matcher proposals.",lexical_title_evidence_only,assistant_obvious_challenger,matchable_canonical_product,missing_from_kg,,0,0
CAND-0781,not_on_gross_list,,,,Fender,Fender Tone Master Princeton Reverb,Amplifiers,not_in_kg,,excluded,New in Prompt 04 music-vertical overlay (assistant_obvious_challenger).,,23,low,,,0,,,Digital.,"brand in KG, product missing",Digital.,"Create the KG product, then convert lexical evidence into matcher proposals.",lexical_title_evidence_only,assistant_obvious_challenger,matchable_canonical_product,missing_from_kg,,0,0
CAND-0782,not_on_gross_list,,,,Fender,Fender Twin Reverb (vintage),Amplifiers,not_in_kg,,reserve,New in Prompt 04 music-vertical overlay (assistant_obvious_challenger).,,50,low,,,1,"lexical median 5200 DKK (p25 5200 / p75 5200, n=1)","contamination 0% (0 intent, 0 copy/reference)",Vintage.,"brand in KG, product missing",Vintage.,"Create the KG product, then convert lexical evidence into matcher proposals.",lexical_title_evidence_only,assistant_obvious_challenger,matchable_canonical_product,missing_from_kg,,1,1
CAND-0783,not_on_gross_list,,,,Fender,Fender '65 Twin Reverb Reissue,Amplifiers,not_in_kg,,excluded,New in Prompt 04 music-vertical overlay (assistant_obvious_challenger).,,23,low,,,0,,,Reissue.,"brand in KG, product missing",Reissue.,"Create the KG product, then convert lexical evidence into matcher proposals.",lexical_title_evidence_only,assistant_obvious_challenger,matchable_canonical_product,missing_from_kg,,0,0
CAND-0784,not_on_gross_list,,,,Fender,Fender Tone Master Twin Reverb,Amplifiers,not_in_kg,,excluded,New in Prompt 04 music-vertical overlay (assistant_obvious_challenger).,,23,low,,,0,,,Digital.,"brand in KG, product missing",Digital.,"Create the KG product, then convert lexical evidence into matcher proposals.",lexical_title_evidence_only,assistant_obvious_challenger,matchable_canonical_product,missing_from_kg,,0,0
CAND-0785,not_on_gross_list,,,,Marshall,Marshall JTM45,Amplifiers,not_in_kg,,excluded,New in Prompt 04 music-vertical overlay (assistant_obvious_challenger).,,39,low,,,0,,,Earliest circuit.,"brand in KG, product missing",Earliest circuit.,"Create the KG product, then convert lexical evidence into matcher proposals.",lexical_title_evidence_only,assistant_obvious_challenger,matchable_canonical_product,missing_from_kg,,0,0
CAND-0786,not_on_gross_list,,,,Marshall,Marshall Super Lead / Plexi,Amplifiers,not_in_kg,,excluded,New in Prompt 04 music-vertical overlay (assistant_obvious_challenger).,,47,low,,,1,"lexical median 2585 DKK (p25 2585 / p75 2585, n=1)","contamination 0% (0 intent, 0 copy/reference)",1959SLP family.,"brand in KG, product missing",1959SLP family.,"Create the KG product, then convert lexical evidence into matcher proposals.",lexical_title_evidence_only,assistant_obvious_challenger,matchable_canonical_product,missing_from_kg,,1,0
CAND-0787,not_on_gross_list,,,,Marshall,Marshall JCM800 2203,Amplifiers,not_in_kg,,excluded,New in Prompt 04 music-vertical overlay (assistant_obvious_challenger).,,38,low,,,0,,,Master volume 100W.,"brand in KG, product missing",Master volume 100W.,"Create the KG product, then convert lexical evidence into matcher proposals.",lexical_title_evidence_only,assistant_obvious_challenger,matchable_canonical_product,missing_from_kg,,0,0
CAND-0788,not_on_gross_list,,,,Marshall,Marshall JCM800 2204,Amplifiers,not_in_kg,,reserve,New in Prompt 04 music-vertical overlay (assistant_obvious_challenger).,,51,low,,,1,"lexical median 11337 DKK (p25 11337 / p75 11337, n=1)","contamination 0% (0 intent, 0 copy/reference)",Master volume 50W.,"brand in KG, product missing",Master volume 50W.,"Create the KG product, then convert lexical evidence into matcher proposals.",lexical_title_evidence_only,assistant_obvious_challenger,matchable_canonical_product,missing_from_kg,,1,0
CAND-0789,not_on_gross_list,,,,Vox,Vox AC30 (vintage),Amplifiers,not_in_kg,,excluded,New in Prompt 04 music-vertical overlay (assistant_obvious_challenger).,,47,low,,,1,"lexical median 9600 DKK (p25 9600 / p75 9600, n=1)","contamination 0% (0 intent, 0 copy/reference)",Vintage AC30 family.,"brand in KG, product missing",Vintage AC30 family.,"Create the KG product, then convert lexical evidence into matcher proposals.",lexical_title_evidence_only,assistant_obvious_challenger,matchable_canonical_product,missing_from_kg,,1,1
CAND-0790,not_on_gross_list,,,,Vox,Vox AC30 (modern/reissue),Amplifiers,not_in_kg,,discovery_only,New in Prompt 04 music-vertical overlay (assistant_obvious_challenger).,,17,low,,,0,,,DISCOVERY: modern sub-model boundary unreliable.,"brand in KG, product missing",DISCOVERY: modern sub-model boundary unreliable.,"Create the KG product, then convert lexical evidence into matcher proposals.",lexical_title_evidence_only,assistant_obvious_challenger,discovery_only,missing_from_kg,,0,0
CAND-0791,not_on_gross_list,,,,Mesa/Boogie,Mesa/Boogie Dual Rectifier,Amplifiers,not_in_kg,,excluded,New in Prompt 04 music-vertical overlay (assistant_obvious_challenger).,,34,low,,,0,,,High-gain reference.,brand AND product missing from KG,High-gain reference.,"Create the KG product, then convert lexical evidence into matcher proposals.",lexical_title_evidence_only,assistant_obvious_challenger,matchable_canonical_product,missing_from_kg,,0,0
CAND-0792,not_on_gross_list,,,,Mesa/Boogie,Mesa/Boogie Mark IIC+,Amplifiers,not_in_kg,,excluded,New in Prompt 04 music-vertical overlay (assistant_obvious_challenger).,,38,low,,,0,,,Collector tier.,brand AND product missing from KG,Collector tier.,"Create the KG product, then convert lexical evidence into matcher proposals.",lexical_title_evidence_only,assistant_obvious_challenger,matchable_canonical_product,missing_from_kg,,0,0
CAND-0793,not_on_gross_list,,,,Roland,Roland JC-120,Amplifiers,not_in_kg,,reserve,New in Prompt 04 music-vertical overlay (assistant_obvious_challenger).,,57,low,,,1,"lexical median 6080 DKK (p25 509 / p75 8473, n=69)","contamination 3% (2 intent, 0 copy/reference)",Jazz Chorus.,"brand in KG, product missing",Jazz Chorus.,Supply or contamination drift.,lexical_title_evidence_only,assistant_obvious_challenger,matchable_canonical_product,partial_family_multiple_kg_rows,,69,0
CAND-0794,not_on_gross_list,,,,Ampeg,Ampeg B-15,Amplifiers,not_in_kg,,excluded,New in Prompt 04 music-vertical overlay (assistant_obvious_challenger).,,36,low,,,0,,,Portaflex.,brand AND product missing from KG,Portaflex.,"Create the KG product, then convert lexical evidence into matcher proposals.",lexical_title_evidence_only,assistant_obvious_challenger,matchable_canonical_product,missing_from_kg,,0,0
CAND-0795,not_on_gross_list,,,,Ampeg,Ampeg SVT,Amplifiers,not_in_kg,,excluded,New in Prompt 04 music-vertical overlay (assistant_obvious_challenger).,,37,low,,,0,,,Reference bass head.,brand AND product missing from KG,Reference bass head.,"Create the KG product, then convert lexical evidence into matcher proposals.",lexical_title_evidence_only,assistant_obvious_challenger,matchable_canonical_product,missing_from_kg,,0,0
