match_id,product_slug,listing_title,listing_price_dkk,listing_currency,deterministic_signal,verdict,disposition,confidence,evidence,competing_slug,would_write_is_valid,would_write_rejected_reason,listing_url
"000c4e5d-5e94-49f6-98b3-f14e611880b6","fender-american-vintage-52-telecaster","Fender American Vintage '52 Telecaster 2003 Butterscotch Blonde w/ OHSC","14644","DKK","","exact","exact","94","'American Vintage '52 Telecaster' matches candidate; year/finish/case irrelevant","","true","","https://reverb.com/item/85407728-fender-american-vintage-52-telecaster-2003-butterscotch-blonde-w-ohsc"
"007d3130-ad3c-462c-afc4-fb7228053b6b","gibson-es-335-dot","Gibson ES-335 Dot - Sixties Cherry","22850","DKK","","exact","exact","93","'ES-335 Dot' with finish only","","true","","https://reverb.com/item/94174989-gibson-es-335-dot-sixties-cherry"
"00b4a9fb-1e92-4bfe-985a-61763a5abae8","fender-telecaster-thinline","(Limited) Fender Japan 2021 Limited Edition F Hole Telecaster Thinline","26092","DKK","","exact","exact","58","'Telecaster Thinline' (Fender Japan limited edition variant)","","true","","https://reverb.com/item/88146192-limited-fender-japan-2021-limited-edition-f-hole-telecaster-thinline"
"00c1028f-becd-4f08-a257-2e09f1352cc0","roland-juno-106","Roland Juno-106 61-Key Programmable Polyphonic Synthesizer 1984 - 1985 - Black","13046","DKK","","exact","exact","95","'Juno-106' polyphonic synthesizer","","true","","https://reverb.com/item/101044813-roland-juno-106-61-key-programmable-polyphonic-synthesizer-1984-1985-black"
"00c329e7-5dad-4a92-874a-4aa3a14d09b3","yamaha-dx7","Yamaha DX7 Programmable Algorithm Synthesizer 1983 - 1987 - Local Pickup Only","3900","DKK","","exact","exact","95","'Yamaha DX7' complete synthesizer","","true","","https://reverb.com/item/98105657-yamaha-dx7-programmable-algorithm-synthesizer-1983-1987-local-pickup-only"
"00ca95f5-eab1-4d3e-88d8-f1164d59bbaa","roland-sh-101","Roland SH-101 cover","508","DKK","part_or_accessory:cover","accessory","accessory","94","'SH-101 cover' — dust cover only","","false","admin_rejected","https://reverb.com/item/99574478-roland-sh-101-cover"
"00f7d7aa-f264-40f6-98e7-1be17a00db98","gibson-les-paul-special","made in Canada Gibson Les Paul Special Single Cut Elephant/blue 2026 - Elephant hide with purple/blue interior","913","DKK","","accessory","accessory","72","'made in Canada ... Elephant hide with purple/blue interior' describes a case, not a guitar","","false","admin_rejected","https://reverb.com/item/94672670-made-in-canada-gibson-les-paul-special-single-cut-elephant-blue-2026-elephant-hide-with-purple-blue-interior"
"0110d2d3-7699-4958-9491-a4e644fb5e68","gibson-es-335-dot","Gibson - Memphis ES-335 Dot Cherry AAA Figured Maple w/ PRO Headstock Repair OHSC & COA (2012) - USED","16770","DKK","","exact","exact","88","'ES-335 Dot' Memphis with repair/COA — condition only","","true","","https://reverb.com/item/99091550-gibson-memphis-es-335-dot-cherry-aaa-figured-maple-w-pro-headstock-repair-ohsc-coa-2012-used"
"011ef378-8537-43a0-86fb-a3c5ea033138","fender-american-professional-ii-stratocaster","Fender American Professional II Stratocaster HSS Maple Fingerboard Mystic Surf Green (472)","11741","DKK","","exact","exact","92","'American Professional II Stratocaster HSS' pickup config variant","","true","","https://reverb.com/item/66395527-fender-american-professional-ii-stratocaster-hss-maple-fingerboard-mystic-surf-green-472"
"01437630-5ca3-4c34-9f4e-6ec052e882ab","gibson-j-45","Gibson J 45 Standard Acoustic Electric Guitar Vintage Sunburst","19562","DKK","","exact","exact","90","'Gibson J 45 Standard' acoustic","","true","","https://reverb.com/item/100779261-gibson-j-45-standard-acoustic-electric-guitar-vintage-sunburst"
"01532ecd-84c2-45b8-877b-86ebdac314bb","roland-juno-106","Roland Juno 106","11846","EUR","","exact","exact","93","'Roland Juno 106'","","true","","https://www.kleinanzeigen.de/s-anzeige/roland-juno-106/3507820114-74-6481"
"015beed8-b067-433a-8c35-baf0ee1f55b6","gibson-les-paul-special","Gibson Les Paul Special - Vintage Cherry","11735","DKK","","exact","exact","93","'Les Paul Special' with finish only","","true","","https://reverb.com/item/32787247-gibson-les-paul-special-vintage-cherry"
"018fc610-423c-48ad-b6d3-ea878f8a8cc7","yamaha-dx7","Yamaha Dx7 data cartridges - Very Good","546","DKK","part_or_accessory:cartridges","accessory","accessory","95","'DX7 data cartridges' sold alone","","false","admin_rejected","https://reverb.com/item/100623839-yamaha-dx7-data-cartridges-very-good"
"01b2b8e7-37b7-4d67-8fef-7e4296127ae2","fender-telecaster-thinline","Fender Fender Custom Shop Limited 50’s Telecaster Thinline Journeyman Relic 2019 - Nitro journeyman relic blue","30984","DKK","","abstain","skipped","70","'Custom Shop Limited ... Journeyman Relic' Thinline — different market tier","","","","https://reverb.com/item/85522374-fender-fender-custom-shop-limited-50-s-telecaster-thinline-journeyman-relic-2019-nitro-journeyman-relic-blue"
"01eee17b-a017-479e-a2b7-53965d4eb0c7","gibson-hummingbird","Gibson Custom Shop 1960 Hummingbird Murphy Lab Light Aged Acoustic Guitar - Heritage Cherry Sunburst with Hardshell Case","35982","DKK","","abstain","skipped","70","'Custom Shop 1960 Murphy Lab' Hummingbird — different tier than factory Hummingbird","","","","https://reverb.com/item/84183121-gibson-custom-shop-1960-hummingbird-murphy-lab-light-aged-acoustic-guitar-heritage-cherry-sunburst-with-hardshell-case"
"022a4ada-0f46-45f3-8463-f7381b2d4c3b","fender-american-professional-ii-stratocaster","Fender American Professional II Stratocaster Dark Night Maple Fingerboard (940)","12002","DKK","","exact","exact","94","'American Professional II Stratocaster' finish/fingerboard only","","true","","https://reverb.com/item/91952560-fender-american-professional-ii-stratocaster-dark-night-maple-fingerboard-940"
"02513eb2-a585-447d-9e62-0bc19f1ce01f","ua-1176ln","Universal Audio 1176LN Limiting Amplifier Reissue 2001 - Present - Black","12840","DKK","","exact","exact","75","'1176LN Limiting Amplifier' current reissue production unit","","true","","https://reverb.com/item/101161511-universal-audio-1176ln-limiting-amplifier-reissue-2001-present-black"
"0265171e-ca2d-4f3e-9fb5-3c46e8d1b215","gibson-les-paul-studio","Gibson Les Paul Studio Session Honeyburst (237)","13039","DKK","","exact","exact","60","'Les Paul Studio' with finish 'Session Honeyburst'","","true","","https://reverb.com/item/98420898-gibson-les-paul-studio-session-honeyburst-237"
"0270847e-9502-45fc-bbea-8615d6824bbc","wurlitzer-200a","Wurlitzer 200A 64-Key Electric Piano 1974 - 1983 - Black","42400","DKK","","exact","exact","94","'Wurlitzer 200A' electric piano","","true","","https://reverb.com/item/101092004-wurlitzer-200a-64-key-electric-piano-1974-1983-black"
"02779ed7-ca11-4628-8809-604002e4dd97","gibson-les-paul-studio","Gibson Les Paul Studio med TKL case","5100","NOK","","exact","exact","90","'Les Paul Studio' sold with case","","true","","https://www.finn.no/recommerce/forsale/item/457229087"
"02bf227e-1bf7-4fa2-a7f3-59966291f89e","moog-minimoog","Moog Minimoog Voyager (Performer Edition) w/ Stardust Synth Cover","24140","DKK","","wrong","wrong","85","'Minimoog Voyager Performer Edition' is a different instrument from the Minimoog","","false","admin_rejected","https://reverb.com/item/101005554-moog-minimoog-voyager-performer-edition-w-stardust-synth-cover"
"02d19fcf-19a7-400d-82b7-8605d047f1be","moog-model-d","Moog 1975 Mini Moog Model D — Original Vintage — Serial #7796 1975 - wood","46950","DKK","","abstain","skipped","62","'1975 Mini Moog Model D' could be either the Model D or Minimoog row","","","","https://reverb.com/item/101015992-moog-1975-mini-moog-model-d-original-vintage-serial-7796-1975-wood"
"035b0a28-3d0c-4540-a37b-2b00c3de5517","gibson-les-paul-studio","E-Gitarre Gibson Les Paul Studio 2014 schwarz inkl. Koffer","","EUR","","exact","exact","92","'Gibson Les Paul Studio 2014' with case","","true","","https://www.kleinanzeigen.de/s-anzeige/e-gitarre-gibson-les-paul-studio-2014-schwarz-inkl-koffer/3508541377-74-17510"
"0379bd5e-5976-4878-9a2f-c6cd3fad23c9","gibson-les-paul-studio","Gibson Les Paul Studio Alpine White Gold Hardware","7500","DKK","","exact","exact","92","'Les Paul Studio' finish/hardware only","","true","","https://www.dba.dk/recommerce/forsale/item/19995294"
"037e136c-20ff-4a6a-b6c2-d7b9f9eee502","yamaha-dx7","Yamaha DX7 inkl. 2 Voice-ROMs und Flightcase, neue Batterie","5588","EUR","","exact","exact","92","'Yamaha DX7' complete unit bundled with ROMs and case","","true","","https://www.kleinanzeigen.de/s-anzeige/yamaha-dx7-inkl-2-voice-roms-und-flightcase-neue-batterie/3490016802-74-1180"
"03f3745b-eb14-4535-8ad6-bde6ddb4ba9c","gibson-les-paul-special","Gibson Les Paul Special Ebony (101)","11735","DKK","","exact","exact","92","'Gibson Les Paul Special' with finish only","","true","","https://reverb.com/item/92458490-gibson-les-paul-special-ebony-101"
"04054082-66ae-45f6-8033-230f8cc17e41","gibson-es-335-dot","Gibson ES-335 Dot 1999 - Black-Ebony","24299","DKK","","exact","exact","93","'ES-335 Dot' plus year and colour","","true","","https://reverb.com/item/94008933-gibson-es-335-dot-1999-black-ebony"
"043f46ee-83f4-4647-8fe6-1e22bc929f1b","gibson-les-paul-special","Gibson Les Paul Special P-90","10800","NOK","","exact","exact","90","'Les Paul Special P-90' names the model and its stock pickup","","true","","https://www.finn.no/recommerce/forsale/item/476531367"
"045fccec-55a3-4878-ac81-ba7f0a2ac226","roland-sh-101","SJÆLDEN BLÅ Roland SH-101 – Nyserviceret & inkl. Original Manual","7500","DKK","","exact","exact","92","'Roland SH-101' serviced, manual included","","true","","https://www.dba.dk/recommerce/forsale/item/24343824"
"04636152-03b4-4d4e-b53b-1d608a05156f","gibson-es-335-dot","Gibson ES-335 Dot 1991 - 2014 - Figured Antique Natural","26519","DKK","","exact","exact","82","'ES-335 Dot' with figured top finish description","","true","","https://reverb.com/item/100123127-gibson-es-335-dot-1991-2014-figured-antique-natural"
"047b5a4a-30cc-4203-80a5-61f2d87233f1","roland-re-201","Roland Space Echo RE-201 Wooden Tape Delay Analog Vintage Audio","","EUR","","exact","exact","94","'Space Echo RE-201' tape delay unit","","true","","https://www.kleinanzeigen.de/s-anzeige/roland-space-echo-re-201-wooden-tape-delay-analog-vintage-audio/3509152166-74-19827"
"04d49fe9-8fc6-41c7-bd10-206b90d196bb","fender-american-professional-ii-stratocaster","Fender American Professional II Stratocaster HSS Maple Fingerboard Olympic White (318)","11741","DKK","","exact","exact","93","'American Professional II Stratocaster' HSS variant, finish only","","true","","https://reverb.com/item/66395526-fender-american-professional-ii-stratocaster-hss-maple-fingerboard-olympic-white-318"
"04d8dad4-5997-4f62-9dd2-81d99d422990","neve-portico-ii-master-buss-processor","Rupert Neve Designs Portico II Master Buss Processor 2012 - Present - White","22831","DKK","","exact","exact","93","'Portico II Master Buss Processor' by Rupert Neve Designs","","true","","https://reverb.com/item/97961274-rupert-neve-designs-portico-ii-master-buss-processor-2012-present-white"
"058be36f-c405-4bf7-b553-c7d746591e8d","gibson-les-paul-studio","Gibson Les Paul Studio Guitar w/ Soft Shell Case - Blueberry Burst","10430","DKK","","exact","exact","92","'Les Paul Studio' guitar bundled with case","","true","","https://reverb.com/item/87769264-gibson-les-paul-studio-guitar-w-soft-shell-case-blueberry-burst"
"05a7e46c-442b-43fb-891e-0f5a29bcbadf","gibson-les-paul-studio","Gibson Les Paul Studio E-Gitarre mit Koffer Sunburst","","EUR","","exact","exact","92","'Les Paul Studio' E-Gitarre with case","","true","","https://www.kleinanzeigen.de/s-anzeige/gibson-les-paul-studio-e-gitarre-mit-koffer-sunburst/3500315775-74-7687"
"05cf8537-ee7a-41a1-bd34-658adf0e3845","gibson-es-335-dot","2013 Limited Edition Gibson ES-335 Dot in Gold finish with hard shell case","36155","DKK","","exact","exact","78","'Gibson ES-335 Dot' limited gold finish with case","","true","","https://reverb.com/item/91250835-2013-limited-edition-gibson-es-335-dot-in-gold-finish-with-hard-shell-case"
"05d30440-9912-46a8-b7d8-2e8f31f4de01","gibson-les-paul-studio","Gibson Les Paul Studio - 2011 Made in USA - Rot - Original Gibson","8195","EUR","","exact","exact","92","'Les Paul Studio' 2011 USA","","true","","https://www.kleinanzeigen.de/s-anzeige/gibson-les-paul-studio-2011-made-in-usa-rot-original-gibson/3499242938-74-4576"
"05d4b13f-b98b-4eef-b29a-e786d345a9cc","gibson-les-paul-studio","Gibson Les Paul Studio fra 1997","9500","DKK","","exact","exact","90","'Gibson Les Paul Studio' with year only","","true","","https://www.dba.dk/recommerce/forsale/item/24936723"
"060ae905-68c7-413a-803d-8d83f4040040","gibson-sj-200-original","Gibson SJ-200 Original Vintage Sunburst","34235","DKK","","exact","exact","93","'SJ-200 Original' plus finish","","true","","https://reverb.com/item/101401097-gibson-sj-200-original-vintage-sunburst"
"063c0ed9-7d65-4cb0-85f5-e781e8a12be4","roland-re-201","*SERVICED* - Excellent Condition, Roland RE-201 Space Echo Tape Delay / Reverb 1970s - Black","14753","DKK","","exact","exact","93","'Roland RE-201 Space Echo', serviced","","true","","https://reverb.com/item/100480650-serviced-excellent-condition-roland-re-201-space-echo-tape-delay-reverb-1970s-black"
"064c885a-9bbc-4cd1-aff4-be4ef006daaa","korg-ms-20","Korg MS-20 mini synthesizer","3000","NOK","","wrong","wrong","90","'MS-20 mini' is a different, later model","","false","admin_rejected","https://www.finn.no/recommerce/forsale/item/476515461"
"066219ac-f376-49e6-be11-150b02dc0d00","gibson-les-paul-special","Gibson Les Paul Special SL signed by Les Paul !","7175","DKK","","abstain","skipped","60","'Les Paul Special SL' is a distinct budget sub-model","","","","https://reverb.com/item/95100213-gibson-les-paul-special-sl-signed-by-les-paul"
"06a67dc7-6f54-41b9-a57c-bcfa4bd3ff14","gibson-j-45","J-45 STANDARD Vintage Sunburst Lefty + étui Gibson","18216","DKK","","exact","exact","88","'J-45 Standard' with case, left-handed","","true","","https://reverb.com/item/41029498-j-45-standard-vintage-sunburst-lefty-etui-gibson"
"06ae3f25-616f-4636-865f-b5a63b0dbea6","gibson-les-paul-custom","Gibson Les Paul Custom Shop R7 Gold Top Custom Order with a Red Back - 2011","29354","DKK","","abstain","skipped","60","'Custom Shop R7 Gold Top' reissue, not a factory Les Paul Custom","","","","https://reverb.com/item/99645413-gibson-les-paul-custom-shop-r7-gold-top-custom-order-with-a-red-back-2011"
"06cb4e2e-2eb2-45a3-a202-4386704c0969","neumann-u87ai","Neumann U 87 Ai Set with Shockmount","16401","DKK","","exact","exact","90","'U 87 Ai Set' microphone with shockmount included","","true","","https://reverb.com/item/53519949-neumann-u-87-ai-set-with-shockmount"
"06e47bb1-9546-4d04-b5ab-a0db39d40420","gibson-j-45","Gibson Original '50s J-45 Original Vintage Sunburst (Serial #21836022)","20867","DKK","","exact","exact","85","'J-45 Original' Vintage Sunburst with serial","","true","","https://reverb.com/item/100520905-gibson-original-50s-j-45-original-vintage-sunburst-serial-21836022"
"0734cb1a-e9b8-4dc1-b444-fe476d65a93b","gibson-es-335-dot","1997 Gibson ES-335 Dot Figured - Antique Natural","19562","DKK","","exact","exact","82","'ES-335 Dot Figured' antique natural","","true","","https://reverb.com/item/100628411-1997-gibson-es-335-dot-figured-antique-natural"
"074bb2b2-1714-4cfd-9cfc-7875d1af984b","roland-tr-909","Roland TR-909/ Steda SR-909 👊","37097","DKK","","abstain","skipped","55","title mixes 'TR-909' with clone 'Steda SR-909'","","","","https://reverb.com/item/92013529-roland-tr-909-steda-sr-909"
"07a88549-8e3f-4743-bca3-15d9563dc74b","roland-re-201","ROLAND RE-201 Space Echo [154861] (09/18)","9504","DKK","","exact","exact","94","'ROLAND RE-201 Space Echo'","","true","","https://reverb.com/item/101978477-roland-re-201-space-echo-154861-09-18"
"07d2e79d-1872-4ff9-8dd0-1b4635109ad4","gibson-les-paul-custom","2011 Gibson Ace Frehley Budokan 74 Les Paul Custom Aged & Signed","148993","EUR","","abstain","skipped","62","'Ace Frehley Budokan' aged/signed Custom Shop artist model","","","","https://www.kleinanzeigen.de/s-anzeige/2011-gibson-ace-frehley-budokan-74-les-paul-custom-aged-signed/3395088223-74-7584"
"07f4da15-84de-4d08-ae69-00a62eb6e12e","gibson-les-paul-studio","Gibson Les Paul Studio T 2017 Ebony + original Gibson hardcase","6000","NOK","","exact","exact","93","'Les Paul Studio T 2017' with case bundled","","true","","https://www.finn.no/recommerce/forsale/item/475647528"
"0811c377-37fc-40c5-86c1-82f79b0b6f63","gibson-les-paul-custom","No Gibson Les Paul Custom E - Gitarre","","EUR","","wrong","wrong","65","title states 'No Gibson' — a copy, not a Gibson Les Paul Custom","","false","admin_rejected","https://www.kleinanzeigen.de/s-anzeige/no-gibson-les-paul-custom-e-gitarre/3507026728-74-7613"
"08140fdb-99f2-4920-8290-2c3e3c3fd144","manley-voxbox","Manley Labs VoxBox | Recording Channel | Pro Audio LA","41243","DKK","","exact","exact","94","'Manley Labs VoxBox' recording channel","","true","","https://reverb.com/item/30297399-manley-labs-voxbox-recording-channel-pro-audio-la"
"083d212f-8f1a-4cc7-9ddd-b965539b7a16","gibson-j-45","Gibson 1942 Banner J-45 - Murphy Lab, Light Aged","42112","DKK","","abstain","skipped","70","'1942 Banner ... Murphy Lab' Custom Shop aged reissue tier","","","","https://reverb.com/item/94246612-gibson-1942-banner-j-45-murphy-lab-light-aged"
"0840f5d2-dab2-4149-b17b-513387de8952","yamaha-dx7","Yamaha DX7 II D synthesizer","4500","NOK","","wrong","wrong","72","'DX7 II D' is a distinct later model","","false","admin_rejected","https://www.finn.no/recommerce/forsale/item/475372480"
"0848f20d-8789-4175-8ea6-f5f523a435c2","gibson-j-45","Gibson J-45 Standard - Vintage Sunburst","19562","DKK","","exact","exact","93","'Gibson J-45 Standard'","","true","","https://reverb.com/item/101871579-gibson-j-45-standard-vintage-sunburst"
"08b435d8-af92-45e4-8ed8-74d0a4618db6","yamaha-dx7","Yamaha DX7 Synthesizer - einmaliges Konvolut für Sammler!","5208","EUR","","exact","exact","62","'Yamaha DX7 Synthesizer' sold as collector bundle","","true","","https://www.kleinanzeigen.de/s-anzeige/yamaha-dx7-synthesizer-einmaliges-konvolut-fuer-sammler-/3517266738-74-1581"
"08c5a1cb-33fb-4b81-8971-e2f1d09d2322","gibson-es-335-dot","1987 Gibson ES-335 DOT (w/ OHSC)","22679","DKK","","exact","exact","93","'Gibson ES-335 DOT' with case","","true","","https://reverb.com/item/92961238-1987-gibson-es-335-dot-w-ohsc"
"08eaf9d5-a8be-4920-8d6f-063fddc80484","gibson-les-paul-studio","Gibson Les Paul Studio - KH (#057)","10850","DKK","","exact","exact","88","'Gibson Les Paul Studio' plus shop stock number","","true","","https://reverb.com/item/101477508-gibson-les-paul-studio-kh-057"
"08ef9d37-66de-4b1f-a6f6-74f090892530","gibson-j-45","2025 Gibson J-45 Standard #21015110","14014","DKK","","exact","exact","93","'Gibson J-45 Standard' with serial","","true","","https://reverb.com/item/101427795-2025-gibson-j-45-standard-21015110"
"09102072-5599-45e4-a823-03cc18ccbfc5","moog-minimoog","Moog Minimoog Model D VINTAGE","70281","DKK","","exact","exact","62","'Minimoog Model D VINTAGE' indicates original Minimoog, not reissue sibling","","true","","https://reverb.com/item/99568582-moog-minimoog-model-d-vintage"
"091851aa-8127-4b91-b86a-c781322ad2d2","neumann-u87ai","Neumann U 87 AI Studio Set","13851","DKK","","exact","exact","88","'Neumann U 87 Ai Studio Set' complete mic with accessories","","true","","https://reverb.com/item/90320733-neumann-u-87-ai-studio-set"
"0927c2b0-b252-4726-84c5-7aa4c104b96c","sequential-prophet-10","Prophet-10 61-Key Synthesizer","24467","DKK","","exact","exact","88","'Prophet-10 61-Key Synthesizer'","","true","","https://reverb.com/item/87298540-prophet-10-61-key-synthesizer"
"093864ac-c589-4741-bcdb-dba57274a2ce","gibson-j-45","2023 Gibson J-45 Standard - Vintage Sunburst","15655","DKK","","exact","exact","93","'Gibson J-45 Standard'","","true","","https://reverb.com/item/100866738-2023-gibson-j-45-standard-vintage-sunburst"
"0941d11c-1f0c-4c6a-bfeb-5c8677fc17d3","sequential-prophet-10","SEQUENTIAL PROPHET 10 KEYBOARD : OPEN BOX : [DETROIT MODULAR]","25440","DKK","","exact","exact","92","'Sequential Prophet 10 keyboard' open box","","true","","https://reverb.com/item/92551954-sequential-prophet-10-keyboard-open-box-detroit-modular"
"095a1748-3ac2-41be-a0ca-8adf1183f118","korg-ms-20","Korg MS-20 Mini Synth - *GOOD!!!*","2507","DKK","","wrong","wrong","92","'MS-20 Mini' is a different product from MS-20","","false","admin_rejected","https://reverb.com/item/101972709-korg-ms-20-mini-synth-good"
"095c5181-ddd5-413b-b9f4-06a63f59902c","neumann-u87ai","Neumann U 87 Ai mt Large Diaphragm Multipattern Condenser Microphone - Matte Black","14011","DKK","","exact","exact","95","'Neumann U 87 Ai mt' condenser microphone","","true","","https://reverb.com/item/100819029-neumann-u-87-ai-mt-large-diaphragm-multipattern-condenser-microphone-matte-black"
"09b9e611-6784-4d05-b385-4e56e84358ab","manley-voxbox","Manley Labs VOXBOX Channel Strip Combo Microphone Preamp ,PRE AMP  / in box //ARMENS//","32608","DKK","","exact","exact","92","'Manley Labs VOXBOX Channel Strip' in box","","true","","https://reverb.com/item/35258889-manley-labs-voxbox-channel-strip-combo-microphone-preamp-pre-amp-in-box-armens"
"09c5e8bb-0b60-4aa8-9fe1-64fc5375f88d","fender-american-professional-ii-stratocaster","Fender American Professional II Stratocaster E-Gitarre","","EUR","","exact","exact","94","'Fender American Professional II Stratocaster'","","true","","https://www.kleinanzeigen.de/s-anzeige/fender-american-professional-ii-stratocaster-e-gitarre/3500890754-74-5528"
"09e81423-d167-40bc-8fb5-8a5b75ea6d0c","fender-mustang-bass","Fender Mustang Bass w/OHSC May 17, 1967  orig. Olympic White","49755","DKK","","exact","exact","90","'Fender Mustang Bass' 1967 with case","","true","","https://reverb.com/item/101105190-fender-mustang-bass-w-ohsc-may-17-1967-orig-olympic-white"
"09e97da3-a5ee-4b5c-8a83-6b876e81f2fc","moog-minimoog","Moog Minimoog SR Case Brandneu","2459","EUR","","accessory","accessory","85","'Minimoog SR Case' — case sold alone","","false","admin_rejected","https://www.kleinanzeigen.de/s-anzeige/moog-minimoog-sr-case-brandneu/3515150519-74-7482"
"09fe294b-bee7-489d-8360-3a66d2a72cca","gibson-les-paul-studio","Gibson Les Paul Studio ’60s Maple Top RW Satin Ebony – Schwarz","","EUR","","exact","exact","70","'Les Paul Studio' with finish/top spec detail","","true","","https://www.kleinanzeigen.de/s-anzeige/gibson-les-paul-studio-60s-maple-top-rw-satin-ebony-schwarz/3513750037-74-22244"
"0a1d27ee-891b-4748-8bff-1cc5437574f4","wurlitzer-200a","Wurlitzer 200A Piano","30545","EUR","","exact","exact","92","'Wurlitzer 200A Piano'","","true","","https://www.kleinanzeigen.de/s-anzeige/wurlitzer-200a-piano/3489195863-74-1985"
"0a2990a2-5f34-4550-a15e-ea7faa6dbdbb","gibson-hummingbird","Gibson Hummingbird Standard Acoustic Guitar, Vintage Sunburst","26085","DKK","","exact","exact","88","'Gibson Hummingbird Standard' acoustic","","true","","https://reverb.com/item/101382925-gibson-hummingbird-standard-acoustic-guitar-vintage-sunburst"
"0a39c663-14bf-49c8-bb7e-03e13504e9ac","gibson-les-paul-custom","Gibson Les Paul Custom 1975","28500","NOK","","exact","exact","90","'Gibson Les Paul Custom 1975'","","true","","https://www.finn.no/recommerce/forsale/item/317267528"
"0a657fea-ecdb-47c1-9ab3-80cde6397f34","gibson-es-335-dot","♚Vintage♚RARE♚2002 Gibson ES-335 Dot Figured♚ BEALE STREET BLUE ♚AAA TIGER FLAME♚8.5LBS","24497","DKK","","exact","exact","92","'Gibson ES-335 Dot Figured' names the model","","true","","https://reverb.com/item/94097280-vintage-rare-2002-gibson-es-335-dot-figured-beale-street-blue-aaa-tiger-flame-8-5lbs"
"0a821889-abe5-49c9-a517-cf0edf3456af","roland-juno-60","Roland Juno-60","26865","DKK","","exact","exact","96","title is exactly 'Roland Juno-60'","","true","","https://reverb.com/item/101910189-roland-juno-60"
"0a87bbd2-705c-4d49-b712-e87e7fa4742c","emu-sp-1200","E-MU Systems SP-1200 8-Voice Drum Sampler 1987 - 1996 - Black","37409","DKK","","exact","exact","95","'E-MU Systems SP-1200' drum sampler","","true","","https://reverb.com/item/101724776-e-mu-systems-sp-1200-8-voice-drum-sampler-1987-1996-black"
"0ab37f6d-5e49-48ee-9f7f-075103f0e2e6","roland-juno-60","Roland Juno-60 61-Key Polyphonic Synthesizer with JSQ-60 Programmer","15785","DKK","","exact","exact","90","Juno-60 synth sold with JSQ-60 programmer bundled","","true","","https://reverb.com/item/101847254-roland-juno-60-61-key-polyphonic-synthesizer-with-jsq-60-programmer"
"0adb7ff7-d445-41b5-8248-54996c327efa","gibson-es-335-dot","2001 Gibson ES-335 Dot Figured Cherry Semi-Hollow Guitar w/ 57 Classic PAFs, Hangtags & Case","21867","DKK","","exact","exact","93","'Gibson ES-335 Dot Figured' with case","","true","","https://reverb.com/item/96615782-2001-gibson-es-335-dot-figured-cherry-semi-hollow-guitar-w-57-classic-pafs-hangtags-case"
"0adc7717-fed0-448a-9533-c5eb377858cb","gibson-j-45","Gibson Custom Margo Price J-45 Heritage Cherry Sunburst","26586","DKK","","abstain","skipped","65","'Gibson Custom Margo Price J-45' signature Custom Shop sub-model","","","","https://reverb.com/item/94492887-gibson-custom-margo-price-j-45-heritage-cherry-sunburst"
"0af73104-0f26-44a5-93ff-e3b674fc189d","korg-ms-20","Korg MS-20 Mini Semi-Modular Analog Synthesizer 2013 - Present - Black","2912","DKK","","wrong","wrong","94","'MS-20 Mini' is a different product from MS-20","","false","admin_rejected","https://reverb.com/item/101765275-korg-ms-20-mini-semi-modular-analog-synthesizer-2013-present-black"
"0b81ee16-a12a-4f88-9212-6c1a90296f02","gibson-les-paul-special","Gibson Les Paul Special Baujahr 2023","10058","EUR","","exact","exact","90","'Gibson Les Paul Special' with year only","","true","","https://www.kleinanzeigen.de/s-anzeige/gibson-les-paul-special-baujahr-2023/3517050992-74-7983"
"0b8a02c8-54dc-4954-a729-3e7592d370eb","ua-1176ln","Urei 1176LN Blue Stripe Universal Audio Limiter Compressor Rev B Vintage","130460","DKK","","exact","exact","75","'Urei 1176LN ... Universal Audio Limiter' vintage unit","","true","","https://reverb.com/item/94534668-urei-1176ln-blue-stripe-universal-audio-limiter-compressor-rev-b-vintage"
"0baca6d8-65e9-4b64-89f4-0613818c1135","gibson-j-45","Gibson - 2024 J-45 Studio Acoustic Guitar Walnut Natural Satin w/OHSC - USED","11741","DKK","","abstain","skipped","62","'J-45 Studio Walnut' is a distinct lower-tier sub-model","","","","https://reverb.com/item/101091350-gibson-2024-j-45-studio-acoustic-guitar-walnut-natural-satin-w-ohsc-used"
"0c156de3-8912-416b-a11a-28d1555d79fe","fender-american-professional-ii-stratocaster","Fender American Professional II Stratocaster Dark Night Rosewood (150)","12002","DKK","","exact","exact","95","'American Professional II Stratocaster' named","","true","","https://reverb.com/item/91898557-fender-american-professional-ii-stratocaster-dark-night-rosewood-150"
"0c30b9af-24f5-4065-948f-dc2c92b9843b","moog-source","Moog Source Monophonic Analog Synthesizer with Patch Memory 1981 - 1985 - Blue","9705","DKK","","exact","exact","93","'Moog Source' monophonic analog synthesizer","","true","","https://reverb.com/item/100285230-moog-source-monophonic-analog-synthesizer-with-patch-memory-1981-1985-blue"
"0c40a7c9-993e-4e4c-8c0d-d122c1e53024","neumann-u87ai","Neumann U 87 Ai Large Diaphragm Multipattern Condenser Microphone 1986 - Present - Nickel","12182","DKK","","exact","exact","96","'Neumann U 87 Ai' condenser microphone","","true","","https://reverb.com/item/101849703-neumann-u-87-ai-large-diaphragm-multipattern-condenser-microphone-1986-present-nickel"
"0c46edd8-1767-4633-8eca-5ebac7a8e0c8","fender-telecaster-thinline","Fender American Vintage II 1972 Telecaster Thinline MP Lake Placid Blue w/case","18264","DKK","","abstain","skipped","60","'American Vintage II 1972 Telecaster Thinline' reissue-line tier","","","","https://reverb.com/item/62520151-fender-american-vintage-ii-1972-telecaster-thinline-mp-lake-placid-blue-w-case"
"0c745fba-4e61-43d2-8a28-2899949d1655","gibson-les-paul-special","1974 Gibson Les Paul Special ’55 Reissue Sunburst Vintage USA Electric Guitar, Hard Case - Good Condition","30080","DKK","","abstain","skipped","58","1974 'Les Paul Special '55 Reissue' vintage sub-model","","","","https://reverb.com/item/100133217-1974-gibson-les-paul-special-55-reissue-sunburst-vintage-usa-electric-guitar-hard-case-good-condition"
"0c9d15ea-1067-4d3e-8777-e5b2c72dc0d7","gibson-es-335-dot","Gibson ES-335 Dot Vintage Sunburst - 1998 w/ OHSC","18224","DKK","","exact","exact","94","'Gibson ES-335 Dot' with case and year","","true","","https://reverb.com/item/100612297-gibson-es-335-dot-vintage-sunburst-1998-w-ohsc"
"0cca430e-fbab-460b-8e0a-3662a3af224e","gibson-es-335-dot","Gibson ES-335 Dot Reissue Cherry Red Flamed maple","22100","SEK","","exact","exact","85","'ES-335 Dot Reissue' is the Dot model naming","","true","","https://www.blocket.se/recommerce/forsale/item/26464949"
"0cff07dc-5b6e-4ca9-a39e-65e71f84f81a","ua-1176ln","Vintage Urei 1176LN Rev H Limiting Amplifier. Universal Audio 1176 compressor. Just serviced","20309","DKK","","exact","exact","88","'Urei 1176LN Rev H' limiting amplifier, serviced","","true","","https://reverb.com/item/100469656-vintage-urei-1176ln-rev-h-limiting-amplifier-universal-audio-1176-compressor-just-serviced"
"0d1baa61-814d-4b2b-9d5c-088486b892f9","neumann-u87ai","Neumann U 87 Ai Multi-Pattern Microphone (Matte Black)","24416","DKK","","exact","exact","96","'Neumann U 87 Ai' multi-pattern mic, colour only","","true","","https://reverb.com/item/101623669-neumann-u-87-ai-multi-pattern-microphone-matte-black"
"0d1ce241-68db-4a70-8bd2-498965d2cf21","gibson-les-paul-studio","Gibson Les Paul Studio Gem Topaz Electric Guitar 1996 Pre-Owned","13825","DKK","","exact","exact","78","'Gibson Les Paul Studio' Gem finish variant","","true","","https://reverb.com/item/90997268-gibson-les-paul-studio-gem-topaz-electric-guitar-1996-pre-owned"
"0d5c057a-9959-44d5-bc7a-240174696533","neumann-u87ai","Neumann U 87 Ai GENUINE Condenser Microphone – Matching Serial # Box – Excellent","14677","DKK","","exact","exact","95","'Neumann U 87 Ai' mic with box","","true","","https://reverb.com/item/101391232-neumann-u-87-ai-genuine-condenser-microphone-matching-serial-box-excellent"
"0d920f3b-c9bc-466f-aad6-4f0b94aac00e","fender-mustang-bass","Fender Mustang Bass 1974 - Three Tone Sunburst","23951","DKK","","exact","exact","93","'Fender Mustang Bass' year and finish only","","true","","https://reverb.com/item/99667956-fender-mustang-bass-1974-three-tone-sunburst"
"0d966d28-be1f-4279-8804-7d05d8ca1939","gibson-hummingbird","The Gibson Hummingbird in Faded Vintage Sunburst, Model: Standard 2019","16503","DKK","","exact","exact","88","'Gibson Hummingbird ... Standard 2019'","","true","","https://reverb.com/item/101328732-the-gibson-hummingbird-in-faded-vintage-sunburst-model-standard-2019"
"0d9951c8-0259-46f3-a04f-abae82aacac9","fender-american-professional-ii-stratocaster","Fender American Professional II Stratocaster – Miami Blue w/Rosewood","12002","DKK","","exact","exact","95","'American Professional II Stratocaster' with finish","","true","","https://reverb.com/item/78348575-fender-american-professional-ii-stratocaster-miami-blue-w-rosewood"
"0da7f211-7562-42a1-8380-d151fbb47435","fender-american-professional-ii-stratocaster","Fender American Professional II Stratocaster Dark Night Maple Fingerboard (889)","12002","DKK","","exact","exact","95","'American Professional II Stratocaster' named in full","","true","","https://reverb.com/item/91952561-fender-american-professional-ii-stratocaster-dark-night-maple-fingerboard-889"
"0dd5c210-755c-4ecc-98b1-34c19a90a460","roland-tr-909","Roland TR-909 Rhythm Composer  Din sync","14451","DKK","","exact","exact","94","'TR-909 Rhythm Composer' complete unit","","true","","https://reverb.com/item/93580355-roland-tr-909-rhythm-composer-din-sync"
"0e0accef-3770-4c86-952b-f6ebfa0ab429","gibson-j-45","2025 Gibson J-45 Standard - Heritage Cherry Sunburst","14799","DKK","","exact","exact","92","'Gibson J-45 Standard' with finish only","","true","","https://reverb.com/item/101350902-2025-gibson-j-45-standard-heritage-cherry-sunburst"
"0e622a81-6815-4cc1-a0b5-b7b85e2e77c5","neumann-u87ai","Neumann U 87 Ai Studio Set 2010 - Present - Nickel","13684","DKK","","exact","exact","88","'U 87 Ai Studio Set' = mic bundled with mount/case","","true","","https://reverb.com/item/95978336-neumann-u-87-ai-studio-set-2010-present-nickel"
"0edbaf90-4bd9-4751-860a-3add5acb264e","gibson-les-paul-studio","Gibson Les Paul Studio Ebony E-Gitarre","","EUR","","exact","exact","93","'Les Paul Studio' plus colour","","true","","https://www.kleinanzeigen.de/s-anzeige/gibson-les-paul-studio-ebony-e-gitarre/3514654375-74-27510"
"0ee06c4e-05c3-471d-88e3-49064a68c48f","yamaha-dx7","Yamaha DX7 Synthesizer inkl 4x Cartridge und eingebauten FX","4098","EUR","","exact","exact","90","'DX7 Synthesizer' sold with cartridges","","true","","https://www.kleinanzeigen.de/s-anzeige/yamaha-dx7-synthesizer-inkl-4x-cartridge-und-eingebauten-fx/3508679593-74-3886"
"0ee94622-ad95-4403-b14d-c55f46b241b6","wurlitzer-200a","1977 Wurlitzer 200A Just Serviced - SUPER CLEAN!","34565","DKK","","exact","exact","93","'Wurlitzer 200A' serviced instrument","","true","","https://reverb.com/item/101733474-1977-wurlitzer-200a-just-serviced-super-clean"
"0ee9b397-f7fa-4f1b-8a6b-18dfb4c7d72d","fender-mustang-bass","Fender Mustang Bass 1976 - 3-Color Sunburst with Original Case","19054","DKK","","exact","exact","93","'Mustang Bass' with original case","","true","","https://reverb.com/item/95737661-fender-mustang-bass-1976-3-color-sunburst-with-original-case"
"0f69ead9-da03-49b2-a378-33816b579514","roland-re-501","Roland RE-501 Chorus Echo – Original UK 240V – Excellent Condition – Fully Working – Spare Tapes & Case","15473","DKK","","exact","exact","93","'RE-501 Chorus Echo' complete unit","","true","","https://reverb.com/item/101450494-roland-re-501-chorus-echo-original-uk-240v-excellent-condition-fully-working-spare-tapes-case"
"0facdb4f-d9f7-41d0-a7d0-61e928eff0f3","fender-american-professional-ii-stratocaster","Fender American Professional II Stratocaster - MN 3CS (#592)","14436","DKK","","exact","exact","94","'American Professional II Stratocaster' MN 3CS","","true","","https://reverb.com/item/69437298-fender-american-professional-ii-stratocaster-mn-3cs-592"
"0fbb7a2c-7142-4b1a-97ab-e53e453c97d3","sequential-prophet-10","Sequential Prophet-10 61-Key 10-Voice Polyphonic Synthesizer 2020 - Present - Black with Wood Sides","18812","DKK","","exact","exact","92","'Prophet-10' 10-voice synthesizer","","true","","https://reverb.com/item/101421202-sequential-prophet-10-61-key-10-voice-polyphonic-synthesizer-2020-present-black-with-wood-sides"
"0fc6b310-ab06-4545-b1b8-3f170c3a96f4","gibson-les-paul-special","2019 Gibson Custom Les Paul Special Double Cut Figured Maple Top (Cobra Burst)","29978","DKK","","abstain","skipped","60","'Gibson Custom' Les Paul Special Double Cut figured top — Custom Shop tier","","","","https://reverb.com/item/100648400-2019-gibson-custom-les-paul-special-double-cut-figured-maple-top-cobra-burst"
"0fc8e962-8d7c-4c91-b504-d56ca62b45b3","moog-source","Moog Source Monophonic Analog Synthesizer with Cover","13673","DKK","","exact","exact","92","'Moog Source' synth with cover","","true","","https://reverb.com/item/98796813-moog-source-monophonic-analog-synthesizer-with-cover"
"0fed4887-c6bb-4424-94aa-4dfd0f1139c6","gibson-les-paul-special","Gibson CS  1960 Les Paul Special Double Cut Reissue VOS, TV Yellow | Demo","20064","DKK","","abstain","skipped","62","'Gibson CS 1960 ... Reissue VOS' Custom Shop reissue tier","","","","https://reverb.com/item/100624284-gibson-cs-1960-les-paul-special-double-cut-reissue-vos-tv-yellow-demo"
"0ff49c5a-415c-4317-bf65-ccff24df89e5","gibson-es-335-dot","1994 Gibson ES-335 Dot Figured - Vintage Sunburst - Pro Set Up w Perfect Frets/Action/Intonation!","19238","DKK","","exact","exact","80","'ES-335 Dot' with figured top and finish","","true","","https://reverb.com/item/97058162-1994-gibson-es-335-dot-figured-vintage-sunburst-pro-set-up-w-perfect-frets-action-intonation"
"0aa0fa25-2b45-436a-aaa5-231c19996122","fender-american-professional-ii-stratocaster","Fender American Professional II Stratocaster Mystic Surf Green Maple Fingerboard (872)","12002","DKK","","exact","exact","95","'American Professional II Stratocaster' with finish detail","","true","","https://reverb.com/item/91952395-fender-american-professional-ii-stratocaster-mystic-surf-green-maple-fingerboard-872"
"102a706a-715d-468d-bfaf-241c5d223c00","gibson-les-paul-custom","Gibson Les Paul Custom Pelham Blue VOS","","EUR","","exact","exact","62","'Les Paul Custom' with VOS finish only","","true","","https://www.kleinanzeigen.de/s-anzeige/gibson-les-paul-custom-pelham-blue-vos/3509714935-74-1125"
"1058ab0c-2024-4307-8797-9ef59ea139be","roland-juno-106","Roland Juno-106 Poly Synth (Serviced) New Voice Chips/Sliders/Knobs","10430","DKK","part_or_accessory:chips","exact","exact","88","complete 'Juno-106 Poly Synth', serviced with new chips","","true","","https://reverb.com/item/100752786-roland-juno-106-poly-synth-serviced-new-voice-chips-sliders-knobs"
"10cf0f28-ca51-4432-b6c2-44560ded89e5","gibson-les-paul-studio","2008 Gibson Les Paul Studio Wine Red","","EUR","","exact","exact","93","'Les Paul Studio' with year and colour","","true","","https://www.kleinanzeigen.de/s-anzeige/2008-gibson-les-paul-studio-wine-red/3509482386-74-2162"
"10dbff67-cb7c-4b4d-be35-698c0ce5a015","yamaha-dx7","Yamaha DX7 Voice Rom #3 Master Group/ Keyboard & Plucked Group Cartridge","481","DKK","","accessory","accessory","95","'Voice Rom ... Cartridge' for DX7","","false","admin_rejected","https://reverb.com/item/99617966-yamaha-dx7-voice-rom-3-master-group-keyboard-plucked-group-cartridge"
"10ebc952-671d-4b3b-88f8-7eaf4cb812c8","fender-american-vintage-52-telecaster","Fender American Vintage '52 Telecaster 2000s - Butterscotch Blonde","10763","DKK","","exact","exact","93","'American Vintage '52 Telecaster'","","true","","https://reverb.com/item/93964495-fender-american-vintage-52-telecaster-2000s-butterscotch-blonde"
"111b6b30-4086-4876-94bb-5779e0c1befe","gibson-sj-200-original","Gibson SJ-200 Original 60s - Vintage Sunburst","37181","DKK","","exact","exact","75","'SJ-200 Original' named","","true","","https://reverb.com/item/99645082-gibson-sj-200-original-60s-vintage-sunburst"
"11520b4b-fa5c-4728-ac87-dbf1025e0620","fender-american-professional-ii-stratocaster","Fender American Professional II Stratocaster Roasted Pine Rosewood Fingerboard (251)","12655","DKK","","exact","exact","93","'American Professional II Stratocaster' Roasted Pine","","true","","https://reverb.com/item/91898592-fender-american-professional-ii-stratocaster-roasted-pine-rosewood-fingerboard-251"
"11ea12fb-36ac-439d-9c1d-9cd79b0433f5","roland-sh-101","Roland SH-101 [256369] (09/01)","8719","DKK","","exact","exact","88","'Roland SH-101' with serial","","true","","https://reverb.com/item/101283575-roland-sh-101-256369-09-01"
"121a7d77-6bf8-4363-b207-610dc0afe968","gibson-les-paul-custom","2011 Gibson Custom Shop Les Paul Custom 1957 Reissue VOS Ebony","","EUR","","abstain","skipped","60","'Custom Shop ... 1957 Reissue VOS' historic reissue tier","","","","https://www.kleinanzeigen.de/s-anzeige/2011-gibson-custom-shop-les-paul-custom-1957-reissue-vos-ebony/3320720956-74-12892"
"1229e4f7-3757-425f-a7c2-93f49f404fe2","roland-juno-106","Roland Juno-106 61-Key Programmable Polyphonic Synthesizer 1984 - 1985 - Black (Serviced / Warranty / Roland Case / Literature)","20696","DKK","","exact","exact","94","'Juno-106' synth with case and literature","","true","","https://reverb.com/item/101992046-roland-juno-106-61-key-programmable-polyphonic-synthesizer-1984-1985-black-serviced-warranty-roland-case-literature"
"1268b894-c9e8-47c3-8a4f-4c5a2afd1ce5","gibson-les-paul-special","2023 Gibson Les Paul Special Vintage Cherry","8933","EUR","","exact","exact","93","'Gibson Les Paul Special' with year/finish only","","true","","https://www.kleinanzeigen.de/s-anzeige/2023-gibson-les-paul-special-vintage-cherry/3494070894-74-7584"
"128442d3-6041-4a53-af13-3ada9f77638b","korg-polysix","Korg PolySix Fully Serviced w/ KIWISIX, Polysex, White Noise & More!","14188","DKK","","exact","exact","90","'Korg PolySix' serviced with reversible mods","","true","","https://reverb.com/item/100689413-korg-polysix-fully-serviced-w-kiwisix-polysex-white-noise-more"
"12a02f6d-1fe6-42e9-9d1b-6f5dfb6fba32","fender-american-professional-ii-stratocaster","Fender American Professional II Stratocaster Roasted Pine Rosewood Fingerboard (223)","12655","DKK","","exact","exact","90","'American Professional II Stratocaster' plus finish/fingerboard","","true","","https://reverb.com/item/91898593-fender-american-professional-ii-stratocaster-roasted-pine-rosewood-fingerboard-223"
"12b6e72d-d7d6-4e30-be26-c9baa86d5de2","gibson-es-335-dot","Gibson Custom Shop ES-335 Dot 2008 - Sunburst (flame)","21526","DKK","","abstain","skipped","65","'Custom Shop' ES-335 Dot — different build tier than factory Dot","","","","https://reverb.com/item/101629611-gibson-custom-shop-es-335-dot-2008-sunburst-flame"
"12c8dec1-5b57-4073-97d6-6d76b1df2e68","roland-tr-909","Roland TR-909 Rhythm Composer 1983 - 1985 - White","35136","DKK","","exact","exact","95","'Roland TR-909 Rhythm Composer'","","true","","https://reverb.com/item/101949022-roland-tr-909-rhythm-composer-1983-1985-white"
"12d8bba8-30e0-4b1c-a7c3-679ef7a1057f","gibson-j-45","Gibson 50s J-45 Original Acoustic-Electric Guitar Ebony","20867","DKK","","exact","exact","72","'J-45 Original' acoustic, standard Gibson line","","true","","https://reverb.com/item/100779255-gibson-50s-j-45-original-acoustic-electric-guitar-ebony"
"12e74af9-b279-4f55-9985-b73d04f8dae6","gibson-les-paul-custom","Gibson Les Paul Custom Shop R9 Darkburst 2007 - Darkburst","38704","DKK","","wrong","wrong","72","'R9 Darkburst' is a Custom Shop '59 Standard reissue, not a Les Paul Custom","","false","admin_rejected","https://reverb.com/item/97996862-gibson-les-paul-custom-shop-r9-darkburst-2007-darkburst"
"130da612-e42f-4bbd-8ab2-f88decc2c023","roland-system-100","Roland System 100 M Model 132 [980659] (09/08)","7106","DKK","","wrong","wrong","80","'System 100 M Model 132' single 100M module, not System 100 system","","false","admin_rejected","https://reverb.com/item/101548032-roland-system-100-m-model-132-980659-09-08"
"1341c8ce-161d-46a2-8f28-45a8d672b109","yamaha-dx7","Yamaha DX7 – Komplett med original Flightcase, 5 ROM-kassetter och manual","6175","SEK","","exact","exact","92","'Yamaha DX7' complete with case, cartridges, manual","","true","","https://www.blocket.se/recommerce/forsale/item/24507931"
"135282a4-cc2c-4bd9-8ef2-c598c72b20d7","neumann-u87ai","Neumann U 87 Ai Studio Set 2010 - Present - Nickel","12838","DKK","","exact","exact","88","'U 87 Ai Studio Set' is the mic with accessories","","true","","https://reverb.com/item/100643239-neumann-u-87-ai-studio-set-2010-present-nickel"
"13b13fc7-9eda-4483-8eee-654195792240","gibson-sj-200-original","Left Handed Gibson SJ-200 Original 2023 Vintage Sunburst","26092","DKK","","exact","exact","92","'SJ-200 Original', left-handed only","","true","","https://reverb.com/item/100834528-left-handed-gibson-sj-200-original-2023-vintage-sunburst"
"13c10515-64c0-4c49-a999-524729058ec9","moog-minimoog","Moog Minimoog Voyager XL 61-Key Monophonic Synthesizer 2010 - Black with Wood Cabinet","31963","DKK","","wrong","wrong","88","'Minimoog Voyager XL' is a distinct later model","","false","admin_rejected","https://reverb.com/item/102004938-moog-minimoog-voyager-xl-61-key-monophonic-synthesizer-2010-black-with-wood-cabinet"
"141caf07-1668-428b-ad68-6db9b5891d14","fender-american-professional-ii-stratocaster","Fender American Professional II Stratocaster - Dark Night w/Maple Fingerboard","12002","DKK","","exact","exact","93","'American Professional II Stratocaster' Dark Night","","true","","https://reverb.com/item/78348459-fender-american-professional-ii-stratocaster-dark-night-w-maple-fingerboard"
"14714c06-eb2f-44c6-ac9f-164a098d38cd","gibson-hummingbird","Gibson Hummingbird Original Acoustic Guitar, Heritage Cherry Sunburst","26037","DKK","","exact","exact","85","'Hummingbird Original' acoustic","","true","","https://reverb.com/item/101919170-gibson-hummingbird-original-acoustic-guitar-heritage-cherry-sunburst"
"148a7d64-9761-43f8-8799-b8f2533696b9","roland-re-501","Roland RE-501 Chorus Echo bandeko","9750","SEK","","exact","exact","93","'Roland RE-501 Chorus Echo'","","true","","https://www.blocket.se/recommerce/forsale/item/24700585"
"14ea6e39-0156-4cd3-bd7d-ada87e7df78c","gibson-les-paul-studio","Gibson Les Paul Studio Smokehouse Burst Electric Guitar","18287","DKK","","exact","exact","92","'Les Paul Studio' with finish name","","true","","https://reverb.com/item/99009258-gibson-les-paul-studio-smokehouse-burst-electric-guitar"
"14fc4cfe-b5d0-44bf-b7b9-ed230a7f9dfc","roland-juno-60","Roland Juno-60 61-Key Polyphonic Synthesizer 1982 - 1984 - Black","16308","DKK","","exact","exact","95","'Roland Juno-60' vintage synth","","true","","https://reverb.com/item/101089779-roland-juno-60-61-key-polyphonic-synthesizer-1982-1984-black"
"1519cbbe-c187-4072-b928-c9172715b253","gibson-les-paul-special","1992 Gibson Les Paul Special","14903","DKK","","exact","exact","90","'1992 Gibson Les Paul Special'","","true","","https://reverb.com/item/95167249-1992-gibson-les-paul-special"
"151c13a8-a3e8-45c6-b271-944402bcaeb6","yamaha-dx7","D KEY Parts YAMAHA DX7 DX7 Sy99 SY EX KORG M1 01w T Trinity WS","62","DKK","","accessory","accessory","93","'D KEY Parts' replacement key for DX7","","false","admin_rejected","https://reverb.com/item/100433710-d-key-parts-yamaha-dx7-dx7-sy99-sy-ex-korg-m1-01w-t-trinity-ws"
"155e4a6c-6a89-454a-85c1-cddf3549cfdd","tube-tech-cl1b","Tube-Tech CL 1B","33920","DKK","","exact","exact","94","'Tube-Tech CL 1B'","","true","","https://reverb.com/item/100488857-tube-tech-cl-1b"
"158729d9-e4f7-4cdc-ac19-9783467ec63f","fender-telecaster-thinline","Fender Telecaster Thinline ´69 Japan Vintage TN70 EX MIJ ~´85/87","","EUR","","abstain","skipped","60","'Japan Vintage TN70 MIJ' reissue tier vs generic Thinline","","","","https://www.kleinanzeigen.de/s-anzeige/fender-telecaster-thinline-69-japan-vintage-tn70-ex-mij-85-87/3513438208-74-1068"
"159910d4-eec4-498e-bc58-b3588b6cb5ad","roland-tr-606","Roland TR-606 Drumatix modified 1980s - Silver","5799","DKK","","exact","exact","90","'TR-606 Drumatix', modification noted","","true","","https://reverb.com/item/87047658-roland-tr-606-drumatix-modified-1980s-silver"
"15b1a21c-cae2-4c0d-910e-366fb2ecc4e8","gibson-les-paul-custom","Rock Star owned 1956 Gibson Les Paul Custom Black Beauty Alnico-V","","EUR","","exact","exact","85","'1956 Gibson Les Paul Custom Black Beauty'","","true","","https://www.kleinanzeigen.de/s-anzeige/rock-star-owned-1956-gibson-les-paul-custom-black-beauty-alnico-v/3502235626-74-1849"
"15eccb6b-ae62-49c0-a325-0dab6773f6a7","gibson-hummingbird","Gibson Hummingbird Special - Satin Ebony","14344","DKK","","abstain","skipped","60","'Hummingbird Special' named sub-model at different tier","","","","https://reverb.com/item/101611029-gibson-hummingbird-special-satin-ebony"
"1617536c-5a72-4f52-a64a-df95fcf5b95e","neve-portico-ii-master-buss-processor","Rupert Neve Designs Portico II Master Buss Processor 2015 - White","22172","DKK","","exact","exact","92","'Portico II Master Buss Processor'","","true","","https://reverb.com/item/101710094-rupert-neve-designs-portico-ii-master-buss-processor-2015-white"
"16213335-2341-4879-884f-8337dc72fa9f","gibson-j-45","Gibson J-45 Standard Acoustic-Electric Left-Handed Heritage Cherry Sunburst","20867","DKK","","exact","exact","93","'Gibson J-45 Standard'; handedness/finish irrelevant","","true","","https://reverb.com/item/101631952-gibson-j-45-standard-acoustic-electric-left-handed-heritage-cherry-sunburst"
"16283e00-c021-44c0-a23f-adf422fc78da","gibson-les-paul-custom","Gibson Les Paul Custom Ebony Black Beauty 1986","","EUR","","exact","exact","88","'Les Paul Custom' Black Beauty, year only","","true","","https://www.kleinanzeigen.de/s-anzeige/gibson-les-paul-custom-ebony-black-beauty-1986/3513256068-74-1727"
"1640706b-27b1-4e6a-bb3c-f86e575adf00","neumann-u87ai","Neumann U 87 Ai Condenser Microphone. MINT U87Ai U87. 93859","15886","DKK","","exact","exact","95","'Neumann U 87 Ai Condenser Microphone'","","true","","https://reverb.com/item/100888014-neumann-u-87-ai-condenser-microphone-mint-u87ai-u87-93859"
"16738528-f2a9-42e8-83c1-b65e9acd8893","yamaha-dx7","Yamaha DX7 Programmable Algorithm Synthesizer 1983 - 1987 - Local Pickup Only","4524","DKK","","exact","exact","93","'Yamaha DX7 Programmable Algorithm Synthesizer'","","true","","https://reverb.com/item/99295014-yamaha-dx7-programmable-algorithm-synthesizer-1983-1987-local-pickup-only"
"167c9deb-e088-41ab-9562-baede8550697","gibson-les-paul-studio","Gibson Les Paul studio double cut 1997","7735","SEK","","wrong","wrong","60","'double cut' names the distinct Les Paul Studio DC body","","false","admin_rejected","https://www.blocket.se/recommerce/forsale/item/25906229"
"169747d9-031f-41a7-8130-d0ee603a422f","gibson-les-paul-special","Gibson Les Paul Special - TV Yellow","11735","DKK","","exact","exact","92","'Les Paul Special - TV Yellow'","","true","","https://reverb.com/item/73084332-gibson-les-paul-special-tv-yellow"
"169bedcd-9efa-4f7b-9f40-ca8e883d12de","wurlitzer-200a","Wurlitzer 200A","25000","DKK","","exact","exact","90","title is exactly 'Wurlitzer 200A'","","true","","https://www.dba.dk/recommerce/forsale/item/24552787"
"16ac751c-4109-429b-a54b-208744bbbdce","gibson-es-335-dot","2021 Gibson ES-335 Dot Inlay Semi-Hollow Electric Guitar Cherry Gloss + OHSC","17579","DKK","","exact","exact","93","'ES-335 Dot' semi-hollow with case","","true","","https://reverb.com/item/92185249-2021-gibson-es-335-dot-inlay-semi-hollow-electric-guitar-cherry-gloss-ohsc"
"16d9d041-b9c6-4340-a706-3d0ee1b65267","roland-juno-106","Roland Juno-106 61-Key Programmable Polyphonic Synthesizer 1984 - 1985 - Black","15146","DKK","","exact","exact","93","'Roland Juno-106' 61-key synthesizer","","true","","https://reverb.com/item/96518932-roland-juno-106-61-key-programmable-polyphonic-synthesizer-1984-1985-black"
"16e09963-01bd-444b-9154-6704012a3628","gibson-les-paul-special","Gibson Les Paul Special - TV Yellow 207860179","11525","DKK","","exact","exact","92","'Les Paul Special - TV Yellow' plus serial","","true","","https://reverb.com/item/97878795-gibson-les-paul-special-tv-yellow-207860179"
"173c39a8-be14-4541-80db-97c1f0352bdd","gibson-les-paul-studio","Gibson Les Paul Studio (2019) – Ebony","","EUR","","exact","exact","92","'Les Paul Studio' with year and finish","","true","","https://www.kleinanzeigen.de/s-anzeige/gibson-les-paul-studio-2019-ebony/3501095919-74-988"
"175b25ed-21e5-4218-b9d3-d166a18fd864","roland-sh-101","[SALE Ends Sep 7] Roland SH-101 Monophonic Analog Synthesizer Keyboard Perfect Working w/ 100-240V PSU","8039","DKK","","exact","exact","92","'Roland SH-101' synth sold with PSU","","true","","https://reverb.com/item/101285321-sale-ends-sep-7-roland-sh-101-monophonic-analog-synthesizer-keyboard-perfect-working-w-100-240v-psu"
"176c3873-ad3e-4c0a-8ae7-fccea71fc1ed","gibson-j-45","Gibson J-45 Standard - Vintage Sunburst #6135","19562","DKK","","exact","exact","92","'Gibson J-45 Standard' finish and serial","","true","","https://reverb.com/item/97839651-gibson-j-45-standard-vintage-sunburst-6135"
"1776ee7f-6451-4c2b-837f-237e3a08ef21","sequential-prophet-10","Sequential Prophet 10 Desktop","31841","DKK","","wrong","wrong","60","'Desktop' module, not the Prophet-10 keyboard","","false","admin_rejected","https://reverb.com/item/101779615-sequential-prophet-10-desktop"
"17b68223-362c-4a29-9256-89d56b8c4ee6","gibson-les-paul-custom","Gibson Custom Shop &#039;57 Reissue Les Paul Custom - TV-Gold","37243","EUR","","abstain","skipped","70","'Custom Shop '57 Reissue' tier vs factory Les Paul Custom","","","","https://www.kleinanzeigen.de/s-anzeige/gibson-custom-shop-57-reissue-les-paul-custom-tv-gold/3498350134-74-3545"
"17dc076c-bae0-46cd-85d6-2a60639a0d1b","gibson-les-paul-custom","2018 Gibson Les Paul Custom 1957 VOS M2M Historic, Black Beauty","50660","EUR","","abstain","skipped","70","'1957 VOS M2M Historic' Custom Shop tier","","","","https://www.kleinanzeigen.de/s-anzeige/2018-gibson-les-paul-custom-1957-vos-m2m-historic-black-beauty/3498173991-74-5365"
"17e472f8-2e0a-4f25-a023-f962f4d53153","fender-american-professional-ii-stratocaster","Fender American Professional II Stratocaster Roasted Pine","12655","DKK","","exact","exact","92","'American Professional II Stratocaster'","","true","","https://reverb.com/item/88780190-fender-american-professional-ii-stratocaster-roasted-pine"
"17ecea75-3e4c-473f-93c9-a06787d04884","yamaha-dx7","Yamaha DX7+Technics SX-K 250","3770","SEK","","abstain","skipped","55","'DX7+Technics SX-K 250' is a two-instrument lot","","","","https://www.blocket.se/recommerce/forsale/item/24904889"
"18129981-f384-4200-846a-19783ab212a9","ua-1176ln","Universal Audio Classics 1176LN Limiting Amplifier - Black","14024","DKK","","exact","exact","78","'1176LN Limiting Amplifier' complete unit","","true","","https://reverb.com/item/101484066-universal-audio-classics-1176ln-limiting-amplifier-black"
"182ddd38-fa0e-40fb-a140-d59299371d26","fender-american-professional-ii-stratocaster","Fender American Professional II Stratocaster – Miami Blue w/Maple","12002","DKK","","exact","exact","92","'American Professional II Stratocaster' finish/neck only","","true","","https://reverb.com/item/78285468-fender-american-professional-ii-stratocaster-miami-blue-w-maple"
"18765617-ea9b-42eb-8d5c-750071293241","gibson-j-45","Gibson J-45 Standard 2020 - Present - Vintage Sunburst","11904","DKK","","exact","exact","93","'Gibson J-45 Standard' with year range","","true","","https://reverb.com/item/101278815-gibson-j-45-standard-2020-present-vintage-sunburst"
"18be8e2c-122c-4a8b-a083-b3313d960628","gibson-les-paul-standard-50s","Gibson Les Paul Standard '50s Heritage Cherry Sunburst 2020","14344","DKK","","exact","exact","93","'Les Paul Standard '50s' finish and year","","true","","https://reverb.com/item/101919816-gibson-les-paul-standard-50s-heritage-cherry-sunburst-2020"
"18cb467a-3ab5-4efc-ada3-c4575434d973","gibson-les-paul-custom","Gibson Les Paul Custom Shop Historic VOS 1959 R9 Reissue 2013 - Heritage Cherry Sunburst","32615","DKK","","wrong","wrong","72","'Historic VOS 1959 R9 Reissue' is a Standard reissue, not a Les Paul Custom","","false","admin_rejected","https://reverb.com/item/98383160-gibson-les-paul-custom-shop-historic-vos-1959-r9-reissue-2013-heritage-cherry-sunburst"
"18cc7d48-5d66-4d0d-b241-61b7ee4b175c","neumann-u87ai","Neumann U 87 Ai Large Diaphragm Multipattern Condenser Microphone","13039","DKK","","exact","exact","95","'Neumann U 87 Ai' condenser mic","","true","","https://reverb.com/item/101434927-neumann-u-87-ai-large-diaphragm-multipattern-condenser-microphone"
"18d616ec-1cf4-4df2-8a01-c8b35d101886","gibson-les-paul-custom","Gibson Les Paul Custom 70s - TO (#062)","23682","DKK","","exact","exact","70","'Les Paul Custom 70s' model name with unit number","","true","","https://reverb.com/item/102041713-gibson-les-paul-custom-70s-to-062"
"195f00af-7087-4596-bbc6-a72b80665a4e","fender-american-vintage-52-telecaster","Fender American Vintage '52 Telecaster 1990s - Butterscotch Blonde","12126","DKK","","exact","exact","94","'American Vintage '52 Telecaster' named exactly","","true","","https://reverb.com/item/94420605-fender-american-vintage-52-telecaster-1990s-butterscotch-blonde"
"19c19c88-61ee-4d6c-acd9-93e4a7b1e299","sequential-prophet-10","Prophet 10 Sequential","30452","DKK","","exact","exact","80","'Prophet 10 Sequential' matches Prophet-10","","true","","https://reverb.com/item/94764468-prophet-10-sequential"
"19c1cb07-2be6-406a-b420-b6012f2fbafd","tube-tech-lca-2b","Upgraded & Modified Tube-Tech LCA 2B Dual Channel Tube VCA Compressor / Limiter","32517","DKK","","exact","exact","88","Tube-Tech LCA 2B named; modification only","","true","","https://reverb.com/item/48068376-upgraded-modified-tube-tech-lca-2b-dual-channel-tube-vca-compressor-limiter"
"19d04713-c315-4207-b0c3-4187187f4803","gibson-hummingbird","Gibson Hummingbird Original Heritage Cherry Sunburst","26085","DKK","","exact","exact","92","'Gibson Hummingbird Original' finish variant","","true","","https://reverb.com/item/74996874-gibson-hummingbird-original-heritage-cherry-sunburst"
"19ec9435-3163-46d3-a5e4-fef3019d32ee","gibson-les-paul-custom","Gibson Les Paul Custom Shop 59 / R9 * DiMarzio PAF 36th * 3,98 kg","","EUR","","wrong","wrong","78","Custom Shop '59 R9 reissue, not a Les Paul Custom","","false","admin_rejected","https://www.kleinanzeigen.de/s-anzeige/gibson-les-paul-custom-shop-59-r9-dimarzio-paf-36th-3-98-kg/2630327319-74-1449"
"1a1f538c-448d-4169-9f5e-a2fdd75a3fe8","gibson-les-paul-special","Gibson Custom Shop 1957 Les Paul Special Single Cut Reissue VOS TV Yellow (250)","27340","DKK","","abstain","skipped","65","Custom Shop 1957 Reissue VOS tier vs factory Les Paul Special","","","","https://reverb.com/item/97537909-gibson-custom-shop-1957-les-paul-special-single-cut-reissue-vos-tv-yellow-250"
"1a2854c0-940a-4fc1-ac58-7e78d0e3cad4","gibson-j-45","2026 Gibson J-45 Standard – Gold Top","26861","DKK","","exact","exact","92","'Gibson J-45 Standard' with colour only","","true","","https://reverb.com/item/99187861-2026-gibson-j-45-standard-gold-top"
"1a6f5348-bfc0-4b07-a534-4c8b205a5563","gibson-les-paul-custom","2010 Gibson Les Paul Custom Shop Collectors Choice CC #1 Melvyn Franks Greenie R9","110884","DKK","","wrong","wrong","80","Collectors Choice CC#1 'Greenie' R9, not Les Paul Custom","","false","admin_rejected","https://reverb.com/item/100986275-2010-gibson-les-paul-custom-shop-collectors-choice-cc-1-melvyn-franks-greenie-r9"
"1a81a944-c8bb-4c67-88cd-1d585942acb7","gibson-es-335-dot","Gibson ES-335 Dot Reissue 1995 - Vintage Sunburst","23371","DKK","","exact","exact","88","'ES-335 Dot Reissue' is the Dot model","","true","","https://reverb.com/item/101215625-gibson-es-335-dot-reissue-1995-vintage-sunburst"
"1a930a00-5e6a-4228-9704-bbdf88e5ae96","gibson-es-335-dot","Gibson ES-335 Dot Left-Handed 2004 - Trans Red Cherry","20117","DKK","","exact","exact","92","ES-335 Dot, handedness irrelevant","","true","","https://reverb.com/item/95268603-gibson-es-335-dot-left-handed-2004-trans-red-cherry"
"1ab6e81e-2168-42d8-8164-b0c0031133c5","gibson-les-paul-studio","Gibson Les Paul Studio","","EUR","","exact","exact","90","'Gibson Les Paul Studio' exact name","","true","","https://www.kleinanzeigen.de/s-anzeige/gibson-les-paul-studio/3514919044-74-3106"
"1b14b920-66ea-4a3c-b099-96aa2c709682","ua-1176ln","Universal Audio 1176LN Limiting Amplifier Reissue 2001 - Present - Black","13176","DKK","","exact","exact","90","'1176LN Limiting Amplifier' reissue","","true","","https://reverb.com/item/102053064-universal-audio-1176ln-limiting-amplifier-reissue-2001-present-black"
"1b54acbb-48c8-4792-94b3-e2df4244bc97","fender-mustang-bass","Sunn Fender Mustang Bass 1990s Black","3889","DKK","","abstain","skipped","60","Sunn-branded Mustang Bass, different tier/brand line","","","","https://reverb.com/item/76844343-sunn-fender-mustang-bass-1990s-black"
"1b55139a-3503-476f-9bf2-67396bf1e809","neumann-u87ai","Neumann U 87 Ai Large Diaphragm Multipattern Condenser Microphone 1986 - Present - Nickel","16221","DKK","","exact","exact","95","'Neumann U 87 Ai' named","","true","","https://reverb.com/item/100753988-neumann-u-87-ai-large-diaphragm-multipattern-condenser-microphone-1986-present-nickel"
"1b795593-f8fc-416f-a160-fb04d81bfdc9","neumann-u87ai","Neumann U 87 Ai mt Studio Set 2010 - Present - Matte Black","14839","DKK","","exact","exact","88","U 87 Ai mt with studio set bundle","","true","","https://reverb.com/item/101081313-neumann-u-87-ai-mt-studio-set-2010-present-matte-black"
"1bdd2253-19bb-4371-aa9d-1a63c66fb94d","gibson-les-paul-custom","Gibson Les Paul Custom Shop R0 (R8 R9) '60 Reissue Historic Collection 1960 Flame Top Tea Burst 2010","48390","DKK","","wrong","wrong","80","Custom Shop R0 '60 Reissue Standard, not Les Paul Custom","","false","admin_rejected","https://reverb.com/item/99492369-gibson-les-paul-custom-shop-r0-r8-r9-60-reissue-historic-collection-1960-flame-top-tea-burst-2010"
"1bde60c2-69d2-4700-88b1-41ac46ad87ba","gibson-es-335-dot","Gibson ES-335 Dot 2004 - Lightburst","17365","DKK","","exact","exact","93","'ES-335 Dot' with year and colour","","true","","https://reverb.com/item/98288435-gibson-es-335-dot-2004-lightburst"
"1c2004cb-b304-44ea-a465-24886b41c3c7","roland-juno-60","Roland Juno-60","22750","SEK","","exact","exact","93","'Roland Juno-60' exact name","","true","","https://www.blocket.se/recommerce/forsale/item/25543489"
"1c3552e3-de79-4370-9fe5-213955c44530","fender-american-vintage-52-telecaster","Fender American Vintage '52 Telecaster 2004 - White Blonde","14831","DKK","","exact","exact","94","'American Vintage '52 Telecaster' named","","true","","https://reverb.com/item/100623177-fender-american-vintage-52-telecaster-2004-white-blonde"
"1c6358c0-3b0e-494b-87f8-2429ca3ba25a","gibson-es-335-dot","Gibson ES-335 Dot 2026 - Sixties Cherry","22584","DKK","","exact","exact","93","'ES-335 Dot' with year and colour","","true","","https://reverb.com/item/94987783-gibson-es-335-dot-2026-sixties-cherry"
"1c7fa7fc-398f-43c9-808b-21957e90d9ae","gibson-les-paul-special","Gibson Custom 1957 Les Paul Special TV Yellow (2020), HSC, COA","24578","EUR","","abstain","skipped","65","Gibson Custom 1957 Les Paul Special reissue tier","","","","https://www.kleinanzeigen.de/s-anzeige/gibson-custom-1957-les-paul-special-tv-yellow-2020-hsc-coa/3469757838-74-8098"
"1c94da9b-1004-42c2-8d00-38e28260731f","wurlitzer-200a","Wurlitzer 206a E-Piano kein 200a","25703","EUR","","wrong","wrong","90","'206a ... kein 200a' explicitly a different model","","false","admin_rejected","https://www.kleinanzeigen.de/s-anzeige/wurlitzer-206a-e-piano-kein-200a/3516277038-74-3482"
"1d10e9b6-c07d-4102-8109-1f59acf3c64a","fender-american-vintage-52-telecaster","Fender American Vintage '52 Telecaster Fullerton Plant 1982 - 1984 - Butterscotch Blonde","48023","DKK","","exact","exact","82","'American Vintage '52 Telecaster' Fullerton-era","","true","","https://reverb.com/item/92296810-fender-american-vintage-52-telecaster-fullerton-plant-1982-1984-butterscotch-blonde"
"1d1bd9cf-a010-4256-a2eb-999210d40635","wurlitzer-200a","Wurlitzer 200A Electric Piano Vintage mit Beinen","26820","EUR","","exact","exact","93","'Wurlitzer 200A Electric Piano' with legs","","true","","https://www.kleinanzeigen.de/s-anzeige/wurlitzer-200a-electric-piano-vintage-mit-beinen/3496887108-74-20374"
"1d2ae313-18a9-4738-a2f2-3e5c80219531","gibson-j-45","Gibson J-45 Standard W/Hardshell Case - Heritage Cherry Burst","19446","DKK","","exact","exact","92","'J-45 Standard' with case, case bundle irrelevant","","true","","https://reverb.com/item/100907959-gibson-j-45-standard-w-hardshell-case-heritage-cherry-burst"
"1d44a4e3-f572-418e-8ef5-aaec3adc3be3","gibson-les-paul-studio","Gibson Les Paul Studio 120th Anniversary","","EUR","","exact","exact","72","'Les Paul Studio' with anniversary-year badge","","true","","https://www.kleinanzeigen.de/s-anzeige/gibson-les-paul-studio-120th-anniversary/3356383290-74-1022"
"1d4cf965-2416-4e71-8ccf-aa4d2483277b","gibson-les-paul-special","Gibson Les Paul Special Faded Double Cutaway 2005 Satin Ebony Les Paul Special Doublecut Satin Ebony 2005 - Satin Ebony","16301","DKK","","exact","exact","60","'Les Paul Special' doublecut faded variant","","true","","https://reverb.com/item/100874891-gibson-les-paul-special-faded-double-cutaway-2005-satin-ebony-les-paul-special-doublecut-satin-ebony-2005-satin-ebony"
"1d696c70-d66c-4fe0-8744-bf406bb53483","gibson-es-335-dot","Gibson 2008 ES-335 Dot Figured Gloss","20000","DKK","","exact","exact","88","'ES-335 Dot Figured' names the model","","true","","https://www.dba.dk/recommerce/forsale/item/25065087"
"1d9e89d9-7594-4f91-8239-3dcc59e7f6b3","gibson-hummingbird","Gibson Hummingbird Standard Acoustic-Electric - Vintage Sunburst","26085","DKK","","exact","exact","88","'Hummingbird Standard' acoustic-electric","","true","","https://reverb.com/item/100780233-gibson-hummingbird-standard-acoustic-electric-vintage-sunburst"
"1e098ba1-4867-477d-bf17-d3bf6c7c09b0","gibson-les-paul-special","Gibson Les Paul Special, 1998, Good Wood Ära","","EUR","","exact","exact","85","'Les Paul Special' with year only","","true","","https://www.kleinanzeigen.de/s-anzeige/gibson-les-paul-special-1998-good-wood-aera/3501788836-74-12929"
"1e123280-23f0-46ba-bc10-434dd61067b4","roland-juno-106","Roland Juno-106","10200","NOK","","exact","exact","93","exact model name 'Juno-106'","","true","","https://www.finn.no/recommerce/forsale/item/475882673"
"1e139d8d-4516-4cf5-bb93-eae269c04868","gibson-les-paul-studio","Gibson Les Paul Studio 2015 / 100th Anniversary – Desert Burst","","EUR","","exact","exact","72","'Les Paul Studio 2015' anniversary-year badge","","true","","https://www.kleinanzeigen.de/s-anzeige/gibson-les-paul-studio-2015-100th-anniversary-desert-burst/3492803658-74-1697"
"1e13d386-af6f-4788-a9e6-7b4195b4499e","neumann-u87ai","Neumann U 87 Ai mt Large Diaphragm Multipattern Condenser Microphone - Matte Black w/Shockmount & New Peluso P-280 Pop Filter","16308","DKK","","exact","exact","92","'U 87 Ai' microphone sold with shockmount/pop filter","","true","","https://reverb.com/item/101875676-neumann-u-87-ai-mt-large-diaphragm-multipattern-condenser-microphone-matte-black-w-shockmount-new-peluso-p-280-pop-filter"
"1e409973-3082-4047-9578-c35c6216ac05","roland-sh-101","Roland SH 101","","EUR","","exact","exact","90","'Roland SH 101'","","true","","https://www.kleinanzeigen.de/s-anzeige/roland-sh-101/3491058462-74-2811"
"1e47bb62-66f2-4a9d-841f-cfd8d148ae98","ua-1176ln","Universal Audio 1176LN Classic Limiting Amplifier Stereo Pair Reissue","37988","DKK","","abstain","skipped","55","'Stereo Pair Reissue' — two units, tier ambiguity","","","","https://reverb.com/item/94534724-universal-audio-1176ln-classic-limiting-amplifier-stereo-pair-reissue"
"1e7dd208-3299-4553-98c8-2292cbbcbf61","wurlitzer-200a","Wurlitzer  200  - Black","25440","DKK","","wrong","wrong","65","title says 'Wurlitzer 200', candidate is 200A","","false","admin_rejected","https://reverb.com/item/101336616-wurlitzer-200-black"
"1e7eb1c5-1c2b-45f4-abf6-9741548f2e74","gibson-les-paul-special","Gibson Les Paul Special - Vintage Cherry","11666","DKK","","exact","exact","90","'Les Paul Special' with finish only","","true","","https://reverb.com/item/64394843-gibson-les-paul-special-vintage-cherry"
"1e8e84c5-a4c9-42db-be68-03978b1a86b9","fender-american-vintage-52-telecaster","Fender American Vintage '52 Telecaster 2006","13698","DKK","","exact","exact","92","'American Vintage '52 Telecaster' verbatim","","true","","https://reverb.com/item/95394354-fender-american-vintage-52-telecaster-2006"
"1e97af3e-87d6-4933-9b10-41c4e9dbb0d3","roland-juno-60","Roland Juno-60 with Travel Hardcase","23140","DKK","","exact","exact","90","'Juno-60' with case bundle","","true","","https://reverb.com/item/100528942-roland-juno-60-with-travel-hardcase"
"1edc99a4-6389-4d59-91b2-b34472676399","fender-american-professional-ii-stratocaster","Fender American Professional II Stratocaster HSS Maple Fingerboard Olympic White (573)","11741","DKK","","exact","exact","88","'American Professional II Stratocaster' HSS variant","","true","","https://reverb.com/item/66395528-fender-american-professional-ii-stratocaster-hss-maple-fingerboard-olympic-white-573"
"1f0ae405-96b1-4e5a-87b7-67b0ba4f1d3a","rhodes-mark-i-suitcase-73","1978 Rhodes Mark I Suitcase 73 ""Greg""","51369","DKK","","exact","exact","90","'Mark I Suitcase 73' with year/nickname","","true","","https://reverb.com/item/101879214-1978-rhodes-mark-i-suitcase-73-greg"
"1f191c0a-4b23-49d7-85a9-793e4dcaeefb","gibson-les-paul-custom","Gibson Custom Les Paul Custom AAA Top Chambered Blue Widow CS601726","52089","DKK","","exact","exact","62","'Gibson Custom Les Paul Custom' limited 'Blue Widow' run","","true","","https://reverb.com/item/92194012-gibson-custom-les-paul-custom-aaa-top-chambered-blue-widow-cs601726"
"1f25f170-0f5e-4d7d-a16d-0242f6bedeb0","roland-juno-60","Roland Juno 60 - Serviced","24580","DKK","","exact","exact","91","'Juno 60 - Serviced', service history irrelevant","","true","","https://reverb.com/item/101623340-roland-juno-60-serviced"
"1f3fc2cb-fe52-4158-a7c0-9aac5b8c83e3","yamaha-dx7","Yamaha DX7 Data ROM Cartridge","500","DKK","part_or_accessory:cartridge","accessory","accessory","95","'Data ROM Cartridge' for DX7","","false","admin_rejected","https://reverb.com/item/101005881-yamaha-dx7-data-rom-cartridge"
"1f631bdc-460d-4c38-9453-19ec30b7bde7","gibson-les-paul-custom","2006 Gibson CS - SGC VOS - Les Paul Custom - ID 6096","","EUR","","exact","exact","62","'Les Paul Custom' CS VOS build","","true","","https://www.kleinanzeigen.de/s-anzeige/2006-gibson-cs-sgc-vos-les-paul-custom-id-6096/3510162904-74-6316"
"1f8231d7-0631-4d4b-8666-d9b9ce37cd4f","roland-system-100","Roland System 100 M Model 140 Envelope [760438] (09/08)","4665","DKK","","wrong","wrong","78","'System 100 M Model 140' module, not System 100","","false","admin_rejected","https://reverb.com/item/101548041-roland-system-100-m-model-140-envelope-760438-09-08"
"1ff0f338-5628-400d-b8b5-6a734767f0b8","roland-re-501","Roland RE-501 Chorus Echo bandeko","10725","SEK","","exact","exact","92","'RE-501 Chorus Echo'","","true","","https://www.blocket.se/recommerce/forsale/item/21398599"
"1faa225f-5750-48a2-8221-6c4ddb381ecf","gibson-les-paul-studio","Gibson Les Paul Studio Alpine White Refinish","","EUR","","exact","exact","85","'Les Paul Studio', refinish is a modification","","true","","https://www.kleinanzeigen.de/s-anzeige/gibson-les-paul-studio-alpine-white-refinish/3514632044-74-4417"
"1aa2df87-fda2-433b-bbf8-c2442ebeff1d","fender-american-professional-ii-stratocaster","Fender American Professional II Stratocaster Miami Blue Maple Fingerboard (081)","11980","DKK","","exact","exact","95","'American Professional II Stratocaster' exact name","","true","","https://reverb.com/item/91898576-fender-american-professional-ii-stratocaster-miami-blue-maple-fingerboard-081"
"2002d5e2-1c9f-4007-bbf1-ecb9e08a629b","moog-minimoog","Moog Minimoog Voyager XL 61-Key Monophonic Synthesizer 2010 - Black with Wood Cabinet","34975","DKK","","wrong","wrong","85","'Minimoog Voyager XL' is a different instrument from the Minimoog","","false","admin_rejected","https://reverb.com/item/99903862-moog-minimoog-voyager-xl-61-key-monophonic-synthesizer-2010-black-with-wood-cabinet"
"200a58db-e7b1-4770-a018-edbb488cf5b9","manley-voxbox","Manley VoxBox Chanel Strip","35870","DKK","","exact","exact","95","'Manley VoxBox Chanel Strip' names the model","","true","","https://reverb.com/item/65684354-manley-voxbox-chanel-strip"
"2024061c-ed8b-4af7-9bce-4cb6eaca7ec1","fender-american-professional-ii-stratocaster","Fender American Professional II Stratocaster Dark Night Maple Fingerboard (331)","12002","DKK","","exact","exact","95","'American Professional II Stratocaster' with finish/fingerboard only","","true","","https://reverb.com/item/91952559-fender-american-professional-ii-stratocaster-dark-night-maple-fingerboard-331"
"2029c684-6ba8-430b-8bfd-0589971ed4b8","korg-polysix","Original switch cap for the Korg PolySix, MonoPoly, Trident, etc (1980-1990) Red","49","DKK","","accessory","accessory","96","'Original switch cap for the Korg PolySix'","","false","admin_rejected","https://reverb.com/item/101960175-original-switch-cap-for-the-korg-polysix-monopoly-trident-etc-1980-1990-red"
"20d79bbc-65c1-49c6-a6c0-bd600840d4ca","fender-american-professional-ii-stratocaster","Fender American Professional II Stratocaster USA Dark Night + Kof","","EUR","","exact","exact","93","'American Professional II Stratocaster USA' plus case","","true","","https://www.kleinanzeigen.de/s-anzeige/fender-american-professional-ii-stratocaster-usa-dark-night-kof/3501627360-74-7143"
"20da5024-2851-4d11-8317-fe5fa2b31e7e","gibson-es-335-dot","Gibson ES-335 Dot 2013 Cherry","17150","DKK","","exact","exact","94","'Gibson ES-335 Dot' with year and colour","","true","","https://reverb.com/item/101608010-gibson-es-335-dot-2013-cherry"
"212c9efc-74d5-496b-9123-55708bb949e1","gibson-les-paul-studio","Gibson Les Paul Studio","","EUR","","exact","exact","92","'Gibson Les Paul Studio' exact name","","true","","https://www.kleinanzeigen.de/s-anzeige/gibson-les-paul-studio/3510340825-74-966"
"214383dc-17cd-42b2-9612-b80b52b5ca59","gibson-es-335-dot","Gibson ES-335 Dot 1983 - Blonde - Rare Gold & Cream!","31963","DKK","","exact","exact","92","'Gibson ES-335 Dot 1983' finish description only","","true","","https://reverb.com/item/91870555-gibson-es-335-dot-1983-blonde-rare-gold-cream"
"215331d5-22d4-4563-b214-903431d82044","roland-sh-101","Roland SH-101 Strap Lock Bracket w/ Pin & Mounting Screws, for MGS-1 Modulation Grip","351","DKK","","accessory","accessory","96","'Strap Lock Bracket w/ Pin & Mounting Screws' for SH-101","","false","admin_rejected","https://reverb.com/item/101858267-roland-sh-101-strap-lock-bracket-w-pin-mounting-screws-for-mgs-1-modulation-grip"
"218112fd-5967-43f2-a60c-00f89b69b890","tube-tech-cl1b","Tube-Tech CL 1B Mono Opto Compressor 2010s - Blue","27403","DKK","","exact","exact","95","'Tube-Tech CL 1B Mono Opto Compressor'","","true","","https://reverb.com/item/102039474-tube-tech-cl-1b-mono-opto-compressor-2010s-blue"
"219038d3-5a14-4a01-b153-1b4f5c611836","fender-mustang-bass","Fender JMJ Road Worn Mustang Bass RW Faded Daphne Blue","12067","DKK","","abstain","skipped","60","'JMJ Road Worn' signature sub-model of Mustang Bass, different tier","","","","https://reverb.com/item/100482250-fender-jmj-road-worn-mustang-bass-rw-faded-daphne-blue"
"21999931-8688-4f7c-b120-44fbd79934ed","gibson-les-paul-special","Gibson Les Paul Special - VC (#129)","10850","DKK","","exact","exact","90","'Gibson Les Paul Special' with stock number only","","true","","https://reverb.com/item/96055765-gibson-les-paul-special-vc-129"
"2199b9a6-41b8-4293-b8b3-c61174cea5fd","wurlitzer-200a","Wurlitzer 200A 64-Key Electric Piano 1974 - 1983 - Black","29354","DKK","","exact","exact","95","'Wurlitzer 200A 64-Key Electric Piano'","","true","","https://reverb.com/item/101302352-wurlitzer-200a-64-key-electric-piano-1974-1983-black"
"21ad1c1f-97f4-4e72-9263-96cb6dd061e8","gibson-hummingbird","Gibson Acoustic Hummingbird Standard - Vintage Cherry Sunburst","26085","DKK","","exact","exact","90","'Gibson Acoustic Hummingbird Standard' with finish","","true","","https://reverb.com/item/101876606-gibson-acoustic-hummingbird-standard-vintage-cherry-sunburst"
"21b90fab-43a0-4eff-a6b6-537f09a7faad","yamaha-dx7","Notenhalter für Yamaha DX7","","EUR","","accessory","accessory","96","'Notenhalter für Yamaha DX7' — music stand only","","false","admin_rejected","https://www.kleinanzeigen.de/s-anzeige/notenhalter-fuer-yamaha-dx7/3505625763-74-7438"
"21ea6aae-73f3-4ecf-a32e-5c729aa6bb49","emu-sp-1200","E-MU Systems SP-1200 8-Voice Drum Sampler 1987 - 1996 - Black","66334","DKK","","exact","exact","95","'E-MU Systems SP-1200' drum sampler","","true","","https://reverb.com/item/101040993-e-mu-systems-sp-1200-8-voice-drum-sampler-1987-1996-black"
"21f3f8cc-d0dc-496f-924c-ffd7aa0843f2","fender-american-vintage-52-telecaster","Fender American Vintage '52 Telecaster 2016 - Butterscotch Blonde","10933","DKK","","exact","exact","94","'American Vintage '52 Telecaster' with year/finish","","true","","https://reverb.com/item/100046284-fender-american-vintage-52-telecaster-2016-butterscotch-blonde"
"22d08204-32b9-450a-bf50-d2955ee4a676","roland-juno-60","Roland JUNO-60 Polyphonic Analog Synthesizer 61-Key","21938","SEK","","exact","exact","94","'JUNO-60 Polyphonic Analog Synthesizer'","","true","","https://www.blocket.se/recommerce/forsale/item/26479161"
"22e371f4-7d11-48aa-b7a8-27cdfae1000b","gibson-les-paul-custom","Gibson Les Paul Custom Shop R8 Limited Edition 1958 Tausch","","EUR","","wrong","wrong","78","'Custom Shop R8 1958' is a Standard reissue, not Les Paul Custom","","false","admin_rejected","https://www.kleinanzeigen.de/s-anzeige/gibson-les-paul-custom-shop-r8-limited-edition-1958-tausch/3517049358-74-496"
"22fcd337-e13e-4616-8b0b-d7aacf77d74d","gibson-les-paul-studio","Gibson Les Paul Studio 2016 T Pelham Blue – Original Hardcase + stativ","7735","SEK","","exact","exact","92","'Les Paul Studio 2016 T' with case bundled","","true","","https://www.blocket.se/recommerce/forsale/item/26296902"
"230cd387-73f2-450e-975c-d6c705cb4b95","fender-mustang-bass","Fender Mustang Bass with Maple Fretboard 1975 - 1978 - Walnut (Mocha)","17612","DKK","","exact","exact","93","'Fender Mustang Bass' vintage with fretboard/finish only","","true","","https://reverb.com/item/98841306-fender-mustang-bass-with-maple-fretboard-1975-1978-walnut-mocha"
"230e6058-9ce7-4489-8137-3e5848f103a7","neumann-u87ai","Neumann U 87 ai Studio Set w/ Neumann Shockmount - Pristine Condition","14571","DKK","","exact","exact","93","'Neumann U 87 ai Studio Set' mic with shockmount","","true","","https://reverb.com/item/100948718-neumann-u-87-ai-studio-set-w-neumann-shockmount-pristine-condition"
"23456f45-ec64-4f00-8f34-f59101008853","roland-re-501","Roland RE-501 Chorus Echo - Serviced, superb condition","17955","DKK","","exact","exact","95","'Roland RE-501 Chorus Echo' serviced","","true","","https://reverb.com/item/101402740-roland-re-501-chorus-echo-serviced-superb-condition"
"236700d3-3864-4e86-8141-a935fae4cfd8","gibson-les-paul-studio","Gibson Les Paul Studio Ebony","8871","DKK","","exact","exact","93","'Gibson Les Paul Studio Ebony' finish only","","true","","https://reverb.com/item/98822162-gibson-les-paul-studio-ebony"
"23ad8573-1099-42e5-b3b9-cf0b4f77240a","gibson-les-paul-special","GIBSON USA Custom Shop Les Paul Special DC ""TV Yellow + Rosewood"" (2011)","27287","DKK","","abstain","skipped","62","'Custom Shop Les Paul Special DC' — different tier/sub-model","","","","https://reverb.com/item/95558240-gibson-usa-custom-shop-les-paul-special-dc-tv-yellow-rosewood-2011"
"23bf33c2-9828-43bd-ab8b-7cd21cb8d3af","fender-telecaster-thinline","FENDER TELECASTER THINLINE 2022 - BLACK PAISLEY","35594","DKK","","exact","exact","92","'FENDER TELECASTER THINLINE' with year/finish","","true","","https://reverb.com/item/96306547-fender-telecaster-thinline-2022-black-paisley"
"23c367d8-0842-4af1-8577-639dc3bab30a","yamaha-dx7","Yamaha DX7 II D FM-Synthesizer -sehr guter Zustand -spielbereit","3576","EUR","","wrong","wrong","75","'DX7 II D' is the later DX7II model, not the DX7","","false","admin_rejected","https://www.kleinanzeigen.de/s-anzeige/yamaha-dx7-ii-d-fm-synthesizer-sehr-guter-zustand-spielbereit/3504700018-74-7214"
"23c7343e-af48-4537-8a5c-783f7a27ce6f","gibson-les-paul-studio","Gibson Les Paul Studio &#039;50s Tribute (USA 2013) – Inkl. Gibson Gig","6333","EUR","","abstain","skipped","60","'Studio '50s Tribute' is a separate budget sub-model","","","","https://www.kleinanzeigen.de/s-anzeige/gibson-les-paul-studio-50s-tribute-usa-2013-inkl-gibson-gig/3493749703-74-16466"
"23e62eee-89e7-4df7-bd09-d07dbb417d37","gibson-les-paul-special","Wie Neu: 2023 GIBSON Les Paul Special, Olive Drab, Case & Candies","","EUR","","exact","exact","92","'GIBSON Les Paul Special' with finish and case only","","true","","https://www.kleinanzeigen.de/s-anzeige/wie-neu-2023-gibson-les-paul-special-olive-drab-case-candies/3468453841-74-10511"
"23eb37f6-4fd3-4056-8bcb-1aaab4899c14","korg-ms-20","KORG MS-20 Mini [036940] (09/02)","3409","DKK","","wrong","wrong","95","'MS-20 Mini' is not the MS-20","","false","admin_rejected","https://reverb.com/item/101322122-korg-ms-20-mini-036940-09-02"
"2453e0e5-345a-4486-ad49-6d0ec18f49fc","gibson-es-335-dot","2005 Gibson ES-335 Dot Figured Cherry Semi-Hollow Guitar, 57 Classic PAF & DiMarzio w/ Case","22031","DKK","","exact","exact","92","'Gibson ES-335 Dot' with year, finish, case","","true","","https://reverb.com/item/97803082-2005-gibson-es-335-dot-figured-cherry-semi-hollow-guitar-57-classic-paf-dimarzio-w-case"
"248e050d-41ed-4fda-8f49-0770c6b0894c","roland-tr-707","Roland TR-707 med HKA ROM expansion","4200","NOK","","exact","exact","90","'Roland TR-707' machine with ROM expansion mod","","true","","https://www.finn.no/recommerce/forsale/item/476802003"
"24ded317-3b7b-487d-8ea3-d010e980cccb","korg-polysix","Original swith cap for the Korg PolySix, MonoPoly, Trident, etc (1980-1990) Dark gray","49","DKK","","accessory","accessory","96","'switch cap for the Korg PolySix'","","false","admin_rejected","https://reverb.com/item/101959803-original-swith-cap-for-the-korg-polysix-monopoly-trident-etc-1980-1990-dark-gray"
"25401b95-a04b-461b-bd84-abfff9e71ddb","sequential-prophet-10","Sequential Prophet-10 Desktop 10-Voice Polyphonic Synthesizer 2021 - Present - Black with Wood Sides","20221","DKK","","abstain","skipped","58","'Prophet-10 Desktop' module form factor vs keyboard","","","","https://reverb.com/item/92565366-sequential-prophet-10-desktop-10-voice-polyphonic-synthesizer-2021-present-black-with-wood-sides"
"2555df89-8c42-4ce4-b2b1-dff253a8867a","gibson-hummingbird","Gibson Hummingbird Standard 2019 - Vintage Sunburst","21477","DKK","","exact","exact","85","'Gibson Hummingbird Standard' with year and finish","","true","","https://reverb.com/item/101698058-gibson-hummingbird-standard-2019-vintage-sunburst"
"255c169f-d87a-4ed7-85a5-04d89fc2a080","korg-ms-20","KORG MS-20 V License","972","DKK","","wrong","wrong","80","'MS-20 V License' is a software plug-in licence","","false","admin_rejected","https://reverb.com/item/83247963-korg-ms-20-v-license"
"25785b1b-9a41-48a8-b0a8-7d2127c4b02e","gibson-hummingbird","2025 Gibson Hummingbird Standard Acoustic-Electric Guitar Vintage Cherry Sunburst","26085","DKK","","exact","exact","85","'Gibson Hummingbird Standard' acoustic-electric","","true","","https://reverb.com/item/93230360-2025-gibson-hummingbird-standard-acoustic-electric-guitar-vintage-cherry-sunburst"
"257ee155-53af-42c5-8412-0ad8de6081b8","fender-telecaster-custom","Fender Japan TC-72 Reissue Telecaster Custom 1997-2000 - Black","","EUR","","abstain","skipped","58","'Fender Japan TC-72 Reissue' is a different-tier reissue line","","","","https://www.kleinanzeigen.de/s-anzeige/fender-japan-tc-72-reissue-telecaster-custom-1997-2000-black/3499393245-74-1734"
"25871b5a-0c62-4f68-b6ec-35f5378fc2c1","gibson-les-paul-special","Gibson Custom Shop Les Paul Special Double Cut Figured 2018 - Present - Cobra Burst","21526","DKK","","abstain","skipped","65","'Custom Shop ... Double Cut Figured' build tier","","","","https://reverb.com/item/101007149-gibson-custom-shop-les-paul-special-double-cut-figured-2018-present-cobra-burst"
"2593ee11-1ad9-4c06-8af7-c190b19d6fb2","korg-polysix","Korg OEM Knob Cap -Beige ( Polysix, Poly-61, Trident, EX-800, KMX-8, KMX-64 )","65","DKK","","accessory","accessory","96","'Knob Cap' for Polysix and others","","false","admin_rejected","https://reverb.com/item/101584423-korg-oem-knob-cap-beige-polysix-poly-61-trident-ex-800-kmx-8-kmx-64"
"25b23619-f486-4399-8b94-367132c8c0f5","gibson-es-335-dot","GIBSON MEMPHIS ES-335 DOT Reissue Cherry [13010713] (08/18)","17132","DKK","","exact","exact","72","'MEMPHIS ES-335 DOT Reissue Cherry' names the Dot model","","true","","https://reverb.com/item/100657104-gibson-memphis-es-335-dot-reissue-cherry-13010713-08-18"
"25c0c383-118e-4cde-b6d9-b252cfc703e9","fender-american-professional-ii-stratocaster","Fender American Professional II Stratocaster Maple Fingerboard Olympic White (851)","12002","DKK","","exact","exact","95","'American Professional II Stratocaster' with fingerboard/finish","","true","","https://reverb.com/item/91952568-fender-american-professional-ii-stratocaster-maple-fingerboard-olympic-white-851"
"25cfcc37-3aef-4b7b-9234-f9d2ed8770b4","roland-tr-606","Roland TR-06 Authentic TR-606 Boutique Series Rhythm MacHine and So Much More.","3600","DKK","","wrong","wrong","92","'TR-06 Boutique' is a modern reissue unit, not TR-606","","false","admin_rejected","https://reverb.com/item/84762677-roland-tr-06-authentic-tr-606-boutique-series-rhythm-machine-and-so-much-more"
"25f630f1-0eb2-4e5d-9899-011db0ec3ecc","korg-ms-20","Korg ms 20 legacy edition","745","EUR","","abstain","skipped","60","'legacy edition' suggests Korg Legacy software/controller, unclear","","","","https://www.kleinanzeigen.de/s-anzeige/korg-ms-20-legacy-edition/3515177247-74-3138"
"26138358-0770-4238-8277-203465358880","gibson-les-paul-custom","Gibson Les Paul Custom Shop R7 Made to Measure 1957 Reissue in Cardinal Red","29142","DKK","","wrong","wrong","65","'R7 ... 1957 Reissue' is a Custom Shop Standard reissue, 'Custom' is only the shop name","","false","admin_rejected","https://reverb.com/item/98239959-gibson-les-paul-custom-shop-r7-made-to-measure-1957-reissue-in-cardinal-red"
"26aed532-f583-455a-914a-23aef27c9618","gibson-les-paul-studio","Gibson 2011 Les Paul Studio Wine Red + Case","","EUR","","exact","exact","93","'Les Paul Studio Wine Red + Case'","","true","","https://www.kleinanzeigen.de/s-anzeige/gibson-2011-les-paul-studio-wine-red-case/3507067599-74-17298"
"26da440e-2885-438b-bcbb-f29425f3a9b9","gibson-les-paul-special","Gibson Les Paul Special Faded - Satin TV Yellow 214250079","10264","DKK","","exact","exact","72","'Les Paul Special Faded' is a finish variant of the Special","","true","","https://reverb.com/item/95615115-gibson-les-paul-special-faded-satin-tv-yellow-214250079"
"26fa2fe3-fc95-4e0b-a3d5-f678c6766e63","fender-mustang-bass","2019 Fender American Performer Mustang Bass Aubergine","9605","DKK","","abstain","skipped","55","'American Performer Mustang Bass' names a distinct series tier","","","","https://reverb.com/item/101538618-2019-fender-american-performer-mustang-bass-aubergine"
"27499788-bd61-4d02-a5e7-a0b52b4b84bf","gibson-les-paul-studio","Gibson Les Paul Studio Session Bourbon Burst w/Soft Case","13129","DKK","","abstain","skipped","55","'Les Paul Studio Session' is a separate named sub-model","","","","https://reverb.com/item/86058864-gibson-les-paul-studio-session-bourbon-burst-w-soft-case"
"278c6cbf-a803-44b9-8d62-d14e01afc627","gibson-les-paul-custom","Gibson Custom Shop Willcutt Cavern Collection Les Paul Custom Quilt Transparent Blue Chambered (317)","54134","DKK","","abstain","skipped","65","'Custom Shop Willcutt Cavern Collection' limited build tier","","","","https://reverb.com/item/101092155-gibson-custom-shop-willcutt-cavern-collection-les-paul-custom-quilt-transparent-blue-chambered-317"
"278e7cf9-7248-433a-84a4-09041e87ba13","wurlitzer-200a","Wurlitzer 200A - totalrestaurert","37500","NOK","","exact","exact","93","'Wurlitzer 200A' fully restored instrument","","true","","https://www.finn.no/recommerce/forsale/item/470258711"
"27a166e4-769b-46e3-9944-a2a17bbdce5a","neumann-u87ai","Neumann U 87 Ai Set Z Multi-Pattern Microphone Set (Nickel)","26059","DKK","","exact","exact","88","'U 87 Ai Set Z' is the mic with shockmount/case bundle","","true","","https://reverb.com/item/41410750-neumann-u-87-ai-set-z-multi-pattern-microphone-set-nickel"
"27bb7bd3-5c66-495e-8258-de23626a9184","gibson-les-paul-special","Gibson Custom Shop '60 Les Paul Special Double Cut Reissue - Cherry Red VOS","19569","DKK","","abstain","skipped","70","'Custom Shop '60 Reissue VOS' is a different market tier than factory Les Paul Special","","","","https://reverb.com/item/101589263-gibson-custom-shop-60-les-paul-special-double-cut-reissue-cherry-red-vos"
"28189e94-02da-403b-b4d5-4a9ebba79e16","gibson-j-45","Gibson 50s J-45 Original, Vintage Sunburst | Demo","15472","DKK","","exact","exact","72","'50s J-45 Original' is a J-45 production variant","","true","","https://reverb.com/item/100623707-gibson-50s-j-45-original-vintage-sunburst-demo"
"2822b0ea-9874-464b-b757-09acdc9305ac","neumann-u87ai","Neumann U87Ai Set Z Multi-Pattern Large Condenser Microphone - Open Box","20792","DKK","","exact","exact","88","'U87Ai Set Z' microphone, open box condition only","","true","","https://reverb.com/item/100486814-neumann-u87ai-set-z-multi-pattern-large-condenser-microphone-open-box"
"2835b661-871e-45e2-8074-75f64d0d766c","fender-telecaster-thinline","FGN Neo Classic 100 Telecaster thinline (Fender Killer )","","EUR","","wrong","wrong","93","FGN Neo Classic; 'Fender Killer' is a comparison, not the brand","","false","admin_rejected","https://www.kleinanzeigen.de/s-anzeige/fgn-neo-classic-100-telecaster-thinline-fender-killer-/3513323977-74-1552"
"283cd561-5039-4bef-8bef-5738a0491a45","gibson-les-paul-studio","Gibson Les Paul Studio - EB (#016)","8652","DKK","","exact","exact","93","'Les Paul Studio - EB' colour only","","true","","https://reverb.com/item/85099250-gibson-les-paul-studio-eb-016"
"28441dd9-a07f-450e-aa54-21a10c7af8e3","roland-sh-101","Roland SH-101 32-Key Monophonic Synthesizer 1982 - 1986 - Gray","8051","DKK","","exact","exact","95","'Roland SH-101' named directly","","true","","https://reverb.com/item/101791155-roland-sh-101-32-key-monophonic-synthesizer-1982-1986-gray"
"28815ddf-9055-42ec-99b5-112bda056b95","moog-minimoog","Moog Minimoog Voyager XL • The Ultimate Minimoog ! ! !","32608","DKK","","wrong","wrong","88","'Minimoog Voyager XL' is a distinct later model, not the Minimoog","","false","admin_rejected","https://reverb.com/item/101376642-moog-minimoog-voyager-xl-the-ultimate-minimoog"
"28b57842-abb3-4703-8aa0-000cd456d194","korg-polysix","Original sliding switch cap for the Korg PolySix, MonoPoly, Trident, etc (1980-1990)","24","DKK","","accessory","accessory","96","'Original sliding switch cap for' a PolySix","","false","admin_rejected","https://reverb.com/item/101960514-original-sliding-switch-cap-for-the-korg-polysix-monopoly-trident-etc-1980-1990"
"29172ff0-64e4-4a07-a2f4-f800c4342909","gibson-les-paul-studio","Gibson Les Paul Studio 120th Anniversary Desert Burst USA 2014","","EUR","","exact","exact","78","'Les Paul Studio 120th Anniversary' is a dated Studio edition","","true","","https://www.kleinanzeigen.de/s-anzeige/gibson-les-paul-studio-120th-anniversary-desert-burst-usa-2014/3503526229-74-1803"
"293b9a8e-515c-4a0c-b321-954b7c35d562","gibson-les-paul-special","Gibson Custom Shop Historic Collection 1960 Reissue R0 Les Paul Special Double Cutaway | TV Yellow w/OHSC + upgrades","18168","DKK","","abstain","skipped","72","'Custom Shop Historic 1960 Reissue R0' tier differs from catalogue Les Paul Special","","","","https://reverb.com/item/95913090-gibson-custom-shop-historic-collection-1960-reissue-r0-les-paul-special-double-cutaway-tv-yellow-w-ohsc-upgrades"
"294970b6-d7a5-4363-a92a-3a17f4e24af8","gibson-les-paul-custom","Gibson Custom Shop Historic Les Paul Custom R7 2001 - Black","33920","DKK","","abstain","skipped","72","'Custom Shop Historic R7' reissue tier vs factory Les Paul Custom","","","","https://reverb.com/item/92253202-gibson-custom-shop-historic-les-paul-custom-r7-2001-black"
"294bbe06-fd44-4dc0-8e27-514b02f204b7","gibson-es-335-dot","Gibson ES-335 Dot 1981 - Blonde Natural","34563","DKK","","exact","exact","93","'ES-335 Dot' with year and finish only","","true","","https://reverb.com/item/75697379-gibson-es-335-dot-1981-blonde-natural"
"29835711-8255-4a87-9a52-99f5da8e13d3","gibson-les-paul-special","Gibson Les Paul Special Vintage Cherry","14115","DKK","","exact","exact","92","'Les Paul Special Vintage Cherry' finish only","","true","","https://reverb.com/item/36572383-gibson-les-paul-special-vintage-cherry"
"29886781-4a54-4b45-89f6-6710c8c3bc26","gibson-j-45","Gibson J-45 Standard - Vintage Sunburst - 21676106 - PLEK'd","19569","DKK","","exact","exact","90","'J-45 Standard' with serial and setup note","","true","","https://reverb.com/item/100744519-gibson-j-45-standard-vintage-sunburst-21676106-plek-d"
"29ad25d9-413a-4054-adb5-b1ac35926be0","gibson-es-335-dot","Gibson ES-335 Dot 2014 Figured Cherry","19968","DKK","","exact","exact","92","'ES-335 Dot' with year and figured finish","","true","","https://reverb.com/item/100563028-gibson-es-335-dot-2014-figured-cherry"
"29c7237b-1c96-4f0a-8b3e-295561044a3b","gibson-les-paul-special","Gibson Custom Shop Les Paul Special Double Cut Figured Blue Burst 2019","35120","DKK","","abstain","skipped","70","'Custom Shop Les Paul Special Double Cut' is a different build tier","","","","https://reverb.com/item/101209573-gibson-custom-shop-les-paul-special-double-cut-figured-blue-burst-2019"
"2a2f003e-b3f1-47f8-ae87-bbc49fa28fc3","korg-polysix","Korg PolySix 220v + Midi ModyPoly HiRes Tubbutec + Korg Flightcase","12496","DKK","","exact","exact","88","'Korg PolySix' with reversible MIDI mod and case","","true","","https://reverb.com/item/100707885-korg-polysix-220v-midi-modypoly-hires-tubbutec-korg-flightcase"
"2a3ed278-c765-4906-99ad-be8e2b82bd0a","fender-mustang-bass","Fender Player II Mustang Bass PJ - Aquatone Blue","3863","DKK","","abstain","skipped","60","'Player II Mustang Bass PJ' is a distinct line/pickup config","","","","https://reverb.com/item/95381881-fender-player-ii-mustang-bass-pj-aquatone-blue"
"2a70c4ef-916e-434f-8062-066e85b1bdf4","gibson-les-paul-custom","Gibson Les Paul Custom Alpine White 1987 4085g","34450","SEK","","exact","exact","92","'Les Paul Custom' with year and finish","","true","","https://www.blocket.se/recommerce/forsale/item/26631477"
"2a80bd58-4a8e-4ee4-8378-57f8548f0197","fender-american-vintage-52-telecaster","Fender American Vintage '52 Telecaster 1997 - Copper","17258","DKK","","exact","exact","94","'American Vintage '52 Telecaster' named exactly","","true","","https://reverb.com/item/96909601-fender-american-vintage-52-telecaster-1997-copper"
"2a87be23-eda2-46b4-b0a9-d658b73fc9df","gibson-es-335-dot","2003 Gibson ES-335 Dot Semi-Hollow Electric Guitar Figured Beale Street Blue + COA OHSC","24102","DKK","","exact","exact","92","'ES-335 Dot Semi-Hollow' with COA and case","","true","","https://reverb.com/item/93389565-2003-gibson-es-335-dot-semi-hollow-electric-guitar-figured-beale-street-blue-coa-ohsc"
"2a98fb3b-9540-418e-b58e-c52193ea767e","gibson-es-335-dot","Gibson ES-335 Dot Cherry 1987","21812","DKK","","exact","exact","93","'ES-335 Dot Cherry 1987'","","true","","https://reverb.com/item/94567599-gibson-es-335-dot-cherry-1987"
"2ab9b045-aed1-478c-89fb-5a74a1e6825c","gibson-les-paul-custom","Gibson Les Paul Custom 1983 aus Nashville USA","","EUR","","exact","exact","90","'Les Paul Custom 1983' year only","","true","","https://www.kleinanzeigen.de/s-anzeige/gibson-les-paul-custom-1983-aus-nashville-usa/3512726639-74-5691"
"2afdd400-0341-4901-903d-35b759bffb38","gibson-les-paul-standard-50s","Gibson Les Paul Standard '50s - TO (#152)","15999","DKK","","exact","exact","93","'Les Paul Standard '50s' matches candidate name exactly","","true","","https://reverb.com/item/101484685-gibson-les-paul-standard-50s-to-152"
"2afe4979-3593-468c-964d-5850b7c616ec","roland-system-100","Roland System 100 Model 104 [621274] (09/07)","21144","DKK","","accessory","accessory","68","'Model 104' is a single module of the System 100, not the complete system","","false","admin_rejected","https://reverb.com/item/101522633-roland-system-100-model-104-621274-09-07"
"2b0ca4b4-cdcc-4f6c-88b4-67cfa22953ba","roland-juno-106","Roland Juno-106 Synthesizer mit Ständer, Hocker und Boss Pedal","","EUR","","exact","exact","92","Juno-106 synthesizer sold with stand/stool/pedal bundle","","true","","https://www.kleinanzeigen.de/s-anzeige/roland-juno-106-synthesizer-mit-staender-hocker-und-boss-pedal/3501249320-74-9367"
"2b45a614-f063-4e41-b1f8-eff8ff59db21","fender-telecaster-thinline","1968 Fender Telecaster Thinline + OHSC","81917","DKK","","exact","exact","88","'Telecaster Thinline' with case; case bundle irrelevant","","true","","https://reverb.com/item/96089729-1968-fender-telecaster-thinline-ohsc"
"2b59060a-722f-4fee-9369-a1672996559d","tube-tech-lca-2b","Tube-Tech LCA 2B Dual Channel Tube VCA Compressor / Limiter 2010s - Blue","18591","DKK","","exact","exact","93","'Tube-Tech LCA 2B' named directly","","true","","https://reverb.com/item/101800961-tube-tech-lca-2b-dual-channel-tube-vca-compressor-limiter-2010s-blue"
"2b965b7b-faa9-419e-9f72-035ce5dc6be7","neumann-u87ai","Neumann U 87 Ai Condenser Microphone. U87Ai U87. 169724","16245","DKK","","exact","exact","94","'Neumann U 87 Ai Condenser Microphone'","","true","","https://reverb.com/item/100758422-neumann-u-87-ai-condenser-microphone-u87ai-u87-169724"
"2ba273d7-5dd2-43dd-92d7-75603384a409","fender-american-professional-ii-stratocaster","Fender American Professional II Stratocaster – Miami Blue w/Maple","12002","DKK","","exact","exact","93","'American Professional II Stratocaster' with finish/neck spec only","","true","","https://reverb.com/item/77192736-fender-american-professional-ii-stratocaster-miami-blue-w-maple"
"2ca3e2a7-9c69-4066-8fce-776483952ed9","roland-juno-60","Roland Juno-60 synthesizer keyboard","25000","DKK","","exact","exact","92","'Roland Juno-60 synthesizer keyboard'","","true","","https://www.dba.dk/recommerce/forsale/item/24349488"
"2cb539ef-2ab8-43bf-8748-5c2d0f32ba06","gibson-es-335-dot","2017 Gibson Memphis ES-335 Dot Wine Red","14301","DKK","","exact","exact","85","'ES-335 Dot' with factory (Memphis) and colour only","","true","","https://reverb.com/item/97633824-2017-gibson-memphis-es-335-dot-wine-red"
"2cb6c335-f37b-457d-bd03-dfc0cf3f0ba7","moog-model-d","Moog Model D modified like Gary Numan’s Mini Moog.","148387","DKK","","exact","exact","58","titled 'Moog Model D'; modification does not change identity","","true","","https://reverb.com/item/97996066-moog-model-d-modified-like-gary-numan-s-mini-moog"
"2cb71284-855a-4b77-8039-2762c10e48f7","gibson-les-paul-studio","E-Gitarre Gibson Les Paul Studio 2016 T","","EUR","","exact","exact","90","'Gibson Les Paul Studio 2016 T'","","true","","https://www.kleinanzeigen.de/s-anzeige/e-gitarre-gibson-les-paul-studio-2016-t/3505551460-74-258"
"2d6ae28c-bafd-409a-8e22-f892b7d07250","gibson-les-paul-custom","Gibson Custom Shop 1957 Les Paul Custom Reissue Black Beauty VOS – 2023","39500","DKK","","abstain","skipped","65","'Custom Shop 1957 ... Reissue VOS' is a different tier than factory Les Paul Custom","","","","https://www.dba.dk/recommerce/forsale/item/24579814"
"2d790483-bef8-4a0a-8180-77af8a81d81b","gibson-j-45","Gibson J-45 Standard 2011 - Vintage Sunburst","13390","DKK","","exact","exact","90","'Gibson J-45 Standard' with year and finish","","true","","https://reverb.com/item/100815345-gibson-j-45-standard-2011-vintage-sunburst"
"2d7f0d39-5422-4bd6-af06-4521c0cb5b7e","tube-tech-lca-2b","Upgraded & Modified Tube-Tech LCA 2B Dual Channel Tube VCA Compressor / Limiter","37388","DKK","","exact","exact","85","'Tube-Tech LCA 2B'; modification is reversible spec detail","","true","","https://reverb.com/item/48068376-upgraded-modified-tube-tech-lca-2b-dual-channel-tube-vca-compressor-limiter"
"2db721f4-1846-4dd6-8f47-dea3ae4c0a35","roland-tr-909","MINT Roland TR-909 Rhythm Composer 1983 - 1985 - White","45067","DKK","","exact","exact","94","'Roland TR-909 Rhythm Composer'","","true","","https://reverb.com/item/102005439-mint-roland-tr-909-rhythm-composer-1983-1985-white"
"2de57e30-7c85-4ce7-9ea0-172d7ca3f8b7","fender-american-professional-ii-stratocaster","Fender American Professional II Stratocaster 3-Color Sunburst Maple Fingerboard (951)","12002","DKK","","exact","exact","93","'American Professional II Stratocaster' plus finish/fingerboard","","true","","https://reverb.com/item/91913498-fender-american-professional-ii-stratocaster-3-color-sunburst-maple-fingerboard-951"
"2e04bbcd-de5f-4fb5-a610-4e3d663ef2b5","fender-american-professional-ii-stratocaster","Fender American Professional II Stratocaster Dark Night Rosewood (039)","12002","DKK","","exact","exact","93","'American Professional II Stratocaster' plus colour","","true","","https://reverb.com/item/91898560-fender-american-professional-ii-stratocaster-dark-night-rosewood-039"
"2e1a9f95-8e7b-41bb-905c-56f740e5e588","gibson-j-45","Gibson '60s J-45 Original Wine Red","19562","DKK","","exact","exact","72","'J-45 Original' is a J-45 variant, no J-45 sibling row competes","","true","","https://reverb.com/item/100779149-gibson-60s-j-45-original-wine-red"
"2e57607a-0521-4870-a7a6-44dd2b4bf4ef","gibson-les-paul-custom","Gibson Les Paul Custom Shop R7 1957 Gold Top 2023","33965","DKK","","wrong","wrong","70","'R7 1957 Gold Top' is a Standard-type reissue, not a Les Paul Custom","","false","admin_rejected","https://reverb.com/item/99984687-gibson-les-paul-custom-shop-r7-1957-gold-top-2023"
"2e6ab92a-040b-45af-9b6d-25e94e1432c3","gibson-les-paul-special","Gibson Custom Shop 1957 Les Paul Special Single Cut Reissue - TV Yellow","27340","DKK","","abstain","skipped","65","'Custom Shop 1957 ... Reissue' tier differs from catalogue Les Paul Special","","","","https://reverb.com/item/74651491-gibson-custom-shop-1957-les-paul-special-single-cut-reissue-tv-yellow"
"2ea9567d-095e-4a96-89cf-ccd0b7fddb6e","gibson-hummingbird","Gibson Hummingbird Original - Heritage Cherry Sunburst","25472","DKK","","exact","exact","85","'Gibson Hummingbird Original' with finish","","true","","https://reverb.com/item/35262593-gibson-hummingbird-original-heritage-cherry-sunburst"
"2eddcb34-d649-4f73-9a44-2bd09ba169f1","fender-mustang-bass","2018 Fender Offset series Mustang Bass PJ Olympic White","4877","DKK","","abstain","skipped","60","'Offset series Mustang Bass PJ' is a distinct modern sub-model","","","","https://reverb.com/item/100962554-2018-fender-offset-series-mustang-bass-pj-olympic-white"
"2efd6f76-317c-4b72-97bc-a6074dd49ad8","yamaha-dx7","Yamaha TX7 FM Tone Generator (DX7 Rack Module) — Very Good, w/ Manual & Performance Data Tape","3187","DKK","","wrong","wrong","90","'Yamaha TX7 FM Tone Generator' rack module, not a DX7","","false","admin_rejected","https://reverb.com/item/102041406-yamaha-tx7-fm-tone-generator-dx7-rack-module-very-good-w-manual-performance-data-tape"
"2fec6a5d-94b9-4978-b0e2-a0841c331ada","gibson-les-paul-custom","Gibson Les Paul Custom Shop 59 Reissue R9 2006 - Cherry Sunburst","23468","EUR","","wrong","wrong","72","'59 Reissue R9 Cherry Sunburst' is a Standard reissue, not Les Paul Custom","","false","admin_rejected","https://www.kleinanzeigen.de/s-anzeige/gibson-les-paul-custom-shop-59-reissue-r9-2006-cherry-sunburst/3516337746-74-1734"
"2fee99a6-ad1a-4f83-a5a3-cead2c59eb12","gibson-les-paul-special","Gibson Les Paul Special Tribute P-90 Natural Walnut 2020","4875","SEK","","abstain","skipped","62","'Les Paul Special Tribute P-90' is a budget-tier sub-model","","","","https://www.blocket.se/recommerce/forsale/item/25745481"
"2ffaf990-e86a-4d38-8ad2-ceb39f05f172","roland-tr-606","[SALE Ends Sep 24] Roland TR-606 Drumatix Computer Controlled Vintage Drum Machine w/ 100-240V PSU","3131","DKK","","exact","exact","93","'Roland TR-606 Drumatix' drum machine sold with PSU","","true","","https://reverb.com/item/100691956-sale-ends-sep-24-roland-tr-606-drumatix-computer-controlled-vintage-drum-machine-w-100-240v-psu"
"2aa0c155-0e6b-4f88-8f4b-820713ad6135","gibson-les-paul-studio","Gibson Les Paul Studio elektrisk gitar svart","7800","NOK","","exact","exact","90","'Les Paul Studio' electric guitar, black","","true","","https://www.finn.no/recommerce/forsale/item/473646097"
"30010e87-60a1-4553-b774-d39edac1430f","gibson-les-paul-special","Gibson Les Paul Special - EB (#028)","12207","DKK","","exact","exact","88","'Gibson Les Paul Special' with finish code only","","true","","https://reverb.com/item/89125524-gibson-les-paul-special-eb-028"
"301afa1b-8ec8-4ac6-965a-a7f119f7eb0c","gibson-es-335-dot","Gibson ES-335 Dot Figured Antique Natural 2001","22730","DKK","","exact","exact","78","'ES-335 Dot' with figured top/finish descriptor","","true","","https://reverb.com/item/95765590-gibson-es-335-dot-figured-antique-natural-2001"
"303813ac-d8de-49c4-b14d-8ff0e3619536","roland-tr-707","Roland TR-707 Rhythm Composer","2671","DKK","","exact","exact","94","'Roland TR-707 Rhythm Composer'","","true","","https://reverb.com/item/94265914-roland-tr-707-rhythm-composer"
"3059d054-c428-4309-8e69-b01633c6af86","gibson-hummingbird","Gibson Hummingbird Standard 2020 - Present - Vintage Sunburst","18048","DKK","","exact","exact","80","'Gibson Hummingbird Standard' with finish/year range","","true","","https://reverb.com/item/95096318-gibson-hummingbird-standard-2020-present-vintage-sunburst"
"3081f8a2-cce1-47eb-9505-5d1f7ab7b446","roland-juno-106","Roland Juno-106 Serviced","12496","DKK","","exact","exact","92","'Roland Juno-106', service history irrelevant","","true","","https://reverb.com/item/100941680-roland-juno-106-serviced"
"309ece4f-11e8-45e2-a590-52a8e623535c","gibson-es-335-dot","1984 Gibson ES-335 Dot Vintage Sunburst","29353","DKK","","exact","exact","88","'Gibson ES-335 Dot' with year and finish","","true","","https://reverb.com/item/101838692-1984-gibson-es-335-dot-vintage-sunburst"
"30ee32bc-086b-488d-8aa6-c7aed0f92f0d","gibson-les-paul-special","made in Canada Gibson Les Paul Special Single Cut","913","DKK","","exact","exact","58","'Gibson Les Paul Special Single Cut'; odd 'made in Canada' claim","","true","","https://reverb.com/item/97794820-made-in-canada-gibson-les-paul-special-single-cut"
"3112abe0-b2ed-4ae7-9b93-c95fb3c431f9","gibson-les-paul-special","Gibson Les Paul Special Double Cut DC TV Yellow | P90 | 2004","","EUR","","exact","exact","70","'Gibson Les Paul Special Double Cut' TV Yellow P90","","true","","https://www.kleinanzeigen.de/s-anzeige/gibson-les-paul-special-double-cut-dc-tv-yellow-p90-2004/3500306497-74-19394"
"31716b2e-3f24-4e6a-b833-454a5dffb6bd","fender-american-professional-ii-stratocaster","Fender American Professional II Stratocaster - MN MBL (#014)","12825","DKK","","exact","exact","93","'Fender American Professional II Stratocaster' with neck/finish codes","","true","","https://reverb.com/item/67238079-fender-american-professional-ii-stratocaster-mn-mbl-014"
"31bda738-4652-4837-b6b7-3d2eba4d0cb0","yamaha-dx7","Yamaha DX7 Programmable Algorithm Synthesizer 1983 - 1987 - Black","4076","DKK","","exact","exact","93","'Yamaha DX7 Programmable Algorithm Synthesizer'","","true","","https://reverb.com/item/99654648-yamaha-dx7-programmable-algorithm-synthesizer-1983-1987-black"
"31d5f379-062c-425d-967f-ee539ca8017c","moog-minimoog","Original 70's Moog Minimoog Model D Signed By Bob Moog!","52151","DKK","","exact","exact","72","'Original 70's Moog Minimoog Model D' = vintage Minimoog","","true","","https://reverb.com/item/99655140-original-70-s-moog-minimoog-model-d-signed-by-bob-moog"
"31dbaa07-78e4-4bc0-b7fb-2901759b380e","gibson-les-paul-special","Used Gibson Les Paul Special - Vintage Cherry","9219","DKK","","exact","exact","90","'Gibson Les Paul Special' used, Vintage Cherry","","true","","https://reverb.com/item/74240102-used-gibson-les-paul-special-vintage-cherry"
"31f5d5a3-9ad9-4dbb-bdfe-c79bd21b25bc","roland-juno-6","Roland Juno-6 61-Key Polyphonic Synthesizer 1982 - 1984 - Black","19525","DKK","","exact","exact","93","'Roland Juno-6 61-Key Polyphonic Synthesizer'","","true","","https://reverb.com/item/101607764-roland-juno-6-61-key-polyphonic-synthesizer-1982-1984-black"
"322acd27-793f-46f5-a0d5-d5185e96eb9c","fender-american-professional-ii-stratocaster","Fender American Professional II Stratocaster Limited SeafoamGreen","","EUR","","exact","exact","85","'American Professional II Stratocaster' limited colour","","true","","https://www.kleinanzeigen.de/s-anzeige/fender-american-professional-ii-stratocaster-limited-seafoamgreen/3496516724-74-9026"
"32644bf1-d5cd-4578-bb87-258df3ee9ea8","gibson-les-paul-custom","Gibson Les Paul Custom Shop MS 1958 Iced Tea","","EUR","","abstain","skipped","60","'Custom Shop MS 1958 Iced Tea' names a Custom Shop '58 build, not the factory Les Paul Custom","","","","https://www.kleinanzeigen.de/s-anzeige/gibson-les-paul-custom-shop-ms-1958-iced-tea/3503190826-74-8669"
"3265e354-7adb-400f-924a-b57469e98369","gibson-es-335-dot","2022 Gibson ES-335 Dot","16307","DKK","","exact","exact","90","'2022 Gibson ES-335 Dot'","","true","","https://reverb.com/item/94541758-2022-gibson-es-335-dot"
"327d3938-be5c-44a7-a24f-b646102483e8","gibson-les-paul-custom","Gibson Les Paul Custom - Custom shop","26820","EUR","","exact","exact","72","'Gibson Les Paul Custom' (Custom Shop built, as standard for the model)","","true","","https://www.kleinanzeigen.de/s-anzeige/gibson-les-paul-custom-custom-shop/3516326125-74-5305"
"328d6853-1718-42f1-99e0-2da292222041","tube-tech-cl1b","TubeTech CL 1B All Tube Mono Compressor - Dynamics processor","26147","DKK","","exact","exact","93","'TubeTech CL 1B' tube compressor unit","","true","","https://reverb.com/item/81545641-tubetech-cl-1b-all-tube-mono-compressor-dynamics-processor"
"32abf19c-ba8b-457d-85b9-db809de91239","neumann-u87ai","Neumann U 87 Ai Studio Set 2010 - Present - Nickel","11239","DKK","","exact","exact","85","'Neumann U 87 Ai Studio Set' = mic with bundled accessories","","true","","https://reverb.com/item/101624449-neumann-u-87-ai-studio-set-2010-present-nickel"
"32af50c8-73a5-4e1d-8e5e-d5ae6f999484","fender-mustang-bass","FENDER - JMJ Road Worn Mustang Bass  Rosewood Fingerboard  Faded Daphne Blue - 0144060390","10858","DKK","","wrong","wrong","66","'JMJ Road Worn Mustang Bass' signature model, not plain Mustang Bass","","false","admin_rejected","https://reverb.com/item/50644538-fender-jmj-road-worn-mustang-bass-rosewood-fingerboard-faded-daphne-blue-0144060390"
"32cbe028-c57a-45dd-bdbf-e40fe6d254a1","fender-american-professional-ii-stratocaster","Fender American Professional II Stratocaster - nahezu neuwertig","12293","EUR","","exact","exact","90","'Fender American Professional II Stratocaster', condition note only","","true","","https://www.kleinanzeigen.de/s-anzeige/fender-american-professional-ii-stratocaster-nahezu-neuwertig/3499313944-74-8088"
"33028011-644a-4367-9e52-32477e9db34d","roland-tr-606","Roland TR-606 w/Tubbutec uniPulse mod","4944","DKK","","exact","exact","88","'Roland TR-606' complete unit with a mod","","true","","https://reverb.com/item/88229555-roland-tr-606-w-tubbutec-unipulse-mod"
"33061603-3839-4f8e-915f-0107e4d4737e","gibson-les-paul-custom","Gibson Les Paul Custom Ultima Darkness Justin Hawkins","192955","EUR","","abstain","skipped","58","'Ultima Darkness Justin Hawkins' names a signature/Ultima build not in catalogue","","","","https://www.kleinanzeigen.de/s-anzeige/gibson-les-paul-custom-ultima-darkness-justin-hawkins-/3497103674-74-8080"
"331606ec-0441-4b31-8f41-881418cdc22f","gibson-les-paul-special","2019 Gibson Custom Les Paul Special Double Cut Figured Maple Top (Bourbon Burst)","29978","DKK","","abstain","skipped","62","'Gibson Custom' figured-top Les Paul Special, Custom Shop tier","","","","https://reverb.com/item/101932832-2019-gibson-custom-les-paul-special-double-cut-figured-maple-top-bourbon-burst"
"3319530e-5e18-48ff-9d08-fa57ee9c1e6c","gibson-les-paul-custom","2014 Gibson LTD Les Paul Custom Historic P90 Ebony Black","32028","EUR","","abstain","skipped","60","'LTD ... Custom Historic P90' names a limited Historic/Custom Shop tier, not the standard Les Paul Custom","","","","https://www.kleinanzeigen.de/s-anzeige/2014-gibson-ltd-les-paul-custom-historic-p90-ebony-black/3311707282-74-7584"
"331f7cdb-c8cb-4976-9f5b-1bee64d6124a","gibson-es-335-dot","Gibson ES-335 Dot 1991  Cherry","25339","DKK","","exact","exact","95","'Gibson ES-335 Dot' with year and colour only","","true","","https://reverb.com/item/96977602-gibson-es-335-dot-1991-cherry"
"33ad3557-2242-41b0-b270-2be3a42a3f7b","yamaha-dx7","YAMAHA BC1 BC-1 Breath Controller for DX7 DX100 DX11 CS01 VL70-m VL1","1044","DKK","","accessory","accessory","96","'BC1 Breath Controller for DX7' - a controller accessory","","false","admin_rejected","https://reverb.com/item/101978672-yamaha-bc1-bc-1-breath-controller-for-dx7-dx100-dx11-cs01-vl70-m-vl1"
"33fe426a-d7cd-4692-bc8b-0c03fa0b4236","roland-re-201","Roland Space Echo RE-201","5215","EUR","","exact","exact","95","'Roland Space Echo RE-201'","","true","","https://www.kleinanzeigen.de/s-anzeige/roland-space-echo-re-201/3490301276-74-27700"
"340a0d6d-622f-4093-93c2-821017c33581","gibson-les-paul-special","Gibson USA Les Paul Special - TV Yellow","11657","DKK","","exact","exact","93","'Gibson USA Les Paul Special' with finish only","","true","","https://reverb.com/item/90813112-gibson-usa-les-paul-special-tv-yellow"
"34309ac3-9c71-41c6-81d7-fa11e3d01dde","roland-juno-60","Roland Juno-60 61-Key Polyphonic Synthesizer 1982 - 1984 - Black","22258","DKK","","exact","exact","95","'Roland Juno-60' synthesizer","","true","","https://reverb.com/item/93939894-roland-juno-60-61-key-polyphonic-synthesizer-1982-1984-black"
"34523204-87d1-45fa-926c-ff760e5155a5","yamaha-dx7","Yamaha DX7 serie 7750","6338","SEK","","exact","exact","88","'Yamaha DX7' plus serial-like number","","true","","https://www.blocket.se/recommerce/forsale/item/26103602"
"34847bb1-9583-4c38-84be-7b09d260daae","gibson-j-45","Gibson '50s J-45 Original 2019 - Present - Vintage Sunburst","20547","DKK","","exact","exact","75","'Gibson '50s J-45 Original' - J-45 line variant","","true","","https://reverb.com/item/81592500-gibson-50s-j-45-original-2019-present-vintage-sunburst"
"348ef41f-0d15-4ad6-8a6e-cc95401275dd","fender-american-professional-ii-stratocaster","Fender American Professional II stratocaster 75 Jahr. E Gitarre","14893","EUR","","exact","exact","88","'Fender American Professional II stratocaster', 75th anniversary edition","","true","","https://www.kleinanzeigen.de/s-anzeige/fender-american-professional-ii-stratocaster-75-jahr-e-gitarre/3496963368-74-4029"
"349cf979-2492-4cf3-9da9-af23ff431d30","gibson-les-paul-standard-60s","Gibson Les Paul Standard '60s Faded - VBB (#364)","13130","DKK","","exact","exact","88","'Les Paul Standard '60s Faded' - finish variant of the '60s Standard","","true","","https://reverb.com/item/101478641-gibson-les-paul-standard-60s-faded-vbb-364"
"34fe1ba4-0b77-4e3a-93e2-f8ec48ab9373","moog-minimoog","Moog Minimoog Voyager Old School 44-Key Monophonic Synthesizer 2008 - 2009 Ash Cabinet","27397","DKK","","wrong","wrong","88","'Minimoog Voyager Old School' is a distinct later model, not the Minimoog","","false","admin_rejected","https://reverb.com/item/93819863-moog-minimoog-voyager-old-school-44-key-monophonic-synthesizer-2008-2009-ash-cabinet"
"3500d274-c0f2-42a2-af60-4daa90805b09","gibson-les-paul-special","Gibson Les Paul Special Electric Guitar TV Yellow","9979","DKK","","exact","exact","93","'Gibson Les Paul Special Electric Guitar TV Yellow'","","true","","https://reverb.com/item/98822144-gibson-les-paul-special-electric-guitar-tv-yellow"
"350650e0-4a98-4aa6-b0c5-4da26da8a037","roland-re-201","Roland RE-201 Space Echo - 1983 Model - Serviced / Recapped - K062","11654","DKK","","exact","exact","95","'Roland RE-201 Space Echo', serviced","","true","","https://reverb.com/item/101819522-roland-re-201-space-echo-1983-model-serviced-recapped-k062"
"3537f63a-fefe-4469-810a-e91a3f6cb44d","gibson-les-paul-studio","Gibson Les Paul Studio Session - Tasche + Rechnung vom 08.05.2025","10058","EUR","","abstain","skipped","","no verdict returned","","","","https://www.kleinanzeigen.de/s-anzeige/gibson-les-paul-studio-session-tasche-rechnung-vom-08-05-2025/3494939937-74-1941"
"3559a5f7-a77e-419f-9468-c09fa49a6522","roland-re-201","【Serviced】 Roland RE-201 Space Echo May 1977 Japan w/ Step-Down Transformer","11083","DKK","","exact","exact","94","'Roland RE-201 Space Echo' with transformer included","","true","","https://reverb.com/item/102002766-serviced-roland-re-201-space-echo-may-1977-japan-w-step-down-transformer"
"35789377-9f28-4971-8e20-40178ae7f024","fender-american-vintage-52-telecaster","Fender American Vintage '52 Telecaster 2000s - Butterscotch Blonde","15345","DKK","","exact","exact","94","'Fender American Vintage '52 Telecaster'","","true","","https://reverb.com/item/92925802-fender-american-vintage-52-telecaster-2000s-butterscotch-blonde"
"35983db1-0bd0-4747-b1b8-42a8e6882a36","yamaha-dx7","Yamaha DX7 + Cartridge + Hardcase","","EUR","","exact","exact","93","'Yamaha DX7' sold with cartridge and case","","true","","https://www.kleinanzeigen.de/s-anzeige/yamaha-dx7-cartridge-hardcase/3496389408-74-9093"
"35ad6705-4584-4b48-92a2-ec76ee2653e6","gibson-j-45","Gibson J-45 Standard 2009 - 2019 - Vintage Sunburst","11415","DKK","","exact","exact","92","'Gibson J-45 Standard'","","true","","https://reverb.com/item/101278596-gibson-j-45-standard-2009-2019-vintage-sunburst"
"35c4b7b8-218b-4ac6-bd75-5f334846e2ea","fender-american-professional-ii-stratocaster","Fender American Professional II Stratocaster Thinline Rosewood Fingerboard Transparent Shell Pink (678)","13347","DKK","","wrong","wrong","70","'Stratocaster Thinline' is a distinct semi-hollow model, not the solid-body Am Pro II Strat","","false","admin_rejected","https://reverb.com/item/91705458-fender-american-professional-ii-stratocaster-thinline-rosewood-fingerboard-transparent-shell-pink-678"
"35ce1f11-48c2-45bf-9987-1ecd99f0cdb9","fender-telecaster-thinline","Fender Fender Custom Shop 60's Telecaster Thinline Journeyman Relic 6lbs 2021 - Lacquer Relic","27723","DKK","","abstain","skipped","65","'Custom Shop 60's Telecaster Thinline Journeyman Relic' is a Custom Shop tier build","","","","https://reverb.com/item/99759389-fender-fender-custom-shop-60-s-telecaster-thinline-journeyman-relic-6lbs-2021-lacquer-relic"
"35d6a60b-fce6-478a-a699-74b35c1e035e","korg-ms-20","Korg - MS-20 Mini Semi-Modular Analog Synthesizer [USED]","3862","DKK","","wrong","wrong","95","'MS-20 Mini' is not the original MS-20","","false","admin_rejected","https://reverb.com/item/101351884-korg-ms-20-mini-semi-modular-analog-synthesizer-used"
"35f0bb0f-bfb0-4e45-8f74-24b6dd54c4f6","gibson-les-paul-special","Gibson Les Paul Special TV Yellow (135)","11735","DKK","","exact","exact","92","'Gibson Les Paul Special TV Yellow'","","true","","https://reverb.com/item/91222757-gibson-les-paul-special-tv-yellow-135"
"36115999-f784-41e7-ac30-d2b59d3785a0","gibson-j-45","Gibson J-45 Standard 2025 - Vintage Sunburst","23279","DKK","","exact","exact","92","'Gibson J-45 Standard' 2025","","true","","https://reverb.com/item/101287606-gibson-j-45-standard-2025-vintage-sunburst"
"36186b2f-3086-4901-a569-9346c1476d17","gibson-hummingbird","Gibson Hummingbird Standard Vintage Cherry Sunburst Acoustic-Electric Guitar Left-Handed(Bennetbreeze)","16894","DKK","","exact","exact","90","'Gibson Hummingbird Standard', left-handed variant","","true","","https://reverb.com/item/100773977-gibson-hummingbird-standard-vintage-cherry-sunburst-acoustic-electric-guitar-left-handed-bennetbreeze"
"36388f96-49ca-4dcc-b248-4c0f2648e12a","korg-ms-20","Korg MS-20 (Original)","10800","NOK","","exact","exact","93","'Korg MS-20 (Original)'","","true","","https://www.finn.no/recommerce/forsale/item/373459816"
"363dc42b-5376-4b9d-86f3-e1e14a977d9e","fender-mustang-bass","Fender Mustang Bass MB98-70SD 1997-1998 - Fiesta Red","9379","DKK","","exact","exact","80","'Fender Mustang Bass' with MIJ model code MB98-70SD","","true","","https://reverb.com/item/101696168-fender-mustang-bass-mb98-70sd-1997-1998-fiesta-red"
"365f819d-2b0e-4448-95e1-e79f2a2ceef2","roland-re-201","Roland Space Echo RE-201 Tape Echo/Federhall (bester Zustand)","11548","EUR","","exact","exact","95","'Space Echo RE-201' tape echo unit","","true","","https://www.kleinanzeigen.de/s-anzeige/roland-space-echo-re-201-tape-echo-federhall-bester-zustand-/3504355559-74-3352"
"368a4837-0874-42c7-a1b8-dab71e75383b","gibson-les-paul-studio","Gibson - Les Paul Studio Truss Rod Cover - 010","68","DKK","part_or_accessory:cover","accessory","accessory","96","'Truss Rod Cover' part only","","false","admin_rejected","https://reverb.com/item/97795683-gibson-les-paul-studio-truss-rod-cover-010"
"368db1b3-05a7-4bdc-bb11-b7957f4baaad","gibson-les-paul-custom","Gibson Les Paul Custom 1996","","EUR","","exact","exact","90","'Gibson Les Paul Custom' with year only","","true","","https://www.kleinanzeigen.de/s-anzeige/gibson-les-paul-custom-1996/3499918041-74-7887"
"3697985a-4fb3-4a1f-954a-d9ae0d2fa950","fender-american-professional-ii-stratocaster","Fender American Professional II Stratocaster Miami Blue Maple Fingerboard (048)","12002","DKK","","exact","exact","94","'American Professional II Stratocaster' plus colour/fingerboard","","true","","https://reverb.com/item/91898578-fender-american-professional-ii-stratocaster-miami-blue-maple-fingerboard-048"
"36ab3e2f-6deb-4941-9047-73a2d2328fd8","tube-tech-cl1b","Vintage Tube-Tech CL 1A Mono Opto Compressor 1980s. SN 635! CL1A CL-1A. CL 1B CL1B","53797","DKK","","wrong","wrong","80","vintage 'CL 1A' unit; CL1B only keyword-stuffed","","false","admin_rejected","https://reverb.com/item/97086682-vintage-tube-tech-cl-1a-mono-opto-compressor-1980s-sn-635-cl1a-cl-1a-cl-1b-cl1b"
"36f82214-9ace-460f-ae85-82f8debf5162","gibson-es-335-dot","Gibson ES-335 Dot 1994 - Cherry","18917","DKK","","exact","exact","93","'ES-335 Dot' with year and colour","","true","","https://reverb.com/item/98615094-gibson-es-335-dot-1994-cherry"
"371f993c-4f09-4d0f-b1ab-666baec043a7","gibson-sg-standard-large-guard-with-maestro-vibrola","Gibson SG Standard ""Large Guard"" with Maestro Vibrola 1966 - 1971 - Walnut","39105","DKK","","exact","exact","94","exact name 'SG Standard Large Guard with Maestro Vibrola'","","true","","https://reverb.com/item/101762405-gibson-sg-standard-large-guard-with-maestro-vibrola-1966-1971-walnut"
"373cf703-58e3-43ec-b7a8-c9a169e65c4c","roland-re-501","Roland RE-501 Chorus Echo Tape Delay","16301","DKK","","exact","exact","95","'RE-501 Chorus Echo' matches candidate","","true","","https://reverb.com/item/93659943-roland-re-501-chorus-echo-tape-delay"
"374dd2bf-dff5-4f6b-846c-133951dc0ad1","gibson-les-paul-studio","Gibson Les Paul Studio winered/gold (2010)","","EUR","","exact","exact","90","'Les Paul Studio' with finish and year","","true","","https://www.kleinanzeigen.de/s-anzeige/gibson-les-paul-studio-winered-gold-2010-/3504825332-74-1073"
"37532dc2-5e28-4ee7-ba9f-307d05625ac4","gibson-les-paul-studio","Gibson Les Paul Studio Figured - SK (#027)","12207","DKK","","exact","exact","70","'Les Paul Studio Figured' top variant of same model","","true","","https://reverb.com/item/89713017-gibson-les-paul-studio-figured-sk-027"
"3784a359-564d-42e1-bc00-64556688d16d","roland-system-100","Roland System 100 Modular Synthesizer 1975 - 1979 - Black / Silver","97838","DKK","","exact","exact","92","'Roland System 100 Modular Synthesizer'","","true","","https://reverb.com/item/101658925-roland-system-100-modular-synthesizer-1975-1979-black-silver"
"37bdf719-be1d-44b7-8426-714e05a989c2","gibson-les-paul-studio","Gibson les paul studio","11700","SEK","","exact","exact","85","'Gibson les paul studio' plain model name","","true","","https://www.blocket.se/recommerce/forsale/item/26178064"
"387e8762-fb77-48a8-aa95-53d059175fb4","gibson-es-335-dot","2006 Gibson ES-335 Dot Reissue Stupid Clean Figured Antique Natural W/Original Case, Warranty Card, & Owners Manual Beautiful Natural Gibson ES-335 Dot","22350","DKK","","exact","exact","82","'ES-335 Dot Reissue' with case and manual","","true","","https://reverb.com/item/98597202-2006-gibson-es-335-dot-reissue-stupid-clean-figured-antique-natural-w-original-case-warranty-card-owners-manual-beautiful-natural-gibson-es-335-dot"
"38a4f216-0001-4193-9c91-e1021e3cbf5e","gibson-les-paul-special","Gibson Les Paul Special in Vintage Cherry #220400190","10617","DKK","","exact","exact","92","'Les Paul Special' with finish and serial","","true","","https://reverb.com/item/39161098-gibson-les-paul-special-in-vintage-cherry-220400190"
"38a75e64-e091-4af4-bf89-d2411f3f5bf1","korg-ms-20","Korg MS-20 Mini Semi-Modular Analog Synthesizer 2013 - Present - Black with Korg SQ-1 Sequencer","3537","DKK","","wrong","wrong","92","'MS-20 Mini' is a different product from MS-20","","false","admin_rejected","https://reverb.com/item/101305189-korg-ms-20-mini-semi-modular-analog-synthesizer-2013-present-black-with-korg-sq-1-sequencer"
"38a919db-cdff-4f62-84b6-2405017b4096","gibson-les-paul-standard-60s","Gibson LES PAUL STANDARD '60S ELECTRIC GUITAR (UNBURST)","17932","DKK","","exact","exact","93","'Les Paul Standard '60s' with Unburst finish","","true","","https://reverb.com/item/100779289-gibson-les-paul-standard-60s-electric-guitar-unburst"
"38bf9936-33d8-4c52-9782-e4d725c6fd57","fender-jim-root-jazzmaster","Fender Jim Root Jazzmaster in Flat Black","15329","DKK","","exact","exact","94","'Jim Root Jazzmaster' in Flat Black","","true","","https://reverb.com/item/95631936-fender-jim-root-jazzmaster-in-flat-black"
"38cf2d06-1554-40c1-9a05-8b50069e565e","gibson-j-45","Gibson J-45 Standard 12-String","20324","DKK","","wrong","wrong","70","'J-45 Standard 12-String' is a distinct 12-string model","","false","admin_rejected","https://reverb.com/item/95927303-gibson-j-45-standard-12-string"
"38dd7673-7253-4611-b311-7bd2d2a9daa9","gibson-j-45","Gibson Acoustic 1942 Banner J-45 Acoustic Guitar - Vintage Sunburst","32608","DKK","","abstain","skipped","60","'1942 Banner J-45' reissue/vintage tier not clearly the catalogue row","","","","https://reverb.com/item/39017285-gibson-acoustic-1942-banner-j-45-acoustic-guitar-vintage-sunburst"
"38dfea3b-6ce3-45ea-a57c-34bacb964b09","gibson-hummingbird","Gibson Hummingbird Standard Vintage Sunburst 2021","21309","DKK","","exact","exact","88","'Hummingbird Standard' with finish and year","","true","","https://reverb.com/item/102002199-gibson-hummingbird-standard-vintage-sunburst-2021"
"38e9bd71-60c3-4790-807b-dec4c3c5cde2","neumann-u87ai","Neumann U 87 Ai Condenser Microphone With EA 87 Mount. NEW! Complete Set. U87Ai U87. 186533","19504","DKK","","exact","exact","93","'U 87 Ai' microphone complete set with mount","","true","","https://reverb.com/item/101939072-neumann-u-87-ai-condenser-microphone-with-ea-87-mount-new-complete-set-u87ai-u87-186533"
"39288750-9033-40f6-ab3b-7ec35f13b71b","korg-ms-20","Korg MS-20 Original Vintage Synthesizer 1970er, spielbereit","","EUR","","exact","exact","92","'Korg MS-20 Original Vintage' 1970s synth","","true","","https://www.kleinanzeigen.de/s-anzeige/korg-ms-20-original-vintage-synthesizer-1970er-spielbereit/3495726553-74-5631"
"39359b4a-56e5-409a-8fce-02ff86cce6c6","roland-sh-101","Roland Sh 101 [552430] (08/25)","10245","DKK","","exact","exact","88","'Roland Sh 101' synth listing","","true","","https://reverb.com/item/100973612-roland-sh-101-552430-08-25"
"39973cb8-1138-4c64-b0e0-122a77c86a59","neve-portico-ii-master-buss-processor","Rupert Neve Designs Portico II Master Buss Processor","28235","DKK","","exact","exact","93","'Portico II Master Buss Processor' by Rupert Neve Designs","","true","","https://reverb.com/item/92073645-rupert-neve-designs-portico-ii-master-buss-processor"
"399f7152-635d-46f4-a08c-6d2c28a3b0bf","fender-american-professional-ii-stratocaster","Fender American Professional II Stratocaster - Roasted Pine w/Maple","12655","DKK","","exact","exact","93","'American Professional II Stratocaster' named, finish only extra","","true","","https://reverb.com/item/78307247-fender-american-professional-ii-stratocaster-roasted-pine-w-maple"
"39b23e16-3e60-4065-92c6-8d11cb26a1f6","fender-jim-root-jazzmaster","Fender Jim Root Jazzmaster V4 Ebony Fingerboard Flat White","17250","DKK","","exact","exact","93","'Jim Root Jazzmaster' with finish/fingerboard detail","","true","","https://reverb.com/item/66231913-fender-jim-root-jazzmaster-v4-ebony-fingerboard-flat-white"
"39c7a03b-3902-4a23-86fc-33ade3d7ad73","gibson-es-335-dot","GIBSON ES-335 Dot Vintage Burst","19350","DKK","","exact","exact","93","'ES-335 Dot' plus colour","","true","","https://reverb.com/item/40979580-gibson-es-335-dot-vintage-burst"
"39f4d100-bf19-41e8-b976-a514196a6cfb","gibson-les-paul-special","Gibson Custom Shop 1957 Les Paul Special Single Cut Reissue - TV Yellow","27340","DKK","","abstain","skipped","70","'Custom Shop 1957 ... Reissue' is a different tier than factory Les Paul Special","","","","https://reverb.com/item/86039390-gibson-custom-shop-1957-les-paul-special-single-cut-reissue-tv-yellow"
"3a41ffd1-5f6c-479d-975f-7baebb7f5ccc","fender-telecaster-thinline","Fender Deluxe Telecaster Thinline 3-Colour Sunburst 2019 Electric Guitar","7112","DKK","","abstain","skipped","60","'Deluxe' series Thinline sub-model, different tier from generic Telecaster Thinline","","","","https://reverb.com/item/100714958-fender-deluxe-telecaster-thinline-3-colour-sunburst-2019-electric-guitar"
"3a4df750-7515-463d-8b9c-591548263ca9","gibson-es-335-dot","Gibson ES-335 Dot 2011 - Satin Red","12541","DKK","","exact","exact","93","'ES-335 Dot' with year and colour","","true","","https://reverb.com/item/100906772-gibson-es-335-dot-2011-satin-red"
"3a72ea2f-ea75-4d37-8fe7-e8cdfb42631b","gibson-les-paul-special","Gibson Les Paul Special TV Yellow","","EUR","","exact","exact","90","'Les Paul Special' with colour only","","true","","https://www.kleinanzeigen.de/s-anzeige/gibson-les-paul-special-tv-yellow/3504225842-74-28341"
"3a79e02a-ced8-4a40-bc1b-12791601af38","gibson-j-45","Gibson J-45 Standard - Bluebonnet","19562","DKK","","exact","exact","90","'J-45 Standard' with finish","","true","","https://reverb.com/item/101531631-gibson-j-45-standard-bluebonnet"
"3ad2ba42-8999-4ccd-92a5-afd89c979db4","moog-minimoog","Moog Geddy Lee Minimoog Model D 44-Key Monophonic Synthesizer 2025 - Present - Red / Black","30696","DKK","","wrong","wrong","60","'Geddy Lee Minimoog Model D' 2025 reissue edition, sibling Model D row","moog-model-d","false","admin_rejected","https://reverb.com/item/99870203-moog-geddy-lee-minimoog-model-d-44-key-monophonic-synthesizer-2025-present-red-black"
"3ae06edf-cf72-4bf8-9d31-c081cf7bc585","roland-tr-808","Roland TR-808 Rhythm","0","NOK","","exact","exact","92","'TR-808 Rhythm' composer named","","true","","https://www.finn.no/recommerce/forsale/item/349692986"
"3ae131d0-0145-4865-a804-32765984cbe4","roland-re-201","Roland RE-201 Analog Tape Echo reverb delay","6523","DKK","","exact","exact","93","'RE-201' tape echo","","true","","https://reverb.com/item/102018563-roland-re-201-analog-tape-echo-reverb-delay"
"3af68faf-9d1a-4912-b3aa-0ec09da44d03","fender-telecaster-thinline","Fender Modern Player USED ​​Modern Player Telecaster Thinline Deluxe (Black Transparent) [SN.CGF1407802] Fender","4426","DKK","","abstain","skipped","65","'Modern Player' budget line Thinline Deluxe, different tier","","","","https://reverb.com/item/101593461-fender-modern-player-used-modern-player-telecaster-thinline-deluxe-black-transparent-sn-cgf1407802-fender"
"3af88675-5a2c-47dc-a897-75eed6e2dba6","korg-mono-poly","Korg Mono/Poly (Recently Serviced)","10317","DKK","","exact","exact","93","'Korg Mono/Poly', service history irrelevant","","true","","https://reverb.com/item/101145043-korg-mono-poly-recently-serviced"
"3af894a4-2fa0-4b14-955a-9daf5b8b7ece","neumann-u87ai","Neumann U 87 Ai Set Z with Shockmount 1986 - Present - Nickel","13445","DKK","","exact","exact","90","'U 87 Ai Set' mic bundled with shockmount","","true","","https://reverb.com/item/101297336-neumann-u-87-ai-set-z-with-shockmount-1986-present-nickel"
"3ba2e9fb-4ea0-4fba-b3d7-2b416fddd94a","gibson-les-paul-studio","Gibson Les Paul Studio Ebony aus 2024 oder Tausch","8344","EUR","","exact","exact","88","'Les Paul Studio Ebony', sale or trade offered","","true","","https://www.kleinanzeigen.de/s-anzeige/gibson-les-paul-studio-ebony-aus-2024-oder-tausch/3497805480-74-58"
"3be48450-13f9-4e6e-ab97-367ecaa28b5e","fender-mustang-bass","Fender Player II Mustang Bass PJ Coral Red Rosewood Fingerboard","5506","DKK","","abstain","skipped","55","'Player II Mustang Bass PJ' sub-model tier vs generic Mustang Bass","","","","https://reverb.com/item/94461461-fender-player-ii-mustang-bass-pj-coral-red-rosewood-fingerboard"
"3be6e0b6-b625-4219-87ca-d7941f26e41d","fender-american-vintage-52-telecaster","Fender American Vintage '52 Telecaster Butterscotch Blonde 2000s","9889","DKK","","exact","exact","94","'American Vintage '52 Telecaster' exact name","","true","","https://reverb.com/item/46316317-fender-american-vintage-52-telecaster-butterscotch-blonde-2000s"
"3bec7bbe-c48b-4303-8a3f-c02e4e65770b","gibson-les-paul-special","Gibson Les Paul Special Gitarre","","EUR","","exact","exact","82","'Gibson Les Paul Special Gitarre'","","true","","https://www.kleinanzeigen.de/s-anzeige/gibson-les-paul-special-gitarre/3501659451-74-4321"
"3c14ca26-b8e0-400c-883b-dd33e5a1783a","roland-juno-106","Roland Juno-106 Polyphonic Analog Synthesizer","10691","DKK","","exact","exact","94","'Juno-106' synthesizer","","true","","https://reverb.com/item/100097985-roland-juno-106-polyphonic-analog-synthesizer"
"3c23973c-c02f-499a-9881-5444d4e4e0ea","gibson-es-335-dot","GIBSON USA ES-335 Dot Reissue Semi-Hollow ""Vintage Sunburst + Rosewood"" (1995)","30007","DKK","","exact","exact","82","'Gibson USA ES-335 Dot Reissue' is the standard Dot model","","true","","https://reverb.com/item/97993823-gibson-usa-es-335-dot-reissue-semi-hollow-vintage-sunburst-rosewood-1995"
"3c36fcfd-2693-47bd-8fd9-45e363c13e24","fender-american-vintage-52-telecaster","Fender American Vintage '52 Telecaster 2007 - Butterscotch Blonde","12198","DKK","","exact","exact","94","'American Vintage '52 Telecaster' with year","","true","","https://reverb.com/item/100541874-fender-american-vintage-52-telecaster-2007-butterscotch-blonde"
"3c4bcf00-b74f-4aae-84f1-f681e93901f4","gibson-es-335-dot","2009 Gibson Custom Shop ES-335 Dot Figured Cherry","27211","DKK","","abstain","skipped","65","'Custom Shop' figured ES-335 is a different tier from USA Dot","","","","https://reverb.com/item/49429862-2009-gibson-custom-shop-es-335-dot-figured-cherry"
"3c599626-55a7-48e6-bd0a-3747c0415d12","roland-tr-606","Roland TR-606 Drumatix 1980s - Silver","3262","DKK","","exact","exact","93","'TR-606 Drumatix'","","true","","https://reverb.com/item/101611973-roland-tr-606-drumatix-1980s-silver"
"3c8fde61-62e8-4573-beac-29483ef24eaf","yamaha-dx7","Yamaha DX7 rechtes Schalterboard voll funktionsfähig","224","EUR","","accessory","accessory","92","'rechtes Schalterboard' — switch board part only","","false","admin_rejected","https://www.kleinanzeigen.de/s-anzeige/yamaha-dx7-rechtes-schalterboard-voll-funktionsfaehig/3507969179-74-26164"
"3ccc6a6b-8f2b-43ea-8d7a-6bea82042490","roland-sh-101","Roland SH-101 monosynth - prakteksemplar, vurderes solgt","0","NOK","","exact","exact","82","'Roland SH-101 monosynth' offered for sale","","true","","https://www.finn.no/recommerce/forsale/item/470125949"
"3d2fa4d7-8e15-4927-8832-8d4a7d700582","yamaha-dx7","Original Yamaha DX7 MK1 SPX Bedienungsanleitung","142","EUR","","accessory","accessory","95","'Bedienungsanleitung' = owner's manual only","","false","admin_rejected","https://www.kleinanzeigen.de/s-anzeige/original-yamaha-dx7-mk1-spx-bedienungsanleitung/3485763537-74-4472"
"3d52cdf4-a6aa-4d35-a655-abf217df8dd9","gibson-es-335-dot","Gibson ES-335 Dot 1997 Figured Vintage Sunburst","23997","DKK","","exact","exact","92","'ES-335 Dot' with year and finish only","","true","","https://reverb.com/item/94533315-gibson-es-335-dot-1997-figured-vintage-sunburst"
"3d5bd30a-8eb0-4c9f-8e22-91fed407cf62","gibson-les-paul-studio","GIBSON LES PAUL STUDIO SESSION WITH SOFT CASE - BOURBON BURST","13611","DKK","","abstain","skipped","55","'Les Paul Studio Session' names a sub-model variant","","","","https://reverb.com/item/90967933-gibson-les-paul-studio-session-with-soft-case-bourbon-burst"
"3d68a7ef-e9af-4a8a-a1be-554e084e15a5","roland-tr-909","Roland TR-909 Rhythm Composer","37303","DKK","","exact","exact","95","'TR-909 Rhythm Composer'","","true","","https://reverb.com/item/101090517-roland-tr-909-rhythm-composer"
"3d6c1246-79e0-4971-ae50-0e38a9a6494e","yamaha-dx7","Yamaha DX7 | inkl. Flightcase | *SERVICED*","2906","EUR","","exact","exact","92","DX7 with flightcase and service noted","","true","","https://www.kleinanzeigen.de/s-anzeige/yamaha-dx7-inkl-flightcase-serviced-/3510425890-74-1180"
"3d850331-9e98-4d3b-852c-7c0a2c6719bf","gibson-les-paul-custom","1969 Gibson - Les Paul Custom - ID 5999","","EUR","","exact","exact","88","'1969 Gibson Les Paul Custom'","","true","","https://www.kleinanzeigen.de/s-anzeige/1969-gibson-les-paul-custom-id-5999/3482876595-74-6316"
"3db25674-f5af-4e73-b0e1-c9fbfae1f682","roland-re-201","Roland RE-201 Space Echo – Serviced, Original Tape (RT-1L) Included","11553","DKK","","exact","exact","93","'RE-201 Space Echo' unit with tape included","","true","","https://reverb.com/item/101526473-roland-re-201-space-echo-serviced-original-tape-rt-1l-included"
"3de63770-be8b-4bde-8656-e5c30660a12c","neumann-u87ai","Neumann U 87 Ai Large Diaphragm Multipattern Condenser Microphone 1986 - Present - Nickel","14566","DKK","","exact","exact","95","'Neumann U 87 Ai' microphone","","true","","https://reverb.com/item/98760132-neumann-u-87-ai-large-diaphragm-multipattern-condenser-microphone-1986-present-nickel"
"3e32a2dd-c4e0-4978-a88e-3f49df93c316","gibson-hummingbird","Gibson Hummingbird Original (Left-handed), Heritage Cherry Sunburst | Demo","18183","DKK","","exact","exact","85","'Hummingbird Original', handedness/demo irrelevant","","true","","https://reverb.com/item/100816031-gibson-hummingbird-original-left-handed-heritage-cherry-sunburst-demo"
"3e644ead-091c-43ea-b0b0-317aa595cc6f","fender-american-professional-ii-stratocaster","Fender American Professional II Stratocaster - MN SSB (#902)","14628","DKK","","exact","exact","94","'American Professional II Stratocaster'","","true","","https://reverb.com/item/93148012-fender-american-professional-ii-stratocaster-mn-ssb-902"
"3e666b5f-90e6-4cf4-bcc8-bd735433757f","gibson-sj-200-original","Gibson SJ-200 Original 2019 - 2026 - Vintage Sunburst","28042","DKK","","exact","exact","94","'SJ-200 Original' with finish","","true","","https://reverb.com/item/100560850-gibson-sj-200-original-2019-2026-vintage-sunburst"
"3e6f4eea-f9d8-409d-9e3e-1da3cc665dbd","roland-system-100","Roland System 100 M Model 112 2 Vco [21610] (09/08)","5188","DKK","","wrong","wrong","85","'System 100 M Model 112' single VCO module, not System 100","","false","admin_rejected","https://reverb.com/item/101548033-roland-system-100-m-model-112-2-vco-21610-09-08"
"3e7edfb3-407b-47c0-aeb0-df14ce1e703f","martin-d-28","Martin D-28 Satin 2025 Spec (103)","20221","DKK","","abstain","skipped","58","'D-28 Satin' is a separate tier variant","","","","https://reverb.com/item/88574446-martin-d-28-satin-2025-spec-103"
"3e9c6a3c-abb7-4ebc-8872-206f1e1a60b2","ua-1176ln","Universal Audio 6176 | 610B Tube Preamplifier + 1176LN Limiting Amplifier","12916","DKK","","wrong","wrong","88","'6176' combined 610B preamp/compressor channel strip","","false","admin_rejected","https://reverb.com/item/101103432-universal-audio-6176-610b-tube-preamplifier-1176ln-limiting-amplifier"
"3ea7c1f8-f87e-4f7b-80bc-2eeceaeeebf8","gibson-hummingbird","Gibson Hummingbird Studio Rosewood - Satin Rosewood Burst","13015","DKK","","abstain","skipped","60","'Hummingbird Studio Rosewood' is a different tier sub-model","","","","https://reverb.com/item/101877945-gibson-hummingbird-studio-rosewood-satin-rosewood-burst"
"3eee4845-013e-418d-8ce8-daf7cdddc901","fender-american-professional-ii-stratocaster","Fender American Professional II Stratocaster Roasted Pine Maple Fingerboard (271)","12631","DKK","","exact","exact","90","'American Professional II Stratocaster' with wood spec","","true","","https://reverb.com/item/91952400-fender-american-professional-ii-stratocaster-roasted-pine-maple-fingerboard-271"
"3f620ab5-5f69-417b-9167-ec4f4445b96a","gibson-les-paul-custom","1958 Gibson les Paul custom shop Murphy lab","","EUR","","wrong","wrong","72","'1958 ... custom shop Murphy lab' is a Standard reissue, not Les Paul Custom","","false","admin_rejected","https://www.kleinanzeigen.de/s-anzeige/1958-gibson-les-paul-custom-shop-murphy-lab/3511300466-74-1785"
"3fa59b9e-baa8-402b-83bc-6c75ad1ce86f","roland-tr-909","Roland TR-909","","EUR","","exact","exact","93","'Roland TR-909'","","true","","https://www.kleinanzeigen.de/s-anzeige/roland-tr-909/3510692758-74-2675"
"3fab2532-265b-4539-b090-9c28a693d5e5","gibson-es-335-dot","GIBSON USA ES-335 Dot Reissue Yamano Import ""Vintage Suburst + Rosewood"" (1988)","30964","DKK","","exact","exact","78","'ES-335 Dot Reissue' USA, finish/year details only","","true","","https://reverb.com/item/99784638-gibson-usa-es-335-dot-reissue-yamano-import-vintage-suburst-rosewood-1988"
"3fadf8d7-4ca6-487d-833e-32b97df3d2a5","roland-re-201","Fully Refurbished Roland RE-201 Space Echo Tape Delay / Reverb 1974 - 1988 - Black","16189","DKK","","exact","exact","93","'Roland RE-201 Space Echo', refurbished","","true","","https://reverb.com/item/101772818-fully-refurbished-roland-re-201-space-echo-tape-delay-reverb-1974-1988-black"
"3fb38b9a-23b0-4a84-89cb-df3b5563712e","gibson-les-paul-studio","Gibson Les Paul Studio 2000 in schwarz/black sparkle für Bastler","","EUR","","exact","exact","88","'Les Paul Studio 2000', condition 'für Bastler' irrelevant","","true","","https://www.kleinanzeigen.de/s-anzeige/gibson-les-paul-studio-2000-in-schwarz-black-sparkle-fuer-bastler/3506742196-74-6711"
"3aaad3a1-6424-4974-94cb-6d31d250fd58","gibson-les-paul-studio","Gibson Les Paul Studio Deluxe II 2012 - 2013 Wine Red","5460","DKK","","abstain","skipped","55","'Studio Deluxe II' named variant of the Studio line","","","","https://reverb.com/item/101189208-gibson-les-paul-studio-deluxe-ii-2012-2013-wine-red"
"4023f568-c74c-405e-afd5-a648e9125af6","tube-tech-cl1b","Tube-Tech CL 1B Tube Compressor. Early serial number #3407","20540","DKK","","exact","exact","94","'Tube-Tech CL 1B' compressor","","true","","https://reverb.com/item/99616207-tube-tech-cl-1b-tube-compressor-early-serial-number-3407"
"40250f34-2f75-4a3b-8435-7b21b9e24cb5","gibson-hummingbird","Gibson Hummingbird - KOA / Carpathian Spruce","33252","DKK","","abstain","skipped","55","Koa/Carpathian spruce Hummingbird suggests limited/Custom tier","","","","https://reverb.com/item/94246614-gibson-hummingbird-koa-carpathian-spruce"
"403cd949-27d5-480a-92eb-5dd6de97183f","gibson-les-paul-special","Gibson Les Paul Special - VC (#077)","10850","DKK","","exact","exact","90","'Gibson Les Paul Special' with colour code","","true","","https://reverb.com/item/96056038-gibson-les-paul-special-vc-077"
"40731058-249f-4938-90b1-04fc3475e69f","roland-juno-60","Roland Juno-60 vintage samlersæt i unik setup.","27500","DKK","","exact","exact","62","'Roland Juno-60 vintage' offered for sale, Danish wording unclear but names the model","","true","","https://www.dba.dk/recommerce/forsale/item/24750063"
"407a2b23-c0d2-4058-b94c-78e60de23cdb","gibson-hummingbird","Gibson 1960 Hummingbird - Murphy Lab, Heavy Aged","57743","DKK","","abstain","skipped","60","'Murphy Lab, Heavy Aged' Custom Shop tier vs plain Hummingbird row","","","","https://reverb.com/item/94221001-gibson-1960-hummingbird-murphy-lab-heavy-aged"
"4097789e-45b8-4dff-9b96-dd87b0a4a484","gibson-les-paul-studio","Gibson Les Paul Studio Heritage Cherry Sunburst (182)","10430","DKK","","exact","exact","93","'Les Paul Studio' with finish only","","true","","https://reverb.com/item/93514722-gibson-les-paul-studio-heritage-cherry-sunburst-182"
"40c03a62-1c56-47ad-9a89-fe112713989d","roland-jupiter-4","🚨🚨 SPECIAL PROMO: BUY 1, GET 2! 🚨🚨Roland Jupiter 4 49-Key Synthesizer 1978 - 1982 - Black","59979","DKK","","exact","exact","80","'Roland Jupiter 4 49-Key Synthesizer 1978-1982'; promo text is noise","","true","","https://reverb.com/item/95351335-special-promo-buy-1-get-2-roland-jupiter-4-49-key-synthesizer-1978-1982-black"
"40d453ec-8d7a-4327-b5c0-9fb1567620ea","roland-re-501","Roland Vintage RE-501 Chorus Echo 1982-1984 - Black original","23769","DKK","","exact","exact","95","'RE-501 Chorus Echo'","","true","","https://reverb.com/item/101554812-roland-vintage-re-501-chorus-echo-1982-1984-black-original"
"40f86519-2995-4c62-937f-3abe31945762","gibson-hummingbird","Gibson Hummingbird Standard Acoustic Electric Guitar Vintage Sunburst","26085","DKK","","exact","exact","85","'Hummingbird Standard' is the base Hummingbird","","true","","https://reverb.com/item/100779165-gibson-hummingbird-standard-acoustic-electric-guitar-vintage-sunburst"
"40fbfcf1-61f7-4841-bacc-bed69875dfd6","moog-model-d","Moog Model D 2026 - Oak Bob Moog Special Edition","31310","DKK","","exact","exact","65","'Moog Model D' with special-edition oak cabinet","","true","","https://reverb.com/item/101876425-moog-model-d-2026-oak-bob-moog-special-edition"
"4110737e-cbba-4b96-b049-2e8f3f4447bc","gibson-les-paul-studio","GIBSON LES PAUL STUDIO - EBONY","10207","DKK","","exact","exact","93","'GIBSON LES PAUL STUDIO - EBONY'","","true","","https://reverb.com/item/100494146-gibson-les-paul-studio-ebony"
"4111af29-a031-4f30-8228-c79da4a9a3e4","gibson-es-335-dot","Gibson ES-335 Dot 2020 - 2026 - Sixties Cherry","17775","DKK","","exact","exact","93","'ES-335 Dot' with colour only","","true","","https://reverb.com/item/100192779-gibson-es-335-dot-2020-2026-sixties-cherry"
"4148f1ff-c684-4ed3-96b9-96a57a8a06f6","gibson-les-paul-custom","Gibson Custom Les Paul Custom Gloss - EB (#151)","33888","DKK","","exact","exact","75","'Gibson Custom Les Paul Custom Gloss' names the model","","true","","https://reverb.com/item/99900260-gibson-custom-les-paul-custom-gloss-eb-151"
"41497efe-7075-49e3-b85f-6eb662411d0e","fender-telecaster-thinline","Fender Limited Edition Suona Telecaster Thinline Ebony Fingerboard Violin Burst (286)","19569","DKK","","abstain","skipped","55","'Limited Edition Suona' sub-model at a different tier","","","","https://reverb.com/item/81902154-fender-limited-edition-suona-telecaster-thinline-ebony-fingerboard-violin-burst-286"
"415d869f-af0e-4228-942e-b0ec4cd5f0fa","roland-re-201","*SERVICED* - Excellent Condition, Roland RE-201 Space Echo Tape Delay / Reverb 1970s - Black - With FS-1 Footswitch and Extras","16620","DKK","","exact","exact","93","'RE-201 Space Echo' sold with footswitch","","true","","https://reverb.com/item/100481803-serviced-excellent-condition-roland-re-201-space-echo-tape-delay-reverb-1970s-black-with-fs-1-footswitch-and-extras"
"416bcf5a-7aa9-4c88-804d-7bb74e86ee66","roland-juno-106","Roland Juno-106 61-Key Programmable Polyphonic Synthesizer (Serviced / Warranty)","19216","DKK","","exact","exact","93","'Juno-106 61-Key' serviced unit","","true","","https://reverb.com/item/101262272-roland-juno-106-61-key-programmable-polyphonic-synthesizer-serviced-warranty"
"41a4502e-f067-4b91-aff8-c0d18e3a19d8","gibson-hummingbird","Gibson Hummingbird Studio EC Tri-Burst Satin Acoustic Guitar","19562","DKK","","abstain","skipped","58","'Hummingbird Studio EC' budget sub-model, not the plain Hummingbird","","","","https://reverb.com/item/100779143-gibson-hummingbird-studio-ec-tri-burst-satin-acoustic-guitar"
"41c29b2a-dc02-45d5-b915-2fa0475cf353","fender-telecaster-thinline","FENDER VINTERA II '60S TELECASTER THINLINE -  3-COLOR SUNBURST","8213","DKK","","abstain","skipped","55","'Vintera II '60s' budget line of Telecaster Thinline","","","","https://reverb.com/item/93700876-fender-vintera-ii-60s-telecaster-thinline-3-color-sunburst"
"41f468aa-c13f-4d39-9692-69dd2446973b","roland-tr-707","Roland TR-626 Rhythm Composer 1980s - White with HKA ROM update LM1, Linn, DMX TR 707 sounds","3029","DKK","","wrong","wrong","90","'TR-626' machine, only ROM sounds reference 707","","false","admin_rejected","https://reverb.com/item/83274186-roland-tr-626-rhythm-composer-1980s-white-with-hka-rom-update-lm1-linn-dmx-tr-707-sounds"
"41f82576-6daf-488b-957d-ff9e1bd9d0f3","gibson-les-paul-standard-50s","Gibson Les Paul Standard '50s - TO (#175)","15781","DKK","","exact","exact","93","'Les Paul Standard '50s'","","true","","https://reverb.com/item/99475601-gibson-les-paul-standard-50s-to-175"
"41fc9581-f2b0-4511-a46a-295d8ca91d45","gibson-les-paul-special","Gibson Les Paul Special - TV Yellow 205860261","11735","DKK","","exact","exact","93","'Les Paul Special - TV Yellow'","","true","","https://reverb.com/item/95881657-gibson-les-paul-special-tv-yellow-205860261"
"421d965d-b5eb-4ae9-bf1d-043e6a52e391","tube-tech-cl1b","Tube-Tech CL 1B Mono Opto Compressor 2024 - Blue","35218","DKK","","exact","exact","95","'Tube-Tech CL 1B Mono Opto Compressor'","","true","","https://reverb.com/item/101549384-tube-tech-cl-1b-mono-opto-compressor-2024-blue"
"4220d0b8-206c-4826-aa8f-c2f4b1331246","roland-re-201","Roland RE-201 Space Echo Tape Delay / Reverb 1974 - 1988 - Black","10290","DKK","","exact","exact","95","'RE-201 Space Echo'","","true","","https://reverb.com/item/101533072-roland-re-201-space-echo-tape-delay-reverb-1974-1988-black"
"426aa100-479f-4833-b962-4683666d546f","neumann-u87ai","Neumann U 87 Ai 2024-2025 - Black matte","15471","DKK","","exact","exact","95","'Neumann U 87 Ai'","","true","","https://reverb.com/item/99486506-neumann-u-87-ai-2024-2025-black-matte"
"42ce6261-a3a2-44e0-9a6b-f6f10456de02","gibson-j-45","Gibson J-45 Studio Walnut Antique Natural","9643","DKK","","abstain","skipped","58","'J-45 Studio Walnut' is a separate lower-tier sub-model","","","","https://reverb.com/item/101770623-gibson-j-45-studio-walnut-antique-natural"
"42f3cea0-bff5-4487-be8c-955e138b0942","fender-mustang-bass","1977 Fender Mustang Bass, made in USA, sunburst, with original hard case","20724","DKK","","exact","exact","92","'1977 Fender Mustang Bass' with case","","true","","https://reverb.com/item/98036790-1977-fender-mustang-bass-made-in-usa-sunburst-with-original-hard-case"
"42f6a0fd-146b-4bdc-a247-d3e942079ef5","fender-telecaster-thinline","2013 Fender Select Telecaster Thinline Violin Burst","","EUR","","abstain","skipped","55","'Fender Select' premium sub-line of Telecaster Thinline","","","","https://www.kleinanzeigen.de/s-anzeige/2013-fender-select-telecaster-thinline-violin-burst/3509160570-74-7584"
"4348e358-9b2a-4359-a49c-80337783e6cb","gibson-les-paul-custom","Gibson 1957 Les Paul Custom Reissue VOS Ebony","52454","SEK","","abstain","skipped","60","'1957 Les Paul Custom Reissue VOS' Custom Shop tier","","","","https://www.blocket.se/recommerce/forsale/item/26679732"
"4376f9a0-63eb-4aff-8f99-7fe13fcdec92","fender-american-professional-ii-stratocaster","2022 Fender American Professional II Stratocaster HSS","","EUR","","exact","exact","92","'American Professional II Stratocaster' with HSS pickup config","","true","","https://www.kleinanzeigen.de/s-anzeige/2022-fender-american-professional-ii-stratocaster-hss/3505815518-74-2162"
"4395e31d-d173-4d13-968f-20900bbf0789","korg-ms-20","Korg MS-20 FS Monophonic Analog Synthesizer 2020 - Present - Green","9372","DKK","","abstain","skipped","60","'MS-20 FS' 2020-Present reissue vs original MS-20 row","","","","https://reverb.com/item/81020636-korg-ms-20-fs-monophonic-analog-synthesizer-2020-present-green"
"43b935ce-d783-45cb-8a9c-80dbe1f85a16","roland-juno-60","Roland Juno-60 with Tubbutec midi + controller + hardcase, FULLY RESTORED, MINT!","39041","DKK","","exact","exact","93","'Roland Juno-60' with reversible midi mod and case","","true","","https://reverb.com/item/100769965-roland-juno-60-with-tubbutec-midi-controller-hardcase-fully-restored-mint"
"43d065e0-44ba-48fa-b199-a3ac77121f02","fender-mustang-bass","Fender Player Mustang Bass PJ Special Edition - Incl. Gig Bag, Strap - Sonic Blue","4560","DKK","","abstain","skipped","55","'Player Mustang Bass PJ Special Edition' modern series sub-model","","","","https://reverb.com/item/100701929-fender-player-mustang-bass-pj-special-edition-incl-gig-bag-strap-sonic-blue"
"43f98056-d826-4b00-988b-9a3d7f046012","moog-source","Yamaha SY77 90's Pop Source Voice Data Card For Yamaha SY77 and TG77","1468","DKK","","wrong","wrong","93","Yamaha SY77/TG77 voice data card, not a Moog Source","","false","admin_rejected","https://reverb.com/item/98513637-yamaha-sy77-90-s-pop-source-voice-data-card-for-yamaha-sy77-and-tg77"
"44471b38-c177-43b2-be41-177deb6ec1d2","gibson-les-paul-studio","E-Gitarre Gibson Les Paul Studio 2016 T","8568","EUR","","exact","exact","90","'Gibson Les Paul Studio 2016 T'","","true","","https://www.kleinanzeigen.de/s-anzeige/e-gitarre-gibson-les-paul-studio-2016-t/3494993413-74-258"
"445210d4-4268-4bc0-b1d9-ef334932baad","gibson-sg-standard-large-guard-with-maestro-vibrola","Gibson SG Standard ""Large Guard"" with Maestro Vibrola 1969 - Cherry","48923","DKK","","exact","exact","95","exact model name 'SG Standard Large Guard with Maestro Vibrola' 1969","","true","","https://reverb.com/item/101283158-gibson-sg-standard-large-guard-with-maestro-vibrola-1969-cherry"
"445de0f6-78c6-41dc-81d1-7463958d24d1","gibson-les-paul-standard-60s","Gibson Les Paul Standard '60s Bourbon Burst","15273","EUR","","exact","exact","93","'Les Paul Standard '60s' with finish name only","","true","","https://www.kleinanzeigen.de/s-anzeige/gibson-les-paul-standard-60s-bourbon-burst/3467365646-74-3170"
"44a6a768-a2e2-4fa5-9093-83bf3d3690a5","fender-american-professional-ii-stratocaster","Fender American Professional II Stratocaster Olympic White Rosewood","10072","SEK","","exact","exact","94","'American Professional II Stratocaster' plus finish/fingerboard","","true","","https://www.blocket.se/recommerce/forsale/item/26321685"
"44cb7062-9ca7-4b24-b10b-4b87d5cd1769","fender-telecaster-thinline","Fender American Vintage II 1972 Telecaster Thinline - Lake Placid Blue","18264","DKK","","abstain","skipped","58","'American Vintage II 1972 Telecaster Thinline' reissue line vs generic Thinline row","","","","https://reverb.com/item/78043210-fender-american-vintage-ii-1972-telecaster-thinline-lake-placid-blue"
"45337396-35af-47cf-a71c-8ed21e73e2ad","roland-juno-106","Roland Juno-106 61-Key Programmable Polyphonic Synthesizer 1984 - 1985 - Black","12490","DKK","","exact","exact","94","'Roland Juno-106' 61-key polyphonic synth","","true","","https://reverb.com/item/99108189-roland-juno-106-61-key-programmable-polyphonic-synthesizer-1984-1985-black"
"458ea6aa-4251-459c-8e68-af59a4e799a9","gibson-les-paul-custom","Gibson Les Paul Custom -86 Kalamazoo","22750","SEK","","exact","exact","88","'Gibson Les Paul Custom' with year/factory only","","true","","https://www.blocket.se/recommerce/forsale/item/26627972"
"45a4c0d0-aa31-4b32-86f9-d25398beb8b3","tube-tech-cl1b","Tube-Tech CL 1B Tube Compressor. MINT. US Seller. CL1B CL-1B SN 19622","33920","DKK","","exact","exact","95","'Tube-Tech CL 1B' compressor, serial noted","","true","","https://reverb.com/item/101570168-tube-tech-cl-1b-tube-compressor-mint-us-seller-cl1b-cl-1b-sn-19622"
"45ed2dea-cc00-409a-afa6-c2eb30fad098","gibson-les-paul-studio","Gibson Les Paul Studio Ebony Black 2011 3,53 KG","","EUR","","exact","exact","92","'Gibson Les Paul Studio' with finish, year, weight","","true","","https://www.kleinanzeigen.de/s-anzeige/gibson-les-paul-studio-ebony-black-2011-3-53-kg/3341151923-74-4322"
"45f7d717-8489-42a5-bda2-b88f41ffd935","sequential-prophet-10","Sequential Prophet-10 Desktop Module","21166","DKK","","wrong","wrong","70","'Desktop Module' version, not the keyboard Prophet-10","","false","admin_rejected","https://reverb.com/item/41066256-sequential-prophet-10-desktop-module"
"4600dd64-f6c8-47f0-bc25-45bfedc6fb7f","gibson-les-paul-special","Gibson Les Paul Special TV Yellow 2025","","EUR","","exact","exact","90","'Gibson Les Paul Special' with colour and year","","true","","https://www.kleinanzeigen.de/s-anzeige/gibson-les-paul-special-tv-yellow-2025/3506555000-74-18670"
"462766d7-8057-42d0-815f-008b548331e2","gibson-j-45","Gibson J-45 Standard 2025, Vintage Sunburst with Case - Pre Owned","16144","DKK","","exact","exact","92","'Gibson J-45 Standard' with case, used","","true","","https://reverb.com/item/101005583-gibson-j-45-standard-2025-vintage-sunburst-with-case-pre-owned"
"46afbbc0-fafd-4210-bad8-435304f10584","gibson-hummingbird","Gibson Hummingbird Studio Walnut Satin Natural (038)","17606","DKK","","abstain","skipped","58","'Hummingbird Studio Walnut' sub-model at different tier","","","","https://reverb.com/item/78007387-gibson-hummingbird-studio-walnut-satin-natural-038"
"46d28211-33c2-40d7-a8b7-ca7fd3e4c88a","gibson-hummingbird","Gibson Hummingbird Special","14344","DKK","","abstain","skipped","52","'Hummingbird Special' named sub-model not in catalogue","","","","https://reverb.com/item/96034168-gibson-hummingbird-special"
"4720f809-d43f-4b62-a364-d01b419dd92a","roland-juno-6","Roland JUNO-6 cover","664","DKK","part_or_accessory:cover","accessory","accessory","95","'cover' for Juno-6, not the synth","","false","admin_rejected","https://reverb.com/item/99574616-roland-juno-6-cover"
"474950d4-cdc8-49dd-85f9-a3bed717d573","fender-telecaster-custom","Fender Limited Edition &#039;72 Telecaster Custom 2012 - Orange Sparkl","8918","EUR","","exact","exact","63","'72 Telecaster Custom' limited edition finish","","true","","https://www.kleinanzeigen.de/s-anzeige/fender-limited-edition-72-telecaster-custom-2012-orange-sparkl/3468818486-74-1734"
"477f6b11-0dc9-4354-8aa5-ffa8d49f32bf","gibson-les-paul-special","Gibson Les Paul Special Double Cut 2025 - Heritage Cherry","11830","DKK","","exact","exact","62","'Les Paul Special Double Cut' body-shape variant of same model","","true","","https://reverb.com/item/100861557-gibson-les-paul-special-double-cut-2025-heritage-cherry"
"478d7edf-43a7-49b5-bf57-572d0505b63e","gibson-les-paul-studio","Gibson Les Paul Studio Session","13039","DKK","","abstain","skipped","55","'Les Paul Studio Session' named sub-model","","","","https://reverb.com/item/86599107-gibson-les-paul-studio-session"
"47ad2a49-3fba-4120-8b7f-6ed182d26c0a","gibson-les-paul-studio","Gibson Les Paul Studio Session Honeyburst","11154","DKK","","abstain","skipped","55","'Les Paul Studio Session' named sub-model with finish","","","","https://reverb.com/item/97408803-gibson-les-paul-studio-session-honeyburst"
"47ccebf0-5d8d-4a70-93ef-576af2f04524","wurlitzer-200a","Wurlitzer 200a Flightcase","4200","NOK","","accessory","accessory","93","'Flightcase' for Wurlitzer 200a sold alone","","false","admin_rejected","https://www.finn.no/recommerce/forsale/item/468110423"
"47ec7c4c-93d0-43db-98de-da807b8aaba1","moog-minimoog","Moog Minimoog Voyager Old School 2008 - 2009","18249","DKK","","wrong","wrong","82","'Voyager Old School' is a distinct later model, not the original Minimoog","","false","admin_rejected","https://reverb.com/item/95512503-moog-minimoog-voyager-old-school-2008-2009"
"47fb8ea6-fc76-4c0d-8425-9a291aec665d","yamaha-dx7","Yamaha DX7 FM-Synthesizer","1118","EUR","","exact","exact","95","'Yamaha DX7 FM-Synthesizer'","","true","","https://www.kleinanzeigen.de/s-anzeige/yamaha-dx7-fm-synthesizer/3494299340-74-17456"
"4812494a-e925-4e84-a63d-ad49231654f0","gibson-es-335-dot","Gibson ES-335 Dot Reissue 2004 - Antique Natural","24950","DKK","","exact","exact","88","'ES-335 Dot Reissue' with finish/year only","","true","","https://reverb.com/item/101361390-gibson-es-335-dot-reissue-2004-antique-natural"
"482da514-dbf0-4caf-9d8f-c262987312b3","gibson-es-335-dot","Gibson ES-335 Dot Reissue 1986 Sunburst ~ Super Flame Top and Back","28935","DKK","","exact","exact","85","'ES-335 Dot Reissue 1986' with finish description","","true","","https://reverb.com/item/56567751-gibson-es-335-dot-reissue-1986-sunburst-super-flame-top-and-back"
"482ebd6e-6ad0-42e1-9410-a9f576220ab9","korg-mono-poly","1980s Korg Mono/Poly MP-4 Vintage Analog Synthesizer","14351","DKK","","exact","exact","92","'Korg Mono/Poly MP-4' is the model's own code","","true","","https://reverb.com/item/101298073-1980s-korg-mono-poly-mp-4-vintage-analog-synthesizer"
"486906bd-29a2-43f8-bfd7-5e8eaa49296d","roland-juno-106","Roland Juno-106 Analog Keyboard Synthesizer","14344","DKK","","exact","exact","94","'Roland Juno-106' named directly","","true","","https://reverb.com/item/98170497-roland-juno-106-analog-keyboard-synthesizer"
"4895a1ed-8ae9-47a9-843c-616ac26b859c","ua-1176ln","Urei Universal Audio 1176LN Rev. F Limiting Amplifier 1970s - Black Panel","31239","DKK","","abstain","skipped","55","vintage 1970s Urei Rev. F original vs catalogue's UA 1176LN row — different tier","","","","https://reverb.com/item/101659947-urei-universal-audio-1176ln-rev-f-limiting-amplifier-1970s-black-panel"
"48c25322-dfb1-4e47-9d4b-a4872a5ed355","gibson-les-paul-studio","Gibson Les Paul Studio elektrisk guitar sort venstre venstrehåndet","6000","DKK","","exact","exact","92","'Gibson Les Paul Studio', left-handed is only handedness","","true","","https://www.dba.dk/recommerce/forsale/item/24959271"
"490c1400-7309-4854-8da7-ed7799bf96fd","tube-tech-cl1b","Tube-Tech CL 1B Mono Opto Compressor 2010s - Blue","32608","DKK","","exact","exact","95","'Tube-Tech CL 1B Mono Opto Compressor'","","true","","https://reverb.com/item/100521162-tube-tech-cl-1b-mono-opto-compressor-2010s-blue"
"4978a5a9-b9a4-4302-98fa-8c0ec340934b","manley-voxbox","Manley Labs VoxBox Tube Channel Strip mid 2000's - Silver Face","22824","DKK","","exact","exact","93","'Manley Labs VoxBox Tube Channel Strip'","","true","","https://reverb.com/item/100675859-manley-labs-voxbox-tube-channel-strip-mid-2000-s-silver-face"
"4995eb34-bd25-4f58-b0a9-1e516d5f07cb","yamaha-dx7","Yamaha DX7 Greymatter E! + RAM 1/2 SERVICED","5811","EUR","","exact","exact","85","DX7 complete unit with Greymatter E! mod and RAM cart","","true","","https://www.kleinanzeigen.de/s-anzeige/yamaha-dx7-greymatter-e-ram-1-2-serviced/3485699184-74-4472"
"49d3e316-598f-4201-8d3e-457a39c1b6c1","gibson-les-paul-custom","Gibson Les Paul Custom Shop R8 1958 Standard Limited Inzahlung","","EUR","","wrong","wrong","80","'Custom Shop R8 1958 Standard' is a Standard reissue, not a Les Paul Custom","","false","admin_rejected","https://www.kleinanzeigen.de/s-anzeige/gibson-les-paul-custom-shop-r8-1958-standard-limited-inzahlung/3503269204-74-496"
"4a024070-520c-452f-8f5e-e414bc56261f","gibson-les-paul-custom","Gibson Custom Shop Les Paul Custom 70th Anniversary in Alpinweiß","","EUR","","exact","exact","70","'Les Paul Custom 70th Anniversary' in white, Custom Shop is where LP Custom is built","","true","","https://www.kleinanzeigen.de/s-anzeige/gibson-custom-shop-les-paul-custom-70th-anniversary-in-alpinweiss/3084647751-74-3535"
"4a0ea13d-0ac4-43e0-bffd-130be25d684b","fender-mustang-bass","Fender - American Professional Classic Mustang Bass - Bass Guitar - Rosewood Fingerboard - 3-Color Sunburst - with  Deluxe Gigbag (0198650300)","10437","DKK","","abstain","skipped","55","American series sub-model of Mustang Bass vs generic catalogue row","","","","https://reverb.com/item/92612947-fender-american-professional-classic-mustang-bass-bass-guitar-rosewood-fingerboard-3-color-sunburst-with-deluxe-gigbag-0198650300"
"4a709815-14f5-4711-b599-43d32e059006","roland-juno-60","Roland Juno-60 61-Key Polyphonic Synthesizer 1982 - 1984 - Black","16927","DKK","","exact","exact","94","'Roland Juno-60 61-Key Polyphonic Synthesizer'","","true","","https://reverb.com/item/101315145-roland-juno-60-61-key-polyphonic-synthesizer-1982-1984-black"
"4ac587f6-4aae-4760-a1c4-e37906bcc180","tube-tech-cl1b","Tube-Tech CL 1B Mono Opto Compressor NEW in the box. CL1B CL-1B Tube Tech. USA 23073","34569","DKK","","exact","exact","95","'Tube-Tech CL 1B ... NEW in the box'","","true","","https://reverb.com/item/101437591-tube-tech-cl-1b-mono-opto-compressor-new-in-the-box-cl1b-cl-1b-tube-tech-usa-23073"
"4ac8fb1c-bb88-4a1f-a6a8-4ad5a70b225f","gibson-les-paul-custom","Gibson Les Paul Custom Lite 1989 - Heritage Cherry Sunburst","","EUR","","wrong","wrong","82","'Les Paul Custom Lite' is a distinct model","","false","admin_rejected","https://www.kleinanzeigen.de/s-anzeige/gibson-les-paul-custom-lite-1989-heritage-cherry-sunburst/3473431185-74-1734"
"4aea0596-b99b-4945-bef0-0e503b1003ac","roland-jupiter-4","Roland Jupiter 4 49-Key Synthesizer 1978 - 1982 - Black","32033","DKK","","exact","exact","93","'Roland Jupiter 4 49-Key Synthesizer'","","true","","https://reverb.com/item/101031476-roland-jupiter-4-49-key-synthesizer-1978-1982-black"
"4af7bf18-c41d-4710-a3ff-717e0830b369","fender-american-professional-ii-stratocaster","Fender American Professional II Stratocaster - RW 3CS (#125)","14582","DKK","","exact","exact","95","'American Professional II Stratocaster' named exactly","","true","","https://reverb.com/item/66218987-fender-american-professional-ii-stratocaster-rw-3cs-125"
"4b16845d-6ca6-4fdd-8af3-38cace1e4f25","neumann-u87ai","Neumann U 87 Ai Condenser Microphone With EA 87 Mount. Mint, like new! U87Ai U87. 128195","16438","DKK","","exact","exact","93","U 87 Ai microphone sold with EA 87 mount","","true","","https://reverb.com/item/101849986-neumann-u-87-ai-condenser-microphone-with-ea-87-mount-mint-like-new-u87ai-u87-128195"
"4b198df8-c09e-4406-a1fb-420aed47cc9a","korg-mono-poly","Korg Mono/Poly 1980s (Serviced / Warranty / Original Korg Bag)","23390","DKK","","exact","exact","93","'Korg Mono/Poly' with bag and service","","true","","https://reverb.com/item/101046786-korg-mono-poly-1980s-serviced-warranty-original-korg-bag"
"4b789a19-b38d-41b1-b76c-a985fc8b066a","gibson-j-45","Gibson J-45 Standard Left-Handed Acoustic-Electric Guitar Rosewood","24129","DKK","","exact","exact","88","'Gibson J-45 Standard', handedness only","","true","","https://reverb.com/item/100779153-gibson-j-45-standard-left-handed-acoustic-electric-guitar-rosewood"
"4c03144c-f2cb-4436-b181-c3751799ebd4","gibson-es-335-dot","Gibson ES-335 Dot Memphis 2013 - Satin Red W/ Gibson Case","16307","DKK","","exact","exact","85","'ES-335 Dot' Memphis-built with case","","true","","https://reverb.com/item/100058602-gibson-es-335-dot-memphis-2013-satin-red-w-gibson-case"
"4c1e70b0-258b-41a6-9c33-bf4c2651d5e6","neumann-u87ai","Neumann U 87 Ai Large Diaphragm Multipattern Condenser Microphone 1986 - Present - Nickel","13482","DKK","","exact","exact","95","'Neumann U 87 Ai' condenser mic","","true","","https://reverb.com/item/100957833-neumann-u-87-ai-large-diaphragm-multipattern-condenser-microphone-1986-present-nickel"
"4c2867b2-39e7-4b94-8702-5e52a222db25","gibson-es-335-dot","Gibson ES-335 Dot 2004 - Cherry","16893","DKK","","exact","exact","94","'Gibson ES-335 Dot' with year and colour","","true","","https://reverb.com/item/101094350-gibson-es-335-dot-2004-cherry"
"4c4480cc-e383-46ca-860d-ae70f392ee9f","gibson-les-paul-custom","2013 Gibson Custom Shop Les Paul Custom Heritage Cherry Sunburst","31283","EUR","","exact","exact","72","'Les Paul Custom' named; Custom Shop is its normal production line","","true","","https://www.kleinanzeigen.de/s-anzeige/2013-gibson-custom-shop-les-paul-custom-heritage-cherry-sunburst/3232574189-74-12892"
"4c5c3dd3-701b-49b1-88d6-8b45e42dfdf1","yamaha-dx7","Yamaha TX7 (DX7 Desktop Module)","2251","DKK","","wrong","wrong","92","TX7 desktop module, not the DX7 keyboard","","false","admin_rejected","https://reverb.com/item/95716869-yamaha-tx7-dx7-desktop-module"
"4c8189f7-3543-4bd2-b12d-fa10274457e3","yamaha-dx7","Yamaha TX7 FM Expander for the DX7, with PDF manuals","2343","DKK","","wrong","wrong","90","'TX7 FM Expander for the DX7' is a separate module","","false","admin_rejected","https://reverb.com/item/101945484-yamaha-tx7-expander-fm-du-dx7-avec-manuel"
"4ca213fb-b586-4d7d-896c-8315f35ee079","gibson-es-335-dot","1993 Gibson ES-335 Dot Semi-Hollow Guitar Vintage Sunburst w/case","24129","DKK","","exact","exact","93","'Gibson ES-335 Dot' with case","","true","","https://reverb.com/item/95414489-1993-gibson-es-335-dot-semi-hollow-guitar-vintage-sunburst-w-case"
"4cddb281-1380-46fa-a55c-14a69baa5dce","gibson-es-335-dot","2006 Gibson ES-335 Dot - Cherry","15469","DKK","","exact","exact","94","'Gibson ES-335 Dot - Cherry'","","true","","https://reverb.com/item/101471184-2006-gibson-es-335-dot-cherry"
"4ced9580-205b-4978-b9f2-db35b8a8f80e","gibson-hummingbird","Gibson Hummingbird Original Acoustic/Electric Antique Natural","26085","DKK","","exact","exact","88","'Gibson Hummingbird Original' acoustic","","true","","https://reverb.com/item/100779151-gibson-hummingbird-original-acoustic-electric-antique-natural"
"4cf6a870-c390-4110-b833-9f13db99bde5","gibson-les-paul-standard-50s","Gibson Les Paul Standard '50s - SC (#188)","17337","DKK","","exact","exact","92","'Les Paul Standard '50s' named exactly","","true","","https://reverb.com/item/97664400-gibson-les-paul-standard-50s-sc-188"
"4d78a6d5-3e28-41ea-896f-fa3fd54817ad","fender-american-vintage-52-telecaster","2004 Fender American Vintage '52 Telecaster Left-Handed -Butterscotch Blonde","13667","DKK","","exact","exact","91","'American Vintage '52 Telecaster', handedness irrelevant","","true","","https://reverb.com/item/101484639-2004-fender-american-vintage-52-telecaster-left-handed-butterscotch-blonde"
"4d8f370e-0763-429d-b5ce-a81cf0f2aca8","gibson-es-335-dot","2025 Gibson ES-335 Dot - Gloss Vintage Burst","16927","DKK","","exact","exact","93","'Gibson ES-335 Dot' finish only differs","","true","","https://reverb.com/item/101229486-2025-gibson-es-335-dot-gloss-vintage-burst"
"4dccf5d7-69c7-419b-b555-5542eaa5537a","fender-american-professional-ii-stratocaster","Fender Fender American Professional II Stratocaster Rosewood Fingerboard Electric Guitar Mercury 2023","8025","DKK","","exact","exact","94","'American Professional II Stratocaster' named","","true","","https://reverb.com/item/100326225-fender-fender-american-professional-ii-stratocaster-rosewood-fingerboard-electric-guitar-mercury-2023"
"4e1c01ae-3888-4ff7-b718-0bf69698114d","roland-sh-101","Roland SH-101 Analog Keyboard Synthesizer (Gray)","10885","DKK","","exact","exact","93","'Roland SH-101 Analog Keyboard Synthesizer'","","true","","https://reverb.com/item/100812817-roland-sh-101-analog-keyboard-synthesizer-gray"
"4e4a104c-380d-45c4-a8c7-25338cbbc0b3","gibson-j-45","J-45 Studio Rosewood (Satin Natural)","16729","DKK","","abstain","skipped","62","'J-45 Studio Rosewood' is a distinct lower-tier sub-model","","","","https://reverb.com/item/101831878-j-45-studio-rosewood-satin-natural"
"4e8e8fa5-e4a8-4772-956e-1f4885585ec9","roland-re-201","Roland Space Echo RE-201 båndekko / delay","9000","NOK","","exact","exact","93","'Roland Space Echo RE-201'","","true","","https://www.finn.no/recommerce/forsale/item/471909894"
"4ecfabd7-5f4e-44a0-a914-d6cd1b4f7f70","roland-sh-101","Roland BasslinesTB-303 + SH-101 Red/flightcase MIDI Top Zustand","39411","EUR","","abstain","skipped","60","combined TB-303 + SH-101 listing, unclear what is offered","","","","https://www.kleinanzeigen.de/s-anzeige/roland-basslinestb-303-sh-101-red-flightcase-midi-top-zustand/3504061843-74-3401"
"4edcb937-3b11-4f63-b909-1ca2a9adffca","yamaha-dx7","Yamaha DX7 inkl. 2 ROM Cartridges + Original-Anleitungen","3725","EUR","","exact","exact","93","'Yamaha DX7' sold with ROM cartridges and manuals","","true","","https://www.kleinanzeigen.de/s-anzeige/yamaha-dx7-inkl-2-rom-cartridges-original-anleitungen/3489636065-74-3388"
"4ef3eaaf-3ce5-4353-9c49-53526abd6112","neve-portico-ii-master-buss-processor","Rupert Neve Designs Portico II Master Buss Processor 2012 - Present - Shelford Blue","24133","DKK","","exact","exact","92","'Portico II Master Buss Processor' by Rupert Neve Designs","","true","","https://reverb.com/item/98336831-rupert-neve-designs-portico-ii-master-buss-processor-2012-present-shelford-blue"
"4ef9103a-5fcb-44d8-96c2-d836b6c49098","fender-mustang-bass","FENDER Mustang Bass MB'98-70 SD Short Scale 2001 - White - Japan Import","12942","DKK","","abstain","skipped","55","MB'98-70 Japan-import reissue tier vs generic Mustang Bass","","","","https://reverb.com/item/101135721-fender-mustang-bass-mb-98-70-sd-short-scale-2001-white-japan-import"
"4f00fed2-0053-4750-a7e3-596b36337b4c","gibson-les-paul-custom","Gibson Vintage 1966 Witch Hat Knobs - Black w/ Gold Inserts ES-345/Les Paul Custom","2935","DKK","","accessory","accessory","96","'Witch Hat Knobs' parts for Les Paul Custom","","false","admin_rejected","https://reverb.com/item/102043688-gibson-vintage-1966-witch-hat-knobs-black-w-gold-inserts-es-345-les-paul-custom"
"4f08df8e-cfe7-4cdc-94e7-d4f9dcddb3bc","gibson-es-335-dot","Gibson ES-335 DOT Vintage Sunburst (1987, USA)","17508","EUR","","exact","exact","93","'Gibson ES-335 DOT Vintage Sunburst'","","true","","https://www.kleinanzeigen.de/s-anzeige/gibson-es-335-dot-vintage-sunburst-1987-usa-/3509965050-74-3020"
"4f586e94-adb4-4928-a7b5-dd5163a6d5ea","gibson-es-335-dot","Gibson ES-335 DOT Blue Burst 2017 Used (Cod. 1453UG)","30380","DKK","","exact","exact","92","'Gibson ES-335 DOT Blue Burst' used","","true","","https://reverb.com/item/78910133-gibson-es-335-dot-blue-burst-2017-used-cod-1453ug"
"4f5c4921-f9cf-49ba-88fc-b1dc6ad28f49","moog-model-d","Moog Model D Limited Edition Robert Moog 2026 Free Moog Case","32151","DKK","","exact","exact","78","'Moog Model D' limited edition with case","","true","","https://reverb.com/item/101420506-moog-model-d-limited-edition-robert-moog-2026-free-moog-case"
"4f605c43-2836-4182-b48a-638619bbd604","gibson-les-paul-special","Gibson Les Paul Special TV Yellow E-Gitarre","","EUR","","exact","exact","90","'Gibson Les Paul Special TV Yellow'","","true","","https://www.kleinanzeigen.de/s-anzeige/gibson-les-paul-special-tv-yellow-e-gitarre/3503682476-74-1638"
"4f8fd4d1-3bb5-4ce5-9192-55452c910a7a","gibson-les-paul-custom","2010 Gibson Les Paul Custom VOS Wine Red","27558","EUR","","exact","exact","88","'Gibson Les Paul Custom VOS Wine Red'","","true","","https://www.kleinanzeigen.de/s-anzeige/2010-gibson-les-paul-custom-vos-wine-red/3126633764-74-7584"
"4fb214dd-6643-447b-8197-34eb5787c97b","gibson-les-paul-studio","Gibson Les Paul Studio","7450","EUR","","exact","exact","88","'Gibson Les Paul Studio' exactly","","true","","https://www.kleinanzeigen.de/s-anzeige/gibson-les-paul-studio/3496290804-74-3509"
"4fc325ae-498d-4a6c-8495-1ba991dc1318","roland-juno-60","Roland Boutique Series JU-06A Synthesizer Module of JUNO 60 new  //ARMENS//","3131","DKK","","wrong","wrong","93","Boutique JU-06A module, not a Juno-60","","false","admin_rejected","https://reverb.com/item/29580135-roland-boutique-series-ju-06a-synthesizer-module-of-juno-60-new-armens"
"4fdb881f-61c9-4d3b-a09f-12b633339d82","wurlitzer-200a","Wurlitzer 200a Bestzustand auch Rhodes Sonderwünsche erlaubt","44700","EUR","","exact","exact","80","'Wurlitzer 200a' offered for sale in top condition","","true","","https://www.kleinanzeigen.de/s-anzeige/wurlitzer-200a-bestzustand-auch-rhodes-sonderwuensche-erlaubt/3495323892-74-9666"
"4fe46605-cdf3-4d3c-a11d-72f42ace07c4","gibson-es-335-dot","Gibson Memphis Es 335 Dot Hs [945721] (03/11)","19675","DKK","","exact","exact","85","'Memphis Es 335 Dot' names the ES-335 Dot model","","true","","https://reverb.com/item/94959735-gibson-memphis-es-335-dot-hs-945721-03-11"
"500c17ab-1883-4d9b-996e-a93db385d7b8","gibson-les-paul-studio","Gibson Les Paul Studio 1996 - Cherry Sunburst","8583","DKK","","exact","exact","92","'Gibson Les Paul Studio' with year and finish only","","true","","https://reverb.com/item/101215608-gibson-les-paul-studio-1996-cherry-sunburst"
"50482b5e-9bd5-48a7-8a6c-80b402893553","fender-american-vintage-52-telecaster","1982 Fender American Vintage '52 Telecaster 1952 Reissue Fullerton AVRI USA First Year Blackguard w/COA","32212","DKK","","exact","exact","80","'American Vintage '52 Telecaster ... AVRI' matches candidate name","","true","","https://reverb.com/item/96562666-1982-fender-american-vintage-52-telecaster-1952-reissue-fullerton-avri-usa-first-year-blackguard-w-coa"
"50656027-de19-4689-a648-73c9782bfcfe","tube-tech-cl1b","Tube-Tech CL 1B Mono Opto Compressor 2010s - Blue","33687","DKK","","exact","exact","95","'Tube-Tech CL 1B' compressor","","true","","https://reverb.com/item/101080640-tube-tech-cl-1b-mono-opto-compressor-2010s-blue"
"5077fe5c-d0ef-4714-8ecb-dacf430387ac","tube-tech-cl1b","Tube-Tech CL 1B Mono Opto Compressor 2010s - Blue","35144","DKK","","exact","exact","95","'Tube-Tech CL 1B' compressor","","true","","https://reverb.com/item/101091901-tube-tech-cl-1b-mono-opto-compressor-2010s-blue"
"509279ed-286f-416b-b083-6699d8a12262","yamaha-dx7","Yamaha DX200 FM Synthesizer Groovebox / DX7 Engine – Vintage","4358","EUR","","wrong","wrong","92","'DX200 groovebox' merely uses DX7-style FM engine","","false","admin_rejected","https://www.kleinanzeigen.de/s-anzeige/yamaha-dx200-fm-synthesizer-groovebox-dx7-engine-vintage/3510612956-74-3334"
"50a92b54-31ba-4849-8322-75255cc454fd","roland-juno-6","Roland Juno-6 61-Key Polyphonic Synthesizer 1982 - 1984 - Black","10655","DKK","","exact","exact","93","'Roland Juno-6' synthesizer named directly","","true","","https://reverb.com/item/101453614-roland-juno-6-61-key-polyphonic-synthesizer-1982-1984-black"
"50c9f1f4-6652-448c-93a9-a2b2d4ccefee","neumann-u87ai","Neumann U 87 Ai Large Diaphragm Multipattern Condenser Microphone","15229","DKK","","exact","exact","95","'Neumann U 87 Ai' condenser microphone","","true","","https://reverb.com/item/101122896-neumann-u-87-ai-large-diaphragm-multipattern-condenser-microphone"
"50e0d834-76f7-42cc-bce5-248a4bf2dfd7","gibson-les-paul-custom","Gibson Les paul Custom (Black Beauty) 1981 modell Vurderes Solgt/Byttet","0","NOK","","exact","exact","85","'Gibson Les paul Custom (Black Beauty) 1981' offered for sale/trade","","true","","https://www.finn.no/recommerce/forsale/item/475309792"
"50ffc4a2-7dac-4c9a-ada8-9c4234a4cd44","gibson-es-335-dot","Gibson Custom ES-335 Dot 2010 Vintage Sunburst – OHSC, COA, Near Mint","27218","DKK","","abstain","skipped","60","'Gibson Custom' tier vs plain ES-335 Dot row","","","","https://reverb.com/item/100301903-gibson-custom-es-335-dot-2010-vintage-sunburst-ohsc-coa-near-mint"
"51245b10-6f7c-444d-a24b-4290fa71da36","gibson-les-paul-custom","2010 Gibson Les Paul Custom 74 Randy Rhoads VOS","96843","EUR","","abstain","skipped","60","'74 Randy Rhoads VOS' signature Custom Shop sub-model","","","","https://www.kleinanzeigen.de/s-anzeige/2010-gibson-les-paul-custom-74-randy-rhoads-vos/3395082356-74-7584"
"513cec14-72af-422a-8c4f-a8bed6b8756c","gibson-les-paul-studio","Gibson Les Paul studio 2017.","6500","SEK","","exact","exact","90","'Gibson Les Paul studio 2017'","","true","","https://www.blocket.se/recommerce/forsale/item/26646970"
"51502436-05d9-4207-a7d3-fa6e7b1f1f47","gibson-les-paul-studio","Gibson original Les Paul Studio Teile","","EUR","","accessory","accessory","92","'Teile' = parts, not a complete guitar","","false","admin_rejected","https://www.kleinanzeigen.de/s-anzeige/gibson-original-les-paul-studio-teile/3501063902-74-3165"
"515aacb8-db84-4ab3-bc4a-17599a860d23","gibson-les-paul-custom","1977 Gibson Les Paul Custom Natural inkl. Chainsaw Case","26075","EUR","","exact","exact","90","'1977 Gibson Les Paul Custom' with case included","","true","","https://www.kleinanzeigen.de/s-anzeige/1977-gibson-les-paul-custom-natural-inkl-chainsaw-case/3471707358-74-9389"
"51631be2-995a-4aed-8322-0a80e5082c77","fender-american-vintage-52-telecaster","Fender American Vintage '52 Telecaster Left Handed 2000s - White Blonde","9778","DKK","","exact","exact","90","'American Vintage '52 Telecaster', left-handed only","","true","","https://reverb.com/item/100993840-fender-american-vintage-52-telecaster-left-handed-2000s-white-blonde"
"516a2801-ec7b-4fad-bac4-244042a4c857","fender-telecaster-thinline","Fender American Vintage II 1972 Telecaster Thinline - Aged Natural","18264","DKK","","abstain","skipped","58","'American Vintage II 1972 Thinline' reissue tier vs generic Thinline row","","","","https://reverb.com/item/77552499-fender-american-vintage-ii-1972-telecaster-thinline-aged-natural"
"517b891e-e879-4a86-a04e-b141fa9b3248","gibson-les-paul-standard-50s","Gibson Les Paul Standard '50s Heritage Cherry Sunburst","","EUR","","exact","exact","93","'Les Paul Standard '50s' with finish","","true","","https://www.kleinanzeigen.de/s-anzeige/gibson-les-paul-standard-50s-heritage-cherry-sunburst/3513923296-74-1923"
"51895bdd-ff43-4aa3-9462-8104c1cc4a9b","gibson-hummingbird","Gibson Gibson Hummingbird Tee Large","189","DKK","","accessory","accessory","93","'Hummingbird Tee Large' is a T-shirt, not the guitar","","false","admin_rejected","https://reverb.com/item/100779218-gibson-gibson-hummingbird-tee-large"
"519b6b2b-cabe-4374-9a59-a8404f9edb24","gibson-es-335-dot","Gibson ES-335 Dot Reissue Semi-Hollow Electric Guitar - 2006 Cherry","18919","DKK","","exact","exact","78","'ES-335 Dot Reissue' semi-hollow guitar","","true","","https://reverb.com/item/101380306-gibson-es-335-dot-reissue-semi-hollow-electric-guitar-2006-cherry"
"51f010f3-e1b8-4770-85a6-fadbf6499cfe","gibson-j-45","Gibson J-45 Standard Acoustic Guitar - Goldtop","24390","DKK","","exact","exact","88","'Gibson J-45 Standard Acoustic Guitar'","","true","","https://reverb.com/item/97680826-gibson-j-45-standard-acoustic-guitar-goldtop"
"51f4d378-aac7-4855-9e2e-81f136f0ebd0","gibson-les-paul-studio","Gibson Les Paul Studio 2011 - Ebony","5785","SEK","","exact","exact","92","'Gibson Les Paul Studio 2011 - Ebony'","","true","","https://www.blocket.se/recommerce/forsale/item/26031246"
"520e544b-9004-4bde-bcb6-0fbd110f6bf2","gibson-es-335-dot","1997 Gibson ES-335 Dot antique natural","33526","DKK","","exact","exact","92","'1997 Gibson ES-335 Dot' with finish","","true","","https://reverb.com/item/80699447-1997-gibson-es-335-dot-antique-natural"
"521d5256-9e72-4d22-9346-2f959649ef06","gibson-les-paul-studio","Gibson Les Paul Studio Desert Burst","6840","NOK","","exact","exact","90","'Gibson Les Paul Studio' with finish name","","true","","https://www.finn.no/recommerce/forsale/item/473980889"
"524004ed-7167-452e-9670-4536ed20fa01","neumann-u87ai","Neumann U 87 Ai Large Diaphragm Multipattern Condenser Microphone Stereo Pair - 2024 - Nickel","29158","DKK","","abstain","skipped","60","'Stereo Pair' means two units, not a single product","","","","https://reverb.com/item/101919807-neumann-u-87-ai-large-diaphragm-multipattern-condenser-microphone-stereo-pair-2024-nickel"
"525137fc-ead5-44d5-8c3a-6ba40d060ab3","gibson-hummingbird","Gibson Hummingbird Standard - Vintage Sunburst","30964","DKK","","exact","exact","85","'Hummingbird Standard' is the base Hummingbird model","","true","","https://reverb.com/item/75356739-gibson-hummingbird-standard-vintage-sunburst"
"525a2c66-815e-4124-86a1-bc287603f896","tube-tech-lca-2b","Tube-Tech LCA 2B Stereo Compressor/Limiter - Green Day Owned - Certificate of Authenticity","56250","DKK","","exact","exact","95","'Tube-Tech LCA 2B Stereo Compressor' names the product; provenance irrelevant","","true","","https://reverb.com/item/83658801-tube-tech-lca-2b-stereo-compressor-limiter-green-day-owned-certificate-of-authenticity"
"526f902b-94bb-4475-a39e-c6da3303b4b8","gibson-les-paul-studio","Gibson Les Paul Studio Faded Worn Brown USA 2010 mit Koffer","","EUR","","exact","exact","68","'Les Paul Studio Faded Worn Brown' — faded is a finish variant of the Studio","","true","","https://www.kleinanzeigen.de/s-anzeige/gibson-les-paul-studio-faded-worn-brown-usa-2010-mit-koffer/3151609368-74-1776"
"528274cf-d2ba-4ab9-bc8b-48d56a9d772e","manley-voxbox","Manley Labs VOX BOX - ""Rainbow faceplate"" 2026","32615","DKK","","exact","exact","85","'Manley Labs VOX BOX' with special faceplate","","true","","https://reverb.com/item/101931178-manley-labs-vox-box-rainbow-faceplate-2026"
"52934095-8beb-47c0-9f63-46596d95a71d","fender-american-professional-ii-stratocaster","Fender American Professional II Stratocaster HSS neuwertig","","EUR","","exact","exact","85","'American Professional II Stratocaster HSS' — pickup config variant","","true","","https://www.kleinanzeigen.de/s-anzeige/fender-american-professional-ii-stratocaster-hss-neuwertig/3499313944-74-8088"
"52db9e13-58f2-4a89-8764-bb84f0c38c5e","gibson-es-335-dot","1993 Gibson ES-335 Dot Semi-Hollow Guitar Vintage Sunburst w/case","25674","DKK","","exact","exact","94","'Gibson ES-335 Dot' with year and case","","true","","https://reverb.com/item/94173818-1993-gibson-es-335-dot-semi-hollow-guitar-vintage-sunburst-w-case"
"52f09237-bdc9-48ca-9000-b92493ea301c","gibson-les-paul-custom","Gibson Les Paul Custom 1954 Aged Historic Reissue 4kg Light","","EUR","","abstain","skipped","65","'1954 Aged Historic Reissue' is a Custom Shop tier build","","","","https://www.kleinanzeigen.de/s-anzeige/gibson-les-paul-custom-1954-aged-historic-reissue-4kg-light-/3500494929-74-1396"
"5307e31b-f97d-4a59-89d7-0133f8b72a2f","tube-tech-cl1b","Tube-Tech CL 1B Mono Opto Compressor. 5 months old! Like New. CL1B CL-1B Tube Tech. USA 22836","33765","DKK","","exact","exact","96","'Tube-Tech CL 1B Mono Opto Compressor'","","true","","https://reverb.com/item/101356979-tube-tech-cl-1b-mono-opto-compressor-5-months-old-like-new-cl1b-cl-1b-tube-tech-usa-22836"
"531453f8-c5ee-497f-b16b-485d484cca36","gibson-es-335-dot","Gibson ES-335 Dot 1991 - 2014 - Figured Cherry","26317","DKK","","exact","exact","92","'Gibson ES-335 Dot' with finish/year range","","true","","https://reverb.com/item/97896512-gibson-es-335-dot-1991-2014-figured-cherry"
"531710b9-1760-4b58-acdb-74974c084bcc","gibson-les-paul-custom","TAUSCH Gibson Les Paul Custom VS ESP Eclipse, Explorer, Flying V","","EUR","","wanted_ad","wanted_ad","58","'TAUSCH ... VS ESP' is a swap/trade request, not a sale","","false","admin_rejected","https://www.kleinanzeigen.de/s-anzeige/tausch-gibson-les-paul-custom-vs-esp-eclipse-explorer-flying-v/3500913832-74-8047"
"533a3cfb-ca0d-4150-8855-51650faed0ef","fender-telecaster-thinline","Fender Custom Shop 69 Telecaster Thinline Sunburst Relic 2022","30769","EUR","","abstain","skipped","68","'Fender Custom Shop 69 ... Relic' is a Custom Shop tier build","","","","https://www.kleinanzeigen.de/s-anzeige/fender-custom-shop-69-telecaster-thinline-sunburst-relic-2022/3444335397-74-3015"
"53e1f0e1-7c67-42af-b9ea-b304eeb83e8d","gibson-hummingbird","Gibson Hummingbird Standard 2020 - Present - Vintage Cherry Sunburst","13966","DKK","","exact","exact","85","'Hummingbird Standard' with finish and year range","","true","","https://reverb.com/item/100632088-gibson-hummingbird-standard-2020-present-vintage-cherry-sunburst"
"53ff20a5-a7e0-4a7d-a9fb-e026e1a840e5","ua-1176ln","Universal Audio 1176LN Limiting Amplifier 1/2","13411","DKK","","exact","exact","75","'Universal Audio 1176LN Limiting Amplifier' complete unit","","true","","https://reverb.com/item/75094721-universal-audio-1176ln-limiting-amplifier-1-2"
"5422fd15-00c3-4b9d-a195-e9a91a535bf5","gibson-les-paul-custom","1979 Gibson Les Paul Custom Ebony","36498","EUR","","exact","exact","92","'1979 Gibson Les Paul Custom Ebony' — year and colour only","","true","","https://www.kleinanzeigen.de/s-anzeige/1979-gibson-les-paul-custom-ebony/3469858777-74-2162"
"542ffd62-8e4c-4035-bf86-1d829663ed40","fender-telecaster-thinline","Fender FSR American Vintage '72 Telecaster Thinline Limited Edition Sunburst - 2012 / 2013","13894","DKK","","abstain","skipped","60","'FSR American Vintage '72 Thinline Limited Edition' is a distinct reissue tier","","","","https://reverb.com/item/78948536-fender-fsr-american-vintage-72-telecaster-thinline-limited-edition-sunburst-2012-2013"
"544a19c8-fe51-46dd-9340-6930d8a92967","neumann-u87ai","Neumann U 87 Ai mt Large Diaphragm Multipattern Condenser Microphone • NEEDS REPAIR!!","8363","DKK","","exact","exact","92","'Neumann U 87 Ai' microphone, condition note only","","true","","https://reverb.com/item/95834519-neumann-u-87-ai-mt-large-diaphragm-multipattern-condenser-microphone-needs-repair"
"546ee252-36a6-40da-8ef4-5da9362771e6","roland-re-501","Roland RE-501 Chorus/Echo","19569","DKK","","exact","exact","95","'Roland RE-501 Chorus/Echo'","","true","","https://reverb.com/item/91505972-roland-re-501-chorus-echo"
"547a825f-4576-4adb-9ff7-00f1d72271af","gibson-es-335-dot","1998 Gibson ES-335 Dot","30007","DKK","","exact","exact","93","'1998 Gibson ES-335 Dot'","","true","","https://reverb.com/item/98325949-1998-gibson-es-335-dot"
"5491a7e2-444e-492a-8832-65d9f90a89b1","gibson-les-paul-custom","Gibson Les Paul Custom - 1989","22685","SEK","","exact","exact","90","'Gibson Les Paul Custom - 1989'","","true","","https://www.blocket.se/recommerce/forsale/item/26374428"
"54934819-443d-477e-9da2-426fa0501292","roland-juno-6","Roland Juno-6 61-Key Polyphonic Synthesizer 1982 - 1984 - Black","13114","DKK","","exact","exact","95","'Roland Juno-6 61-Key Polyphonic Synthesizer'","","true","","https://reverb.com/item/101376264-roland-juno-6-61-key-polyphonic-synthesizer-1982-1984-black"
"54abed9e-336a-42ca-8506-56b2783d1d5c","fender-american-professional-ii-stratocaster","Fender American Professional II Stratocaster HSS - OWT [rw]","12997","SEK","","exact","exact","88","'American Professional II Stratocaster HSS' finish/fingerboard codes only","","true","","https://www.blocket.se/recommerce/forsale/item/26196509"
"54af3edf-63ef-47aa-a07a-ec96b292a33a","roland-tr-909","Roland TR-909 Original • Plus M-64C • Near Mint","","EUR","","exact","exact","92","'Roland TR-909 Original' bundled with M-64C cartridge","","true","","https://www.kleinanzeigen.de/s-anzeige/roland-tr-909-original-plus-m-64c-near-mint/3238886166-74-3493"
"54d2b782-48aa-4b32-a1d4-24a3f7fa74c1","gibson-les-paul-custom","Gibson Les Paul Custom White 2011","","EUR","","exact","exact","90","'Gibson Les Paul Custom White 2011'","","true","","https://www.kleinanzeigen.de/s-anzeige/gibson-les-paul-custom-white-2011/3502077545-74-4298"
"555bd4de-0fa7-47ab-aab2-38318e4e9e3c","moog-model-d","Moog Model D 1974 Personally Owned/Built by Ken Rich)","109587","DKK","","wrong","wrong","58","'1974' vintage unit is the original Minimoog, a sibling row","moog-minimoog","false","admin_rejected","https://reverb.com/item/97673421-moog-model-d-1974-personally-owned-built-by-ken-rich"
"5595ac42-36ec-4ff0-bee3-9ad68fa1c889","moog-minimoog","Moog Minimoog Model D 1975 - Serviced - Superb","72835","DKK","","exact","exact","78","'Moog Minimoog Model D 1975' vintage Minimoog, service history only","","true","","https://reverb.com/item/97968462-moog-minimoog-model-d-1975-serviced-superb"
"559c2b75-1169-4ae7-a556-f07505f22065","fender-american-vintage-52-telecaster","1996 Fender American Vintage '52 Telecaster Butterscotch w/ Case","14351","DKK","","exact","exact","95","'American Vintage '52 Telecaster' with case bundle","","true","","https://reverb.com/item/101302988-1996-fender-american-vintage-52-telecaster-butterscotch-w-case"
"55d8b6e0-f46d-4599-a48b-1f3acd2e2a1b","moog-minimoog","Original Wood Side Panels kit for MOOG RACK Minimoog Voyager RME Rack new //ARMENS//","2603","DKK","","accessory","accessory","96","'Wood Side Panels kit for MOOG RACK'","","false","admin_rejected","https://reverb.com/item/41913343-original-wood-side-panels-kit-for-moog-rack-minimoog-voyager-rme-rack-new-armens"
"55ec8b47-8643-48d4-8a48-60fdda896993","fender-mustang-bass","1967 Fender Mustang Bass - Dakota Red - OHSC","38704","DKK","","exact","exact","95","'Fender Mustang Bass' 1967 with case","","true","","https://reverb.com/item/99314870-1967-fender-mustang-bass-dakota-red-ohsc"
"55f8a5b2-5d0c-4804-a72f-03f2b0951654","gibson-es-335-dot","Gibson ES-335 Dot 2024 - 2026 - Watermelon","16016","DKK","","exact","exact","94","'Gibson ES-335 Dot', finish only differs","","true","","https://reverb.com/item/99498278-gibson-es-335-dot-2024-2026-watermelon"
"56060586-ffc5-4f61-a0d1-0392d1d4bbb6","moog-minimoog","Moog Minimoog Voyager Performer Edition 44-Key Monophonic Synthesizer 2015 - Quarter-Sawn Tiger Oak","26744","DKK","","wrong","wrong","90","'Minimoog Voyager Performer Edition' is a different instrument","","false","admin_rejected","https://reverb.com/item/101283797-moog-minimoog-voyager-performer-edition-44-key-monophonic-synthesizer-2015-quarter-sawn-tiger-oak"
"5621ebee-cf4e-48d1-a503-69658831ccdd","korg-ms-20","Korg MS 20 Synthesizer","2608","EUR","","exact","exact","80","'Korg MS 20 Synthesizer', no 'mini' qualifier","","true","","https://www.kleinanzeigen.de/s-anzeige/korg-ms-20-synthesizer/3508927873-74-3286"
"566db15a-3e68-4cd8-820a-9b7508e7ba9e","fender-american-professional-ii-stratocaster","Fender American Professional II Stratocaster Miami Blue Rosewood Fingerboard (307)","12002","DKK","","exact","exact","96","'American Professional II Stratocaster' named exactly","","true","","https://reverb.com/item/91952556-fender-american-professional-ii-stratocaster-miami-blue-rosewood-fingerboard-307"
"5685eb46-8673-4a7c-8834-a4b964ef755d","moog-model-d","Moog Minimoog Model D Monophonic Analog Synthesizer | TOURACK","32088","DKK","","abstain","skipped","60","'Minimoog Model D' matches both Minimoog and Model D rows","","","","https://reverb.com/item/94162627-moog-minimoog-model-d-monophonic-analog-synthesizer-tourack"
"5691d03e-88db-45c3-8254-48b5026504a1","sequential-prophet-10","Sequential Prophet 10 - rev4","25935","SEK","","exact","exact","85","'Sequential Prophet 10 rev4' modern Prophet-10","","true","","https://www.blocket.se/recommerce/forsale/item/26421685"
"56e5636b-143a-4fd3-9c9e-753ed333c1b3","martin-d-28","Martin D-28 82272 (1942)","847990","DKK","","exact","exact","93","'Martin D-28' with serial and year","","true","","https://reverb.com/item/101178166-martin-d-28-82272-1942"
"57104755-33bc-4557-8019-1c3d09ad419f","gibson-es-335-dot","Gibson ES-335 DOT Blue Burst 2017 Used (Cod. 1453UG)","30380","DKK","","exact","exact","94","'Gibson ES-335 DOT' used, finish only","","true","","https://reverb.com/item/78779087-gibson-es-335-dot-blue-burst-2017-used-cod-1453ug"
"572ccf35-6396-472d-b53d-65c1e635a036","moog-minimoog","Moog Minimoog SN 11773 BJ 1978 original stimmstabil tolles Gerät","50288","EUR","","exact","exact","93","'Moog Minimoog' 1978 original with serial","","true","","https://www.kleinanzeigen.de/s-anzeige/moog-minimoog-sn-11773-bj-1978-original-stimmstabil-tolles-geraet/3501926260-74-26164"
"57d40329-5d09-4a5c-8205-203969656773","gibson-les-paul-custom","Gibson Les Paul Custom - Navnløs Kopi","1500","DKK","","wrong","wrong","88","'Navnløs Kopi' — unbranded copy, not a Gibson","","false","admin_rejected","https://www.dba.dk/recommerce/forsale/item/24345033"
"5800af11-4777-41cb-9496-5a878e22561f","fender-telecaster-thinline","Fender Custom Shop '60s Reissue Telecaster Thinline Journeyman Relic","20874","DKK","","abstain","skipped","","no verdict returned","","","","https://reverb.com/item/101759640-fender-custom-shop-60s-reissue-telecaster-thinline-journeyman-relic"
"581717ad-4464-4702-a750-793a38f7c238","gibson-les-paul-standard-50s","Gibson Les Paul Standard '50s - HS (#129)","15804","DKK","","exact","exact","95","'Les Paul Standard '50s' named exactly","","true","","https://reverb.com/item/99491092-gibson-les-paul-standard-50s-hs-129"
"58290b63-707f-4708-b6fc-9f4917a2f232","gibson-j-45","Gibson J-45 Standard Vintage Sunburst [21993108] (08/27)","13771","DKK","","exact","exact","92","'Gibson J-45 Standard' with serial","","true","","https://reverb.com/item/101066542-gibson-j-45-standard-vintage-sunburst-21993108-08-27"
"582f5b04-1801-4b11-ae92-00d95e3a6895","fender-telecaster-custom","Fender American Vintage 72' Telecaster Custom gitar svart","8100","NOK","","abstain","skipped","60","'American Vintage 72 Telecaster Custom' reissue-line sub-model","","","","https://www.finn.no/recommerce/forsale/item/473966571"
"5832084b-8425-463c-add9-395de1d7b57d","fender-telecaster-thinline","Fender Telecaster Thinline 1973 - 1978 - Walnut (Mocha)","35137","DKK","","exact","exact","93","'Fender Telecaster Thinline' 1970s, finish only","","true","","https://reverb.com/item/82807010-fender-telecaster-thinline-1973-1978-walnut-mocha"
"58520e6d-dfa6-4840-b2e5-7a565f0e6b42","gibson-hummingbird","Gibson Hummingbird Original in Heritage Cherry Sunburst #21636040","26554","DKK","","exact","exact","90","'Gibson Hummingbird Original' with serial","","true","","https://reverb.com/item/101917940-gibson-hummingbird-original-in-heritage-cherry-sunburst-21636040"
"58796c3c-5ab8-4f1a-8290-216bada6ead5","yamaha-dx7","Yamaha DX7 mk1 vintage synthesizer","3300","NOK","","exact","exact","93","'Yamaha DX7 mk1' synthesizer","","true","","https://www.finn.no/recommerce/forsale/item/475967043"
"5886006d-6bba-4110-a52e-793269896605","gibson-j-45","Gibson J-45 Deluxe 1982 - Vintage Sunburst","14050","DKK","","abstain","skipped","58","'J-45 Deluxe' named variant not in catalogue","","","","https://reverb.com/item/101496558-gibson-j-45-deluxe-1982-vintage-sunburst"
"58c0a29f-7487-4fd6-bfea-ee26cd2fbc2f","rhodes-mark-ii-stage-73","Fender Rhodes Mark II Stage 73","9752","DKK","","exact","exact","93","'Rhodes Mark II Stage 73' named exactly","","true","","https://reverb.com/item/15579501-fender-rhodes-mark-ii-stage-73"
"58f9bb85-9508-41f6-be47-4924faed5e42","gibson-es-335-dot","Gibson ES-335 Dot Reissue 1985 - Vintage Sunburst","30006","DKK","","exact","exact","88","'ES-335 Dot Reissue' is the Dot model itself","","true","","https://reverb.com/item/101674357-gibson-es-335-dot-reissue-1985-vintage-sunburst"
"590df04a-a300-418f-b1a6-df2897002aed","gibson-les-paul-special","Gibson Les Paul Special Bj. 1999","","EUR","","exact","exact","90","'Gibson Les Paul Special' with year","","true","","https://www.kleinanzeigen.de/s-anzeige/gibson-les-paul-special-bj-1999/3505844812-74-1436"
"592ab9b8-d207-4cb1-8c2c-b029c09ce0cf","gibson-les-paul-custom","Adam Jones Gibson Les Paul Custom Silverburst MINI Guitar 1:4 Scale Replica","391","DKK","","wrong","wrong","92","'MINI Guitar 1:4 Scale Replica' not the instrument","","false","admin_rejected","https://reverb.com/item/43039224-adam-jones-gibson-les-paul-custom-silverburst-mini-guitar-1-4-scale-replica"
"5943d118-1933-489a-be9f-a1881bec3df1","gibson-les-paul-custom","2014 Gibson LTD Les Paul Custom Historic P90 Ebony Black","","EUR","","abstain","skipped","62","'LTD ... Historic P90' indicates a Custom Shop/limited tier, not the standard Les Paul Custom row","","","","https://www.kleinanzeigen.de/s-anzeige/2014-gibson-ltd-les-paul-custom-historic-p90-ebony-black/2720675846-74-7584"
"59494e02-8df3-4e0a-ab3c-6624388a44af","korg-ms-20","Korg MS-20 Mini Semi-Modular Analog Synthesizer 2013 - Present - Black","2668","DKK","","wrong","wrong","95","'MS-20 Mini' is a different product from the MS-20","","false","admin_rejected","https://reverb.com/item/94636500-korg-ms-20-mini-semi-modular-analog-synthesizer-2013-present-black"
"59e4642e-f5a1-4337-9c0f-1751d51ff9ab","roland-juno-60","Roland Juno 60, MIDI + neue Seitenteile","21598","EUR","","exact","exact","92","'Roland Juno 60' with MIDI mod and new side panels","","true","","https://www.kleinanzeigen.de/s-anzeige/roland-juno-60-midi-neue-seitenteile/3515435453-74-9349"
"5a13edad-c065-4e56-8c38-1dc4817abeb3","gibson-les-paul-studio","Gibson Les Paul Studio USA 2009 + ENGL Thunder 50 Verstärker","12293","EUR","","exact","exact","72","'Gibson Les Paul Studio USA 2009' sold together with an amp","","true","","https://www.kleinanzeigen.de/s-anzeige/gibson-les-paul-studio-usa-2009-engl-thunder-50-verstaerker/3517007707-74-6436"
"5a345051-f0f4-49da-818d-ecc19cbd8f69","fender-american-professional-ii-stratocaster","Fender American Professional II Stratocaster 3-Color Sunburst Rosewood Fingerboard (226)","12002","DKK","","exact","exact","95","'American Professional II Stratocaster' named exactly","","true","","https://reverb.com/item/91952563-fender-american-professional-ii-stratocaster-3-color-sunburst-rosewood-fingerboard-226"
"5a3ca45e-dde5-455c-accc-62113950f83b","gibson-les-paul-studio","Gibson Les Paul Studio -2010","6499","SEK","","exact","exact","90","'Gibson Les Paul Studio' with year only","","true","","https://www.blocket.se/recommerce/forsale/item/26691093"
"5a6528d8-0f76-4f13-a905-f95453bd6554","gibson-les-paul-custom","1979 Gibson Les Paul Custom Wine Red","37243","EUR","","exact","exact","90","'Gibson Les Paul Custom' with year and colour","","true","","https://www.kleinanzeigen.de/s-anzeige/1979-gibson-les-paul-custom-wine-red/3464702051-74-7584"
"5a8d9de5-24d2-4f45-a6fe-381755a18388","gibson-les-paul-custom","1978 Gibson Les Paul Custom 1-ply Cream W/Bracket","293","DKK","","exact","exact","88","'1978 Gibson Les Paul Custom' plus cosmetic details","","true","","https://reverb.com/item/91059651-1978-gibson-les-paul-custom-1-ply-cream-w-bracket"
"5ac261c1-ca32-4936-afbc-b848a87ef1b8","gibson-les-paul-standard-50s","Gibson Les Paul Standard '50s - GT (#034)","16957","DKK","","exact","exact","93","'Les Paul Standard '50s' named exactly","","true","","https://reverb.com/item/101475057-gibson-les-paul-standard-50s-gt-034"
"5b30e30d-4c29-4319-b0b2-4841f16e359b","fender-mustang-bass","Fender Mustang Bass Guitar  - Vintage sunburst","7828","DKK","","exact","exact","90","'Fender Mustang Bass Guitar' with finish","","true","","https://reverb.com/item/100880177-fender-mustang-bass-guitar-vintage-sunburst"
"5b502900-2cae-4298-8305-fd302c6ad79d","gibson-les-paul-special","Gibson USA Les Paul Special - TV Yellow","11600","DKK","","exact","exact","90","'Gibson USA Les Paul Special - TV Yellow'","","true","","https://reverb.com/item/89922119-gibson-usa-les-paul-special-tv-yellow"
"5b720cac-3aa3-4e3d-904c-eb5df521fa78","gibson-es-335-dot","Gibson ES-335 Dot Figured 1995 Cherry","27281","DKK","","exact","exact","80","'ES-335 Dot Figured' is a finish/top variant of the ES-335 Dot","","true","","https://reverb.com/item/101146811-gibson-es-335-dot-figured-1995-cherry"
"5bcb547f-9606-4d2d-afc6-7645bfa05c07","fender-american-professional-ii-stratocaster","Fender American Professional II Stratocaster Rosewood Fingerboard Miami Blue Left-Hand (652)","11741","DKK","","exact","exact","94","'American Professional II Stratocaster', left-handed variant","","true","","https://reverb.com/item/60397480-fender-american-professional-ii-stratocaster-rosewood-fingerboard-miami-blue-left-hand-652"
"5bf953de-02d3-443e-9d54-f4083860cad1","fender-jim-root-jazzmaster","Fender Jim Root Jazzmaster V4 Arctic White - Electric Guitar","10507","DKK","","exact","exact","90","'Fender Jim Root Jazzmaster' named exactly","","true","","https://reverb.com/item/76397371-fender-jim-root-jazzmaster-v4-arctic-white-electric-guitar"
"5c0087a8-f82a-45fb-8a74-16236c6e7237","roland-re-501","Roland RE-501 Chorus Echo 1980 - 1984 - Black","17182","DKK","","exact","exact","95","'Roland RE-501 Chorus Echo'","","true","","https://reverb.com/item/101906878-roland-re-501-chorus-echo-1980-1984-black"
"5c20d0e3-86ce-443b-8690-c850c020c0f8","wurlitzer-200a","1983 Wurlitzer 200A Electric Piano * Vintage * Original *","45535","DKK","","exact","exact","93","'Wurlitzer 200A Electric Piano'","","true","","https://reverb.com/item/101042228-1983-wurlitzer-200a-electric-piano-vintage-original"
"5c376f00-3124-41e0-810c-e3e3c1aba0e8","moog-minimoog","Moog Minimoog Model D","99185","DKK","","abstain","skipped","58","'Minimoog Model D' could be vintage Minimoog or the sibling Moog Model D reissue","","","","https://reverb.com/item/97303802-moog-minimoog-model-d"
"5c3c5dfa-8d0f-4dad-a978-6febb5f46cb2","fender-american-vintage-52-telecaster","Fender American Vintage '52 Telecaster - Butterscotch Blonde","9778","DKK","","exact","exact","93","'American Vintage '52 Telecaster' named exactly","","true","","https://reverb.com/item/101755619-fender-american-vintage-52-telecaster-butterscotch-blonde"
"5c3e7415-51cc-488f-881d-861cffdf6423","yamaha-dx7","Yamaha DX7 | inkl. Case u. Cartridges | *SERVICED*","","EUR","","exact","exact","92","'Yamaha DX7' sold with case and cartridges","","true","","https://www.kleinanzeigen.de/s-anzeige/yamaha-dx7-inkl-case-u-cartridges-serviced-/3509871883-74-1180"
"5ca8d88d-d8a9-45dc-8ccc-97d828b7a6aa","gibson-es-335-dot","Gibson ES-335 Dot Semi-Hollow Electric Guitar - Vintage Burst","22850","DKK","","exact","exact","93","'Gibson ES-335 Dot Semi-Hollow'","","true","","https://reverb.com/item/97427288-gibson-es-335-dot-semi-hollow-electric-guitar-vintage-burst"
"5cc244c8-8230-4f8b-aef9-2fad5e102a0c","gibson-les-paul-studio","Gibson Les Paul Studio - Ebony -  LPST00EBCH","10936","DKK","","exact","exact","93","'Gibson Les Paul Studio - Ebony' with SKU","","true","","https://reverb.com/item/91551398-gibson-les-paul-studio-ebony-lpst00ebch"
"5ceacd3f-eee5-4462-9a32-a9a4f58ea8b9","roland-jupiter-4","Roland Jupiter 4 synth","18648","DKK","","exact","exact","90","'Roland Jupiter 4 synth'","","true","","https://reverb.com/item/101509457-roland-jupiter-4-synth"
"5d28a3aa-176d-4c62-bb94-a00ba00a2ba5","fender-american-professional-ii-stratocaster","Fender American Professional II Stratocaster - MN OWT (#787)","12825","DKK","","exact","exact","93","'American Professional II Stratocaster' with finish code","","true","","https://reverb.com/item/68327949-fender-american-professional-ii-stratocaster-mn-owt-787"
"5d7a1e1e-9d7c-403a-82f8-472f87e84190","gibson-es-335-dot","Gibson ES-335 Dot (2020 - 2026)","16090","DKK","","exact","exact","92","'Gibson ES-335 Dot' with production year range","","true","","https://reverb.com/item/101187032-gibson-es-335-dot-2020-2026"
"5d8ac999-b730-41ce-ac31-199545224b29","gibson-les-paul-studio","Gibson Les Paul Studio Lite Vintage Sunburst – 1995 – 3.87 kg","8400","NOK","","wrong","wrong","72","'Les Paul Studio Lite' is a distinct model, not the Les Paul Studio","","false","admin_rejected","https://www.finn.no/recommerce/forsale/item/476072550"
"5df46d1b-4727-4bd8-a1ad-e32aee0e76fe","roland-re-501","Roland RE-501 Chorus Echo 1980 - 1984 - Black","16620","DKK","","exact","exact","95","RE-501 Chorus Echo named directly","","true","","https://reverb.com/item/100963979-roland-re-501-chorus-echo-1980-1984-black"
"5e0ef4c5-8c89-43ad-bf63-83041a95f364","gibson-j-45","Gibson J-45 Standard 2010 Vintage Sunburst","15439","DKK","","exact","exact","88","J-45 Standard, year/finish only extras","","true","","https://reverb.com/item/101212348-gibson-j-45-standard-2010-vintage-sunburst"
"5e545cc1-b6ad-42a7-8ac9-386a73883fe2","roland-juno-60","Roland Juno-60 61-Key Polyphonic Synthesizer 1982 - 1984 - Black","16050","DKK","","exact","exact","95","Juno-60 61-key synthesizer","","true","","https://reverb.com/item/100961407-roland-juno-60-61-key-polyphonic-synthesizer-1982-1984-black"
"5e62f84d-ad58-4804-84d2-17fb6d281d70","fender-american-professional-ii-stratocaster","Fender American Professional II Stratocaster","","EUR","","exact","exact","95","exact model name match","","true","","https://www.kleinanzeigen.de/s-anzeige/fender-american-professional-ii-stratocaster/3512416289-74-5322"
"5e645d3e-014e-45bf-8aa0-794fad811777","gibson-les-paul-special","Canadian Made Gibson Les Paul Special Single Cut Case NEW Gibson Les Paul Special","907","DKK","","accessory","accessory","85","'Case NEW' — a case for the Les Paul Special","","false","admin_rejected","https://reverb.com/item/91442831-canadian-made-gibson-les-paul-special-single-cut-case-new-gibson-les-paul-special"
"5e72f687-2302-44aa-8c57-954df66e3f3d","gibson-les-paul-special","Gibson USA Les Paul Special - Vintage Cherry","11713","DKK","","exact","exact","92","Gibson USA Les Paul Special, finish only","","true","","https://reverb.com/item/81528984-gibson-usa-les-paul-special-vintage-cherry"
"5e796e10-ad6c-4a14-8f7b-095b1f755f6a","ua-1176ln","Universal Audio / Urei 1176LN limiting amplifier vintage operating instructions in English.","430","DKK","","accessory","accessory","95","'operating instructions' manual only","","false","admin_rejected","https://reverb.com/item/88262665-universal-audio-urei-1176ln-limiting-amplifier-vintage-operating-instructions-in-english"
"5eb0f195-cf4a-40f3-8408-cd92e13bee49","moog-source","moog Source","16784","DKK","","exact","exact","93","'moog Source' names the instrument","","true","","https://reverb.com/item/101445038-moog-source"
"5ec45368-fcb0-4b89-9a8a-d6174528dc91","gibson-les-paul-studio","2 Stck.Gibson Monitor LP8 Les Paul Studio Monitore,neu!","","EUR","","wrong","wrong","92","'Monitor LP8 ... Monitore' studio speakers, not a guitar","","false","admin_rejected","https://www.kleinanzeigen.de/s-anzeige/2-stck-gibson-monitor-lp8-les-paul-studio-monitore-neu-/3506712756-74-3101"
"5ed913a4-8426-48ce-9fb2-6452f6c20ca3","moog-minimoog","Moog MiniMoog Voyager Electric Blue Edition with Extras!","24216","DKK","","wrong","wrong","88","'Minimoog Voyager' is a distinct later model","","false","admin_rejected","https://reverb.com/item/100067872-moog-minimoog-voyager-electric-blue-edition-with-extras"
"5f11b560-c774-477c-864b-75d0a328bfd6","gibson-es-335-dot","Gibson ES-335 Dot Vintage Ebony","24984","DKK","","exact","exact","94","ES-335 Dot with finish only","","true","","https://reverb.com/item/86186901-gibson-es-335-dot-vintage-ebony"
"5f25bb55-f0f0-4469-9009-dfecd62549b3","fender-mustang-bass","Fender Mustang Bass with Maple Fretboard 1975 - 1979 - Sunburst","15436","DKK","","exact","exact","93","Mustang Bass, fretboard/year/finish only","","true","","https://reverb.com/item/101344926-fender-mustang-bass-with-maple-fretboard-1975-1979-sunburst"
"5f417950-0432-4847-bed5-8f5a1cdbde47","gibson-les-paul-custom","Gibson Les Paul Custom 1991","","EUR","","exact","exact","90","Les Paul Custom with year","","true","","https://www.kleinanzeigen.de/s-anzeige/gibson-les-paul-custom-1991/3507723898-74-496"
"5f76142c-e45a-4c89-9736-da7d61f358a6","gibson-les-paul-custom","Gibson Les Paul Custom Shop","22750","SEK","","abstain","skipped","65","'Custom Shop' tier ambiguous vs Les Paul Custom","","","","https://www.blocket.se/recommerce/forsale/item/18433283"
"5f8d3a94-03d6-40de-89e8-f13987efc0d3","gibson-les-paul-standard-60s","Gibson Les Paul Standard '60s","17932","DKK","","exact","exact","95","exact model name match","","true","","https://reverb.com/item/93821468-gibson-les-paul-standard-60s"
"5fa3c072-a859-4ee1-96cd-103af5563aa8","gibson-les-paul-special","Gibson Les Paul Special Vintage Cherry","11525","DKK","","exact","exact","93","Les Paul Special, finish only","","true","","https://reverb.com/item/91557075-gibson-les-paul-special-vintage-cherry"
"603f603c-19ea-4e17-aa37-a57a75772aea","gibson-les-paul-studio","Gibson Les Paul Studio 1996 - Cherry Sunburst","7376","EUR","","exact","exact","93","Les Paul Studio with year and finish","","true","","https://www.kleinanzeigen.de/s-anzeige/gibson-les-paul-studio-1996-cherry-sunburst/3499381301-74-1734"
"605ee8bc-24aa-4421-8bb2-9c068dc912b3","fender-american-professional-ii-stratocaster","Fender American Professional II Stratocaster - RW - Olympic White - 2nd Hand","13020","DKK","","exact","exact","94","American Professional II Stratocaster, used","","true","","https://reverb.com/item/99568528-fender-american-professional-ii-stratocaster-rw-olympic-white-2nd-hand"
"607d3895-7d41-48fb-b25d-d6abb3312bc9","korg-polysix","Original switch cap for the Korg PolySix, MonoPoly, Trident, etc (1980-1990) Orange","49","DKK","","accessory","accessory","96","'Original switch cap' part for PolySix","","false","admin_rejected","https://reverb.com/item/101960047-original-switch-cap-for-the-korg-polysix-monopoly-trident-etc-1980-1990-orange"
"60a85486-c6c2-4331-83f4-e07d248de1e8","roland-jupiter-8","Roland Jupiter 8 & Sequential Circuits Prophet 5 Rev3.3 Vintage Synthesizers Owned by Jonathan Cain of Journey","1630750","DKK","","abstain","skipped","60","bundle of Jupiter 8 plus Prophet 5","","","","https://reverb.com/item/100916127-roland-jupiter-8-sequential-circuits-prophet-5-rev3-3-vintage-synthesizers-owned-by-jonathan-cain-of-journey"
"60e71c49-3515-415d-aa44-301884597c35","yamaha-dx7","Tausche Yamaha DX7 inkl Case, Cover, Cartridges und Patchbook","5811","EUR","","wanted_ad","wanted_ad","60","'Tausche' — trade offer, not a sale","","false","admin_rejected","https://www.kleinanzeigen.de/s-anzeige/tausche-yamaha-dx7-inkl-case-cover-cartridges-und-patchbook/3474130260-74-7900"
"60e956ad-d29b-451b-a9e1-29e41047c5b1","wurlitzer-200a","10x Wurlitzer Electric Piano Original Speaker and Power Connector Pin 140B 200 200A","150","DKK","","accessory","accessory","96","speaker and power connector pins only","","false","admin_rejected","https://reverb.com/item/97661947-10x-wurlitzer-electric-piano-original-speaker-and-power-connector-pin-140b-200-200a"
"60ffa46b-bb76-42ba-8515-3634265badc0","moog-minimoog","Moog MINIMOOG 1979, 2011, 2016","30000","NOK","","abstain","skipped","55","multiple years listed, unclear which unit(s)","","","","https://www.finn.no/recommerce/forsale/item/472204138"
"612a93a6-cb6b-4733-915e-4ef1d56c5d76","fender-american-professional-ii-stratocaster","Fender American Professional II Stratocaster Mystic Surf Green Maple Fingerboard (219)","12002","DKK","","exact","exact","95","American Professional II Stratocaster, colour/fingerboard only","","true","","https://reverb.com/item/91913470-fender-american-professional-ii-stratocaster-mystic-surf-green-maple-fingerboard-219"
"612fe796-4b6a-45ed-bf30-bf1caf3b9458","neumann-u87ai","Neumann U 87 Ai Large Diaphragm Multipattern Condenser Microphone 1986 - Present - Nickel","12390","DKK","","exact","exact","95","U 87 Ai microphone named","","true","","https://reverb.com/item/101734947-neumann-u-87-ai-large-diaphragm-multipattern-condenser-microphone-1986-present-nickel"
"61527bf5-dde9-43ad-8a9a-e68fb65ee123","roland-re-201","Boss RE-20 Roland Space Echo RE-201 - NEUWERTIG in OVP","","EUR","","wrong","wrong","90","'Boss RE-20' pedal emulation, not the RE-201 tape echo unit","","false","admin_rejected","https://www.kleinanzeigen.de/s-anzeige/boss-re-20-roland-space-echo-re-201-neuwertig-in-ovp/3510375557-74-922"
"616d425e-7078-4be8-8de8-1044e5b77782","fender-jim-root-jazzmaster","Fender Jim Root Jazzmaster V4 Guitar, Ebony Fingerboard, Flat White","15003","DKK","","exact","exact","88","'Jim Root Jazzmaster' named, ebony board/flat white are spec details","","true","","https://reverb.com/item/39792706-fender-jim-root-jazzmaster-v4-guitar-ebony-fingerboard-flat-white"
"6170ea1a-63b2-4780-9278-8b618584b0b6","roland-jupiter-8","Roland Jupiter-8 Vintage Analog Polyphonic Synthesizer | Fully Serviced by Roland Japan | Fully Working | 100V Japan","220152","DKK","","exact","exact","95","'Roland Jupiter-8' synthesizer, service history irrelevant","","true","","https://reverb.com/item/100168796-roland-jupiter-8-vintage-analog-polyphonic-synthesizer-fully-serviced-by-roland-japan-fully-working-100v-japan"
"61c917aa-1afa-4399-a5a8-2f7bf3774421","gibson-sj-200-original","Gibson Acoustic SJ-200 Original, Vintage Sunburst | Demo","22993","DKK","","exact","exact","93","'SJ-200 Original' named; demo is condition","","true","","https://reverb.com/item/95425869-gibson-acoustic-sj-200-original-vintage-sunburst-demo"
"61d466b3-ef9d-46aa-8be2-406fe6502968","ua-1176ln","Universal Audio 1176LN Limiting Amplifier Reissue 2001 - Present - Black","12720","DKK","","exact","exact","85","'1176LN Limiting Amplifier' hardware unit","","true","","https://reverb.com/item/100764775-universal-audio-1176ln-limiting-amplifier-reissue-2001-present-black"
"61e55dfa-757b-46a9-893d-556405ff4518","gibson-hummingbird","Gibson Hummingbird Original Heritage Cherry Sunburst","26085","DKK","","exact","exact","90","'Hummingbird Original' standard model, colour only","","true","","https://reverb.com/item/82131023-gibson-hummingbird-original-heritage-cherry-sunburst"
"61fc6e24-a55f-44dd-870a-5859fefcf729","gibson-les-paul-custom","2022 Gibson Les Paul Custom Shop R9 VOS - Iced Tea Burst","32608","DKK","","wrong","wrong","80","'Custom Shop R9 VOS' is a 1959 Standard reissue, not a Les Paul Custom","","false","admin_rejected","https://reverb.com/item/99894173-2022-gibson-les-paul-custom-shop-r9-vos-iced-tea-burst"
"62a1074f-9922-4ce9-a1a8-69c5ac95a59d","gibson-les-paul-special","Gibson Les Paul Special (Vintage)","","EUR","","exact","exact","78","'Gibson Les Paul Special' named plainly","","true","","https://www.kleinanzeigen.de/s-anzeige/gibson-les-paul-special-vintage-/3506742190-74-4448"
"62c4b60c-caa5-487a-a8b5-a0afb250793a","gibson-es-335-dot","2005 Gibson ES-335 Dot (Highly Flamed/ Figured)","21350","DKK","","exact","exact","92","'Gibson ES-335 Dot' with year and figuring note","","true","","https://reverb.com/item/88813879-2005-gibson-es-335-dot-highly-flamed-figured"
"62d3fde5-4727-457b-960e-5d81fd10e33d","fender-mustang-bass","Fender Mustang Bass Competition Red (Matching Headstock) 1969 - Competition Red","46469","DKK","","exact","exact","92","'Fender Mustang Bass' with colour/year detail","","true","","https://reverb.com/item/100944048-fender-mustang-bass-competition-red-matching-headstock-1969-competition-red"
"63305998-063d-45e5-87bf-5bc286261dd8","gibson-les-paul-custom","Gibson Les Paul Custom Shop 1959 Reissue VOS 2012 - Dealer Select Top Dark Burst","35218","DKK","","wrong","wrong","80","'Custom Shop 1959 Reissue VOS' is a Standard reissue, not Les Paul Custom","","false","admin_rejected","https://reverb.com/item/94538132-gibson-les-paul-custom-shop-1959-reissue-vos-2012-dealer-select-top-dark-burst"
"633f9eaf-83c5-4560-b6d5-31b7026ee4d1","gibson-hummingbird","Gibson Hummingbird Studio Rosewood","14024","DKK","","abstain","skipped","60","'Hummingbird Studio Rosewood' is a separate lower-tier sub-model","","","","https://reverb.com/item/100594069-gibson-hummingbird-studio-rosewood"
"6351b903-4cf2-4763-a280-37af6f1afd26","gibson-les-paul-studio","Gibson Les Paul Studio in Heritage Cherry Sunburst #231640301","10617","DKK","","exact","exact","93","'Les Paul Studio' with colour and serial","","true","","https://reverb.com/item/88805450-gibson-les-paul-studio-in-heritage-cherry-sunburst-231640301"
"635b4a85-d9cd-4298-adff-9bac7d32b8e1","korg-ms-20","MIDI Controller Korg MS-20","1300","SEK","","abstain","skipped","60","'MIDI Controller' suggests controller/mini variant, not the analog MS-20","","","","https://www.blocket.se/recommerce/forsale/item/26688544"
"637afa38-0987-4826-b767-30b9948c9aba","gibson-hummingbird","Gibson Gibson Hummingbird Tee XL","189","DKK","","accessory","accessory","93","'Hummingbird Tee XL' is a T-shirt, not the guitar","","false","admin_rejected","https://reverb.com/item/100779223-gibson-gibson-hummingbird-tee-xl"
"638d761d-7f41-4e44-b210-8b8e6920ae3e","manley-voxbox","Manley Labs VoxBox Pride Edition Tube Channel Strip MINT","24160","DKK","","exact","exact","82","'Manley VoxBox' channel strip, Pride Edition is a finish variant","","true","","https://reverb.com/item/83327865-manley-labs-voxbox-pride-edition-tube-channel-strip-mint"
"6390344e-e13f-4335-8c8f-87b718de7e4f","fender-american-professional-ii-stratocaster","Fender American Professional II Stratocaster Roasted Pine Maple Fingerboard (948)","12655","DKK","","exact","exact","92","'American Professional II Stratocaster' named","","true","","https://reverb.com/item/91913489-fender-american-professional-ii-stratocaster-roasted-pine-maple-fingerboard-948"
"63b3de2e-3b5b-47ef-b01c-33875fd0cef2","korg-polysix","Korg OEM Knob Cap - Gray ( Polysix, Poly-61, Trident, EX-800, KMX-8, KMX-64 )","65","DKK","","accessory","accessory","96","'Knob Cap' spare part for Polysix","","false","admin_rejected","https://reverb.com/item/101585068-korg-oem-knob-cap-gray-polysix-poly-61-trident-ex-800-kmx-8-kmx-64"
"642050cb-48fd-4b63-852c-767aaa4fabfa","gibson-es-335-dot","Gibson ES-335 Dot 2011 Satin Transparent Black","22824","DKK","","exact","exact","92","'ES-335 Dot' with year and finish","","true","","https://reverb.com/item/94978580-gibson-es-335-dot-2011-satin-transparent-black"
"64596a8c-af02-4844-8bc9-ef2cff76de86","ua-1176ln","Universal Audio 1176LN Classic Limiting Amplifier (Hardware)","19526","DKK","","exact","exact","90","'1176LN Classic Limiting Amplifier (Hardware)'","","true","","https://reverb.com/item/101256402-universal-audio-1176ln-classic-limiting-amplifier-hardware"
"646a7c44-7204-4655-89fe-659f71753711","gibson-es-335-dot","1989 Gibson ES-335 Dot Sunburst","17020","DKK","","exact","exact","92","'Gibson ES-335 Dot' with year and finish","","true","","https://reverb.com/item/100584390-1989-gibson-es-335-dot-sunburst"
"64997e3a-a680-4463-a1c3-0310a096d18f","gibson-les-paul-custom","Gibson Les Paul Custom Ebony 1985","45297","DKK","","exact","exact","92","'Les Paul Custom' with finish and year","","true","","https://reverb.com/item/101320654-gibson-les-paul-custom-ebony-1985"
"64a23016-aaef-4c5e-818b-8873d353e056","gibson-es-335-dot","Gibson ES-335 Dot 1988 Cherry Red","24796","DKK","","exact","exact","92","'ES-335 Dot' with year and colour","","true","","https://reverb.com/item/97732089-gibson-es-335-dot-1988-cherry-red"
"64b524a0-8a9b-46f5-ac90-10a626d91632","gibson-les-paul-special","Gibson Les Paul Special - TV Yellow","11666","DKK","","exact","exact","88","'Les Paul Special' in TV Yellow finish","","true","","https://reverb.com/item/91186674-gibson-les-paul-special-tv-yellow"
"64c0a520-1d5c-422d-bd45-869f0b7aa959","wurlitzer-200a","Wurlitzer 200a incl Pedal, Legs & Flightcase","29800","EUR","","exact","exact","90","'Wurlitzer 200a' sold with pedal/legs/case bundle","","true","","https://www.kleinanzeigen.de/s-anzeige/wurlitzer-200a-incl-pedal-legs-flightcase/3510687154-74-3462"
"64c569cb-add5-4e67-bfdd-c213655000f1","roland-re-201","Roland RE-201 Space Echo Tape Delay / Reverb 1974 - 1988 - Black","13013","DKK","","exact","exact","96","'Roland RE-201 Space Echo' named directly","","true","","https://reverb.com/item/101923347-roland-re-201-space-echo-tape-delay-reverb-1974-1988-black"
"65615b01-2ae3-431c-842c-adcfcf9f7cd1","neumann-u87ai","Neumann U 87 Ai mt (matte black) Large Diaphragm Multipattern Condenser Microphone","11556","DKK","","exact","exact","95","'Neumann U 87 Ai' with finish variant only","","true","","https://reverb.com/item/101005585-neumann-u-87-ai-mt-matte-black-large-diaphragm-multipattern-condenser-microphone"
"6592d7e3-3a04-4a7f-8f8a-a5f0a2fb177f","yamaha-dx7","Yamaha DX7 Synthesizer inklusive Koffer","2980","EUR","","exact","exact","92","'Yamaha DX7 Synthesizer' with included case","","true","","https://www.kleinanzeigen.de/s-anzeige/yamaha-dx7-synthesizer-inklusive-koffer/3509652766-74-5880"
"659abba9-b988-4ec3-9752-64bbc60d9b67","gibson-es-335-dot","1984 Gibson ES-335 DOT Custom Shop Pearl White","25912","DKK","","abstain","skipped","55","'Custom Shop' tier on a 1984 ES-335 Dot","","","","https://reverb.com/item/96510521-1984-gibson-es-335-dot-custom-shop-pearl-white"
"65c35e1d-fea7-428c-b019-d6c68d094ae8","roland-juno-106","Original PSU till Roland Juno-106","130","SEK","","accessory","accessory","96","'Original PSU till' — power supply only","","false","admin_rejected","https://www.blocket.se/recommerce/forsale/item/19285688"
"65cac92b-95d8-406c-ab80-4a6c2a529dc6","roland-juno-106","Roland Juno-106 synthesizer keyboard","15000","DKK","","exact","exact","94","'Roland Juno-106 synthesizer keyboard'","","true","","https://www.dba.dk/recommerce/forsale/item/24458416"
"660a60ef-14ed-4236-ba2b-c8b2a98dedab","gibson-les-paul-studio","Gibson Les Paul Studio Guitar w/ Soft Shell Case - Wine Red","10430","DKK","","exact","exact","93","'Les Paul Studio' with bundled case","","true","","https://reverb.com/item/86999919-gibson-les-paul-studio-guitar-w-soft-shell-case-wine-red"
"66510164-eca6-4ba0-9362-f08c678b6dd4","gibson-les-paul-custom","2009 Gibson R8 VOS Les Paul Custom Shop Cherry Sunburst","","EUR","","wrong","wrong","72","'R8 VOS' is a '58 Standard historic reissue, not a Les Paul Custom","","false","admin_rejected","https://www.kleinanzeigen.de/s-anzeige/2009-gibson-r8-vos-les-paul-custom-shop-cherry-sunburst/3506450802-74-1897"
"665a6fcc-e3e2-4a5f-a5cb-0f85bdbec9a2","gibson-les-paul-special","Gibson Les Paul Special Electric Guitar TV Yellow","11735","DKK","","exact","exact","93","'Gibson Les Paul Special' with colour only","","true","","https://reverb.com/item/100748623-gibson-les-paul-special-electric-guitar-tv-yellow"
"6666d883-77f3-4462-b1f1-b4a9b80d500f","moog-minimoog","Moog Minimoog Model D (1979) + operation manual + poster + S-trig cable (serviced)","74194","DKK","","exact","exact","72","'Minimoog Model D (1979)' — vintage original, manual/cable bundled","","true","","https://reverb.com/item/99108112-moog-minimoog-model-d-1979-operation-manual-poster-s-trig-cable-serviced"
"66756eec-ce9e-4e64-b44d-462168efc6fe","gibson-les-paul-special","Gibson Les Paul Special","11735","DKK","","exact","exact","90","exact model name, nothing else","","true","","https://reverb.com/item/99214670-gibson-les-paul-special"
"668ed9ab-f042-405a-9712-329b03aa9ce9","gibson-es-335-dot","Gibson ES-335 Dot 1999 - Cherry","23680","DKK","","exact","exact","94","'Gibson ES-335 Dot' with year and colour","","true","","https://reverb.com/item/92058505-gibson-es-335-dot-1999-cherry"
"66b13b87-0c23-4aed-8919-74e2e12ea8d5","manley-voxbox","Manley Labs VOXBOX All Tube Channel Strip. Vox Box. MINT 2025!","26438","DKK","","exact","exact","94","'Manley Labs VOXBOX' channel strip","","true","","https://reverb.com/item/101245583-manley-labs-voxbox-all-tube-channel-strip-vox-box-mint-2025"
"67229a8e-d05a-4aeb-85cb-bc3fb1e6f66c","gibson-les-paul-custom","Gibson Custom Les Paul Custom Historic 54’ (2002), OHSC, Hangtags","","EUR","","abstain","skipped","60","'Gibson Custom ... Historic 54' reissue tier","","","","https://www.kleinanzeigen.de/s-anzeige/gibson-custom-les-paul-custom-historic-54-2002-ohsc-hangtags/3463965401-74-8098"
"673e4501-bc66-47e5-aa1e-dc176c59fdef","rhodes-mark-ii-stage-73","Rhodes Mark II Stage 73","17100","NOK","","exact","exact","93","'Rhodes Mark II Stage 73' verbatim","","true","","https://www.finn.no/recommerce/forsale/item/476517539"
"6743d2e4-febd-4b6d-9523-8cce6fa23c43","gibson-hummingbird","Gibson Custom Shop 1960 Hummingbird Murphy Lab Light Aged Acoustic Guitar - Heritage Cherry Sunburst with Hardshell Case","35982","DKK","","abstain","skipped","62","'Custom Shop 1960 Murphy Lab' aged tier vs standard Hummingbird","","","","https://reverb.com/item/95139800-gibson-custom-shop-1960-hummingbird-murphy-lab-light-aged-acoustic-guitar-heritage-cherry-sunburst-with-hardshell-case"
"674fdf5f-d624-426f-9759-d34798c8209d","fender-american-professional-ii-stratocaster","Fender American Professional II Stratocaster - MN MBL (#024)","12825","DKK","","exact","exact","94","'American Professional II Stratocaster' named","","true","","https://reverb.com/item/58881196-fender-american-professional-ii-stratocaster-mn-mbl-024"
"67c72f94-14b8-42ae-8c2f-cb73c5d9799b","gibson-es-335-dot","Gibson ES-335 Dot 2020 - 2026 - Sixties Cherry","20062","DKK","","exact","exact","94","'Gibson ES-335 Dot' with year range and colour","","true","","https://reverb.com/item/99978357-gibson-es-335-dot-2020-2026-sixties-cherry"
"682a6f65-1fcd-460a-aa91-b3fa24b411d9","fender-american-vintage-52-telecaster","Fender American Vintage '52 Telecaster 2000s - Butterscotch Blonde","13657","DKK","","exact","exact","93","'American Vintage '52 Telecaster' verbatim","","true","","https://reverb.com/item/95518534-fender-american-vintage-52-telecaster-2000s-butterscotch-blonde"
"682c9d65-9a5f-4ac1-9225-37536bd55ce2","roland-juno-60","Roland Juno 60 Synthesizer","24461","DKK","","exact","exact","93","'Roland Juno 60 Synthesizer'","","true","","https://reverb.com/item/73713821-roland-juno-60-synthesizer"
"689711ac-6dc0-4be5-8fa4-837fda380bd0","yamaha-dx7","Yamaha DX7 Synthesizer","3725","EUR","","exact","exact","93","'Yamaha DX7 Synthesizer'","","true","","https://www.kleinanzeigen.de/s-anzeige/yamaha-dx7-synthesizer/3507249188-74-4670"
"68dee0e7-d484-4ff7-bac6-629d3db94ad3","gibson-les-paul-studio","Gibson Les Paul Studio 120th Anniversary E-Gitarre","7376","EUR","","exact","exact","76","'Les Paul Studio 120th Anniversary' — Studio line year edition","","true","","https://www.kleinanzeigen.de/s-anzeige/gibson-les-paul-studio-120th-anniversary-e-gitarre/3466119586-74-1324"
"69007df5-5d47-4cf5-91a2-d0680b91ebb2","gibson-les-paul-studio","E-Gitarre Gibson Les Paul Studio 2016 T Wine Red ohne G-Force","","EUR","","exact","exact","88","'Gibson Les Paul Studio 2016 T'","","true","","https://www.kleinanzeigen.de/s-anzeige/e-gitarre-gibson-les-paul-studio-2016-t-wine-red-ohne-g-force/3508088795-74-258"
"691a1472-f870-4396-8262-f965540990c4","gibson-j-45","Gibson Custom Shop 1942 J-45 Banner All Mahogany Murphy Lab Light Aged Vintage Sunburst with Case","35045","DKK","","abstain","skipped","62","'Custom Shop 1942 Banner Murphy Lab' tier vs standard J-45","","","","https://reverb.com/item/101313230-gibson-custom-shop-1942-j-45-banner-all-mahogany-murphy-lab-light-aged-vintage-sunburst-with-case"
"692434b9-4332-47d7-a0b6-594017e014c7","fender-mustang-bass","Fender Player II Mustang Bass PJ 2024 - Present - Coral Red","4038","DKK","","abstain","skipped","58","'Player II Mustang Bass PJ' budget-line sub-model","","","","https://reverb.com/item/101796333-fender-player-ii-mustang-bass-pj-2024-present-coral-red"
"6954577f-0140-43e9-8b44-ac89419846cc","gibson-j-45","Gibson 1949 J-45 Acoustic Guitar Sunburst with HSC VINTAGE (MMM124836)","45020","DKK","","exact","exact","88","'Gibson 1949 J-45 Acoustic' — model named, case is a bundle","","true","","https://reverb.com/item/100828947-gibson-1949-j-45-acoustic-guitar-sunburst-with-hsc-vintage-mmm124836"
"698c277e-22e8-4408-94bd-4f59379c2da3","gibson-les-paul-special","Gibson Les Paul Special 50’ - 2020 byttes/selges (bud)","5880","NOK","","exact","exact","68","'Gibson Les Paul Special' offered for sale/trade","","true","","https://www.finn.no/recommerce/forsale/item/474574626"
"69946206-7284-491e-a221-d0402d1fa8ca","yamaha-dx7","Yamaha DX7 II-D Synthesizer inkl. stabilem Flightcase","5580","EUR","","wrong","wrong","78","'DX7 II-D' is a distinct successor model, not the DX7","","false","admin_rejected","https://www.kleinanzeigen.de/s-anzeige/yamaha-dx7-ii-d-synthesizer-inkl-stabilem-flightcase/3503866986-74-2433"
"69acb8a0-cb52-4fdb-baf8-ebbedac19bc0","yamaha-dx7","Yamaha DX7 Version 1 Mod und Pitchwheel Einheit","410","EUR","","accessory","accessory","85","'Mod und Pitchwheel Einheit' — a wheel assembly part only","","false","admin_rejected","https://www.kleinanzeigen.de/s-anzeige/yamaha-dx7-version-1-mod-und-pitchwheel-einheit/3507923738-74-26164"
"69afecf2-4886-4f3f-8eae-9042519b1c8b","fender-mustang-bass","Fender - American Professional Classic Mustang Bass - Bass Guitar - Rosewood Fingerboard - 3-Color Sunburst - w/ Deluxe Gigbag","10264","DKK","","abstain","skipped","55","'American Professional Classic' names a distinct tier of Mustang Bass","","","","https://reverb.com/item/93363499-fender-american-professional-classic-mustang-bass-bass-guitar-rosewood-fingerboard-3-color-sunburst-w-deluxe-gigbag"
"69ed0f47-0a58-4a4e-a8be-1c14abcbc4a5","moog-minimoog","Moog Minimoog Voyager (Used)","25803","DKK","","wrong","wrong","85","'Minimoog Voyager' is a separate later instrument","","false","admin_rejected","https://reverb.com/item/101332571-moog-minimoog-voyager-used"
"69f2194d-8b9b-4411-8563-2991a9054891","moog-minimoog","Moog MiniMoog Model D unboxed","38197","DKK","","wrong","wrong","72","'Model D' named, and a Model D sibling row exists","moog-model-d","false","admin_rejected","https://reverb.com/item/56397639-moog-minimoog-model-d-unboxed"
"69fe9cb0-1e40-4ad8-9641-033898c6ddad","gibson-hummingbird","Gibson Hummingbird Standard 2024 - Present Vintage Cherry Sunburst","16038","DKK","","exact","exact","88","'Gibson Hummingbird Standard' current production","","true","","https://reverb.com/item/101349792-gibson-hummingbird-standard-2024-present-vintage-cherry-sunburst"
"6a105549-4cd9-478c-b12c-4db286dabe0d","fender-telecaster-thinline","Fender Telecaster Thinline II 2 Wide Range Humbuckers 1973 - Natural Ash","38250","DKK","","exact","exact","62","'Telecaster Thinline' with wide range humbuckers, no Thinline sibling","","true","","https://reverb.com/item/99603470-fender-telecaster-thinline-ii-2-wide-range-humbuckers-1973-natural-ash"
"6a1cadd6-3a7c-4ed8-89e5-a1d9ebd99139","ua-1176ln","UREI Vintage 1176LN Rev. H Limiting Amplifier - 1980, s/n 10111H","18362","DKK","","abstain","skipped","55","vintage UREI 1176LN Rev H vs catalogue's UA-branded row","","","","https://reverb.com/item/95868738-urei-vintage-1176ln-rev-h-limiting-amplifier-1980-s-n-10111h"
"6a2d8fad-3894-4e21-92e4-6ad566dc2b8a","fender-jim-root-jazzmaster","Fender Jim Root Jazzmaster V4 (#674)","11105","DKK","","exact","exact","90","'Fender Jim Root Jazzmaster' named exactly","","true","","https://reverb.com/item/66454268-fender-jim-root-jazzmaster-v4-674"
"6a34830e-0ca7-497c-8de7-f6360b88f451","emu-sp-1200","E-MU Systems SP-1200 8-Voice Drum Sampler 1987 - 1996 - Black","49897","DKK","","exact","exact","92","'E-MU Systems SP-1200' drum sampler unit","","true","","https://reverb.com/item/95733578-e-mu-systems-sp-1200-8-voice-drum-sampler-1987-1996-black"
"6a572632-7084-4fb4-9c4e-e3d5d2066cdf","roland-sh-101","Roland System 1 SH 101 Overlay OVP Plug Out Synthesizer Aira","","EUR","","wrong","wrong","85","'System 1 ... Plug Out ... Aira' — System-1 with SH-101 overlay, not an SH-101","","false","admin_rejected","https://www.kleinanzeigen.de/s-anzeige/roland-system-1-sh-101-overlay-ovp-plug-out-synthesizer-aira/3498668507-74-1580"
"6a85f22d-2a0f-4935-ae4d-354ba53fbeb0","ua-1176ln","Urei Universal Audio 1176LN Rev H (Vintage)","23906","DKK","","abstain","skipped","55","vintage UREI Rev H unit vs catalogue's UA 1176LN row","","","","https://reverb.com/item/101332123-urei-universal-audio-1176ln-rev-h-vintage"
"6a8b2db7-09de-4881-b3e8-f0b31cbc02cb","fender-telecaster-thinline","Fender American Original 60s Telecaster Thinline - 3-Colour Sunburst - 2nd Hand","12999","DKK","","exact","exact","60","'Telecaster Thinline' model, no competing Thinline sibling","","true","","https://reverb.com/item/101603158-fender-american-original-60s-telecaster-thinline-3-colour-sunburst-2nd-hand"
"6acfa0c4-d855-43a3-b2cc-456ee0e3c3ef","gibson-hummingbird","Gibson Hummingbird Standard Vintage Sunburst 2026","19254","DKK","","exact","exact","88","'Gibson Hummingbird Standard'","","true","","https://reverb.com/item/101047152-gibson-hummingbird-standard-vintage-sunburst-2026"
"6addfb64-4a06-459e-a410-0e4ec00c2c39","gibson-les-paul-special","GIBSON ""Custom Shop 70th Anniversary 1957 Les Paul Special Single Cut Reissue TV Yellow"" HARDCASE, 3,56 KG","24492","DKK","","abstain","skipped","70","'Custom Shop 70th Anniversary 1957 ... Reissue' — different build tier","","","","https://reverb.com/item/78436757-gibson-custom-shop-70th-anniversary-1957-les-paul-special-single-cut-reissue-tv-yellow-hardcase-3-56-kg"
"6b69ad78-bb6a-4d17-8b5f-00c14d8f1966","gibson-les-paul-studio","E-Gitarre Gibson Les Paul Studio 2016 T","8195","EUR","","exact","exact","85","'Gibson Les Paul Studio 2016 T'","","true","","https://www.kleinanzeigen.de/s-anzeige/e-gitarre-gibson-les-paul-studio-2016-t/3495701293-74-258"
"6b8fd376-8bd6-4b8e-944f-0dc5f0d2c0a6","neumann-u87ai","Neumann U 87 Ai Large Diaphragm Multipattern Condenser Microphone","12890","DKK","","exact","exact","93","'Neumann U 87 Ai' condenser microphone","","true","","https://reverb.com/item/101485962-neumann-u-87-ai-large-diaphragm-multipattern-condenser-microphone"
"6b9574ed-6890-4f5d-bee2-ea660d5ecd07","gibson-j-45","SIGNED Autographed Gibson Custom Shop Margo Price Signature J-45 – Heritage Cherry Sunburst","18258","DKK","","abstain","skipped","63","'Custom Shop Margo Price Signature J-45' signed artist model","","","","https://reverb.com/item/101792762-signed-autographed-gibson-custom-shop-margo-price-signature-j-45-heritage-cherry-sunburst"
"6ba3bb22-d1b0-4dc3-b7ab-68b4b209034a","gibson-les-paul-studio","Gibson Les Paul Studio Cherry Faded 2016","","EUR","","exact","exact","82","'Gibson Les Paul Studio Cherry Faded 2016'","","true","","https://www.kleinanzeigen.de/s-anzeige/gibson-les-paul-studio-cherry-faded-2016/3495538288-74-5791"
"6bb1917b-66de-4190-a72d-352bf2eb51fa","roland-tr-909","Roland TR-909 Rhythm Composer Drum Machine BAD SHAPE For Parts / Repair READ 1st","19500","DKK","","exact","exact","78","complete TR-909 unit sold in poor condition","","true","","https://reverb.com/item/91679002-roland-tr-909-rhythm-composer-drum-machine-bad-shape-for-parts-repair-read-1st"
"6bde3b28-35d3-4758-9451-ae73ed34e263","gibson-es-335-dot","Gibson ES-335 Dot 2004 (Vintage Sunburst) + Hard Case","21824","DKK","","exact","exact","90","'Gibson ES-335 Dot' with case","","true","","https://reverb.com/item/97623290-gibson-es-335-dot-2004-vintage-sunburst-hard-case"
"6beb024b-c147-456d-8854-60c104f4e562","gibson-j-45","Gibson J-45 Standard in Vintage Sunburst #21216090","20248","DKK","","exact","exact","93","'J-45 Standard' with serial, finish only variation","","true","","https://reverb.com/item/101751480-gibson-j-45-standard-in-vintage-sunburst-21216090"
"6bf7696f-c852-4568-92b7-c74cf56adf82","sequential-prophet-10","Sequential Prophet-10 Module","25774","DKK","","wrong","wrong","74","'Module' desktop version, not the keyboard Prophet-10","","false","admin_rejected","https://reverb.com/item/45543306-sequential-prophet-10-module"
"6bfadbe8-a904-436a-b97a-101b9bddbb16","fender-american-professional-ii-stratocaster","Fender American Professional II Stratocaster Maple Fingerboard; Dark Night","13653","DKK","","exact","exact","95","'American Professional II Stratocaster' named exactly","","true","","https://reverb.com/item/97223035-fender-american-professional-ii-stratocaster-maple-fingerboard-dark-night"
"6c30d06b-136e-4a04-9582-0386b9d098d5","neumann-u87ai","Neumann U 87 Ai Studio Set 2010 - Present - Nickel","16308","DKK","","exact","exact","85","'U 87 Ai Studio Set' = mic bundled with mount/case","","true","","https://reverb.com/item/100628086-neumann-u-87-ai-studio-set-2010-present-nickel"
"6c332876-4835-4ffb-bbb2-4960b08a13eb","fender-mustang-bass","2026 Fender Player II Mustang Bass PJ Electric Bass! 30"" Short-Scale! VERY NICE!!!","5202","DKK","","abstain","skipped","55","'Player II Mustang Bass PJ' is a specific budget-series sub-model","","","","https://reverb.com/item/101052127-2026-fender-player-ii-mustang-bass-pj-electric-bass-30-short-scale-very-nice"
"6c34c6ec-929d-4f77-afec-c0c4ababe01d","gibson-les-paul-custom","Gibson Custom Shop Willcutt Cavern Collection Les Paul Custom Quilt Transparent Blue Chambered (456)","54134","DKK","","abstain","skipped","60","'Custom Shop Willcutt Cavern Collection' limited build vs factory Les Paul Custom","","","","https://reverb.com/item/101092154-gibson-custom-shop-willcutt-cavern-collection-les-paul-custom-quilt-transparent-blue-chambered-456"
"6c70c0cf-35a9-491a-8dd0-7352d04a1628","gibson-j-45","Gibson J-45 Standard - Vintage Sunburst #16102","19432","DKK","","exact","exact","93","'J-45 Standard - Vintage Sunburst'","","true","","https://reverb.com/item/101417969-gibson-j-45-standard-vintage-sunburst-16102"
"6c8b2cc6-d467-44fa-bf06-2d3f4bc80ea7","sequential-prophet-10","Sequential Prophet-10 61-Key 10-Voice Polyphonic Synthesizer 2020 - Present - Black with Wood Sides","19902","DKK","","exact","exact","94","'Prophet-10 61-Key 10-Voice' keyboard synth","","true","","https://reverb.com/item/101189142-sequential-prophet-10-61-key-10-voice-polyphonic-synthesizer-2020-present-black-with-wood-sides"
"6c98563e-5ea2-47b3-b87e-8ada9f85d506","fender-mustang-bass","2022 Fender Player Mustang Bass PJ Firemist Gold","4801","DKK","","abstain","skipped","55","'Player Mustang Bass PJ' is a distinct series sub-model","","","","https://reverb.com/item/101260426-2022-fender-player-mustang-bass-pj-firemist-gold"
"6c9cd92d-484e-4182-8c54-d23917493050","fender-american-professional-ii-stratocaster","Fender American Professional II Stratocaster - MN 3CS (#261)","14447","DKK","","exact","exact","93","'American Professional II Stratocaster - MN 3CS'","","true","","https://reverb.com/item/57944618-fender-american-professional-ii-stratocaster-mn-3cs-261"
"6d34e011-ee8a-4c62-85d4-759ccd665faa","neumann-u87ai","Neumann U 87 Ai Large-Diaphragm Multi-Pattern Condenser Microphone – Nickel U 87 AI 2023 - Nickel","14677","DKK","","exact","exact","95","'U 87 Ai' condenser microphone","","true","","https://reverb.com/item/101546448-neumann-u-87-ai-large-diaphragm-multi-pattern-condenser-microphone-nickel-u-87-ai-2023-nickel"
"6d6f5a03-fab1-431b-b20e-e791d62f0654","gibson-es-335-dot","Gibson ES-335 Dot 1988 - Cherry","24476","DKK","","exact","exact","92","'ES-335 Dot', year and colour only","","true","","https://reverb.com/item/96443949-gibson-es-335-dot-1988-cherry"
"6d8b2a5e-51db-4560-b7db-dd8ffd06fccc","roland-juno-106","Juno 106 Roland","10058","EUR","","exact","exact","88","'Juno 106 Roland' names the model","","true","","https://www.kleinanzeigen.de/s-anzeige/juno-106-roland/3490509952-74-1668"
"6dcf236e-45c7-4170-b5cf-cddb39d135f4","fender-american-professional-ii-stratocaster","Fender American Professional II Stratocaster HSS - 3 Color Sunburst w/Maple","12328","DKK","","exact","exact","80","'American Professional II Stratocaster HSS' pickup-config variant of same model","","true","","https://reverb.com/item/78043223-fender-american-professional-ii-stratocaster-hss-3-color-sunburst-w-maple"
"6de239c2-ac83-4a7e-8568-48ae74b5568e","gibson-j-45","Gibson Acoustic Dealer Select J-45 Standard Acoustic-electric Guitar - Vintage Sunburst (J45RedSprcd1)","25309","DKK","","exact","exact","85","'J-45 Standard' dealer-select stock of same model","","true","","https://reverb.com/item/100521219-gibson-acoustic-dealer-select-j-45-standard-acoustic-electric-guitar-vintage-sunburst-j45redsprcd1"
"6dffb8b8-71d3-401f-bd9d-858425ef9564","gibson-j-45","Gibson J-45 50's Original in Ebony with an LR Baggs Anthem VTC - 2024","15003","DKK","","abstain","skipped","55","'J-45 50's Original' is a separate Original Collection tier","","","","https://reverb.com/item/101965741-gibson-j-45-50-s-original-in-ebony-with-an-lr-baggs-anthem-vtc-2024"
"6e0cb49b-35c4-47bf-aee4-755b40911097","gibson-j-45","Gibson J-45 Standard Vintage Sunburst","19254","DKK","","exact","exact","93","'J-45 Standard Vintage Sunburst'","","true","","https://reverb.com/item/101138844-gibson-j-45-standard-vintage-sunburst"
"6e117747-9019-4836-ad43-3951d8ae2126","gibson-es-335-dot","Used Gibson ES-335 Dot Semi-hollow Electric Guitar Red","18143","DKK","","exact","exact","93","'Gibson ES-335 Dot' semi-hollow, used","","true","","https://reverb.com/item/101877150-used-gibson-es-335-dot-semi-hollow-electric-guitar-red"
"6e29d25d-85dc-43d7-97d3-8ba65a25fc61","gibson-les-paul-custom","Gibson Custom Shop Made 2 Measure Les Paul Custom Figured Pink Widow Electric Guitar","50031","DKK","","abstain","skipped","60","'Custom Shop Made 2 Measure' bespoke build vs factory model","","","","https://reverb.com/item/100354797-gibson-custom-shop-made-2-measure-les-paul-custom-figured-pink-widow-electric-guitar"
"6e51bed8-a8d3-4265-990d-7c7173af3243","gibson-hummingbird","Gibson Acoustic Dealer Select Hummingbird Standard Sinker Mahogany Acoustic-electric Guitar - Thin Edge Sunburst","36848","DKK","","exact","exact","62","'Hummingbird Standard' with special sinker mahogany wood","","true","","https://reverb.com/item/95016490-gibson-acoustic-dealer-select-hummingbird-standard-sinker-mahogany-acoustic-electric-guitar-thin-edge-sunburst"
"6e532f36-9a7e-4f8e-a8ac-1ef285a0a5ef","ua-1176ln","Urei Universal Audio 1176LN Rev. F Limiting Amplifier 1970s - Black Panel","38731","DKK","","abstain","skipped","55","'Urei 1176LN Rev. F 1970s' vintage original vs catalogue 1176LN","","","","https://reverb.com/item/101859383-urei-universal-audio-1176ln-rev-f-limiting-amplifier-1970s-black-panel"
"6e54f0e4-c98f-4e29-8916-18d43b77f8d8","gibson-hummingbird","Gibson Hummingbird Standard - Vintage Sunburst","25674","DKK","","exact","exact","92","'Hummingbird Standard - Vintage Sunburst'","","true","","https://reverb.com/item/87338461-gibson-hummingbird-standard-vintage-sunburst"
"6e573d8a-4663-4371-9851-065a8351662e","fender-telecaster-custom","Fender American Ultra II Telecaster Ultraburst (Serial #US26001952)","15003","DKK","","wrong","wrong","94","'American Ultra II Telecaster' is a listed sibling","fender-american-ultra-ii-telecaster","false","admin_rejected","https://reverb.com/item/101340992-fender-american-ultra-ii-telecaster-ultraburst-serial-us26001952"
"6e5c0e32-4016-442b-8e8b-1224fafcead5","gibson-les-paul-custom","Gibson SG Les Paul Custom Reissue VOS","24700","SEK","","wrong","wrong","70","'SG Les Paul Custom Reissue VOS' is the SG-bodied Custom, not the Les Paul Custom","","false","admin_rejected","https://www.blocket.se/recommerce/forsale/item/19260906"
"6e5ce76f-d19d-406f-804d-dbb74028708d","fender-jim-root-jazzmaster","Fender Jim Root Jazzmaster Ebony Fingerboard Flat Black (419)","17625","DKK","","exact","exact","95","'Jim Root Jazzmaster' named exactly","","true","","https://reverb.com/item/67268864-fender-jim-root-jazzmaster-ebony-fingerboard-flat-black-419"
"6e8b9da4-fbc1-44b2-bc2c-fbb9674ac1ed","fender-american-vintage-52-telecaster","Fender American Vintage '52 Telecaster 2010 - 2017 Butterscotch Blonde - MINT","21071","DKK","","exact","exact","93","'American Vintage '52 Telecaster' named verbatim","","true","","https://reverb.com/item/98410677-fender-american-vintage-52-telecaster-2010-2017-butterscotch-blonde-mint"
"6ef5ecce-fe6a-442e-bbdb-3d6330fbe2ef","moog-minimoog","Moog Minimoog Voyager Performer Edition 44-Key Monophonic Synthesizer 2002 - 2015 - Traditional Wood Cabinet","23312","DKK","","wrong","wrong","85","'Minimoog Voyager Performer Edition' is a distinct later model, not the Minimoog","","false","admin_rejected","https://reverb.com/item/101783995-moog-minimoog-voyager-performer-edition-44-key-monophonic-synthesizer-2002-2015-traditional-wood-cabinet"
"6f019d53-e112-4866-91f5-e69bf417b170","roland-tr-606","Roland TR-606 Drumatix w/ Kenton D-Sync","4998","DKK","","exact","exact","92","TR-606 Drumatix with added sync mod","","true","","https://reverb.com/item/91619703-roland-tr-606-drumatix-w-kenton-d-sync"
"6f07faf7-c4a0-4ef0-a72e-b84b4193583e","gibson-j-45","Gibson Custom Shop 1942 Banner J-45 Murphy Lab Light Aged Vintage Sunburst (051)","42119","DKK","","abstain","skipped","70","Custom Shop Murphy Lab 1942 Banner J-45, different tier from factory J-45","","","","https://reverb.com/item/94706410-gibson-custom-shop-1942-banner-j-45-murphy-lab-light-aged-vintage-sunburst-051"
"6f13fc32-a5df-45a4-9801-a1e24680a478","gibson-es-335-dot","Gibson ES-335 Dot - Watermelon","22824","DKK","","exact","exact","93","'ES-335 Dot' with colour only","","true","","https://reverb.com/item/96142283-gibson-es-335-dot-watermelon"
"6f2b53a7-1991-489a-a3c5-38d47f411dba","gibson-les-paul-special","Gibson Les Paul Special Double Cut VOS 2006 - TV Yellow","35144","DKK","","abstain","skipped","60","'Double Cut VOS' historic/custom variant of Les Paul Special","","","","https://reverb.com/item/100821516-gibson-les-paul-special-double-cut-vos-2006-tv-yellow"
"6f3a944e-d574-47b0-bb29-de3984fb2aa5","gibson-les-paul-special","Gibson Les Paul Special 1957 Reissue Custom Shop VOS","","EUR","","abstain","skipped","70","'1957 Reissue Custom Shop VOS' is a different market tier","","","","https://www.kleinanzeigen.de/s-anzeige/gibson-les-paul-special-1957-reissue-custom-shop-vos/3500261680-74-9295"
"6f68d705-2a2d-4054-9df1-d6dbeacddb9a","gibson-les-paul-studio","2012 Gibson Gibson Les Paul Studio Limited - 4th gen robot guitar - Fireburst","5957","DKK","","abstain","skipped","55","'Les Paul Studio Limited' robot self-tuning variant","","","","https://reverb.com/item/94729577-2012-gibson-gibson-les-paul-studio-limited-4th-gen-robot-guitar-fireburst"
"6f76e071-aa09-411f-ab59-0a7c98460850","roland-re-201","Roland RE-201 Space Echo Roland Space Echo Tape Echo [846443] (08/10)","11046","DKK","","exact","exact","94","'RE-201 Space Echo' tape echo unit","","true","","https://reverb.com/item/100328538-roland-re-201-space-echo-roland-space-echo-tape-echo-846443-08-10"
"6f8a875d-c6a6-4066-83ec-ca1542743d6b","fender-mustang-bass","Fender JMJ Road Worn Mustang Bass - Faded Daphne Blue w/ Rosewood FB","12067","DKK","","wrong","wrong","68","'JMJ Road Worn' signature Mustang Bass, a separate signature model","","false","admin_rejected","https://reverb.com/item/21853384-fender-jmj-road-worn-mustang-bass-faded-daphne-blue-w-rosewood-fb"
"6fd08313-333c-418d-b486-5c75c3c51b0c","fender-telecaster-thinline","1973 Fender Telecaster Thinline Natural","30441","DKK","","exact","exact","90","'Telecaster Thinline' 1973 natural","","true","","https://reverb.com/item/99546454-1973-fender-telecaster-thinline-natural"
"6aa86928-eb48-469d-b0c1-9c4b888eee20","gibson-les-paul-studio","Gibson Les Paul Studio Faded 2016 - Satin Ebony","9364","DKK","","exact","exact","78","'Gibson Les Paul Studio Faded' finish variant of the Studio","","true","","https://reverb.com/item/101215598-gibson-les-paul-studio-faded-2016-satin-ebony"
"6aac5a82-4a51-424a-a89d-e57178851cfc","gibson-j-45","Gibson J-45 Standard - Vintage Sunburst #6064","19526","DKK","","exact","exact","90","'Gibson J-45 Standard'","","true","","https://reverb.com/item/101282514-gibson-j-45-standard-vintage-sunburst-6064"
"70704522-f896-4ef3-b5a1-a407bd4155ae","fender-american-vintage-52-telecaster","1996 Fender American Vintage '52 Telecaster ~NEAR MINT~ Tiger Flame Top AVRI 50th Anniversary w/Case Candy 1990s USA","13026","DKK","","exact","exact","85","'American Vintage '52 Telecaster AVRI' with case candy","","true","","https://reverb.com/item/101711070-1996-fender-american-vintage-52-telecaster-near-mint-tiger-flame-top-avri-50th-anniversary-w-case-candy-1990s-usa"
"709f6365-1b98-41fa-a3e3-07735b84274c","gibson-les-paul-special","Canadian Made Gibson Les Paul Special Single Cut  alligator/purple 2023 - alligator black/purple","907","DKK","","abstain","skipped","55","'Canadian Made' qualifier casts doubt on it being a factory Gibson Les Paul Special","","","","https://reverb.com/item/81950990-canadian-made-gibson-les-paul-special-single-cut-alligator-purple-2023-alligator-black-purple"
"70b0c5f7-f117-4e5a-a677-9b9f99641db5","gibson-les-paul-standard-60s","Gibson Les Paul Standard '60s Iced Tea - Core 2020","","EUR","","exact","exact","92","'Les Paul Standard '60s' core model, colour only","","true","","https://www.kleinanzeigen.de/s-anzeige/gibson-les-paul-standard-60s-iced-tea-core-2020/3123454395-74-697"
"710f3a1d-734b-4033-bb75-d2f2af9399b9","gibson-es-335-dot","Gibson ES-335 Dot 1982","36462","DKK","","exact","exact","92","'ES-335 Dot' with year only","","true","","https://reverb.com/item/42365705-gibson-es-335-dot-1982"
"71510bc8-4afb-48d3-86d8-83720b04477a","gibson-es-335-dot","2019 Gibson Memphis ES-335 DOT Reissue, Graphite Metallic W/Case","17320","DKK","","exact","exact","78","'Memphis ES-335 DOT Reissue' is the standard Dot production model","","true","","https://reverb.com/item/101464390-2019-gibson-memphis-es-335-dot-reissue-graphite-metallic-w-case"
"717c4364-b40d-4b72-aeda-9e8e35b36612","gibson-j-45","Gibson Custom Shop Historic 1942 Banner J-45 2020 - Present - Vintage Sunburst","23418","DKK","","abstain","skipped","70","'Custom Shop Historic 1942 Banner J-45' different tier from J-45","","","","https://reverb.com/item/101865251-gibson-custom-shop-historic-1942-banner-j-45-2020-present-vintage-sunburst"
"718a2dc7-52a3-413b-9cf5-2b8728507546","roland-juno-60","Roland Juno-60 – Ikonisk analog synth","32400","NOK","","exact","exact","92","'Roland Juno-60' analog synth","","true","","https://www.finn.no/recommerce/forsale/item/470912522"
"71ba1988-92bd-4375-86e4-413681423164","yamaha-dx7","Yamaha DX7 ii D mit RAM 4","2980","EUR","","wrong","wrong","65","'DX7 II D' is a distinct successor model to the DX7","","false","admin_rejected","https://www.kleinanzeigen.de/s-anzeige/yamaha-dx7-ii-d-mit-ram-4/3487222085-74-337"
"71bd309e-2596-472f-a307-bbbfa7eb3fd1","gibson-les-paul-special","Gibson Les Paul Special Tribute HH - Faded Cherry - 2nd Hand","8005","DKK","","abstain","skipped","62","'Les Paul Special Tribute HH' is a separate budget-tier model","","","","https://reverb.com/item/100661231-gibson-les-paul-special-tribute-hh-faded-cherry-2nd-hand"
"71f4851d-daaf-490e-bf24-186d8a46fdfb","gibson-les-paul-special","Gibson Les Paul Special 1960 Reissue 2003","32289","DKK","","abstain","skipped","62","'1960 Reissue' historic line of Les Paul Special","","","","https://reverb.com/item/47950767-gibson-les-paul-special-1960-reissue-2003"
"7203644d-ae9e-4fde-adde-a05d8d4f4b4c","roland-juno-106","Roland Juno-106 Synthesizer","12293","EUR","","exact","exact","93","'Roland Juno-106 Synthesizer'","","true","","https://www.kleinanzeigen.de/s-anzeige/roland-juno-106-synthesizer/3392420847-74-2148"
"72249bfe-7fb9-45be-ad4e-9cd569bd5a9c","moog-source","Moog / Endorphin.es 104HP Eurorack Case and Multi/Power Source","1892","DKK","","wrong","wrong","88","Eurorack case and power, 'Source' only in 'Power Source'","","false","admin_rejected","https://reverb.com/item/101503046-moog-endorphin-es-104hp-eurorack-case-and-multi-power-source"
"7228bb96-d2bc-4112-8c47-51a08496722e","roland-tr-909","Roland TR-909 Rhythm Composer Drum Machine BAD SHAPE For Parts / Repair READ 1st","16112","DKK","","exact","exact","85","TR-909 unit sold in poor condition for parts/repair","","true","","https://reverb.com/item/91679002-roland-tr-909-rhythm-composer-drum-machine-bad-shape-for-parts-repair-read-1st"
"7228fea6-07d4-474c-a7a7-60d23c9d3ef0","fender-mustang-bass","Fender Mustang Bass with Rosewood Fretboard 1975 - Olympic White","17579","DKK","","exact","exact","92","'Fender Mustang Bass' 1975 with fretboard/colour detail","","true","","https://reverb.com/item/95280350-fender-mustang-bass-with-rosewood-fretboard-1975-olympic-white"
"725f411d-a3c3-48f7-acc2-32ea873e2683","gibson-hummingbird","Gibson Hummingbird Studio Rosewood - Satin Rosewood Burst","12953","DKK","","abstain","skipped","62","'Hummingbird Studio Rosewood' is a distinct lower-tier sub-model","","","","https://reverb.com/item/101708364-gibson-hummingbird-studio-rosewood-satin-rosewood-burst"
"72680528-761d-4a43-b2d4-f8eab6578ee6","gibson-les-paul-studio","Gibson Les Paul Studio inkl. Gitarrenständer","","EUR","","exact","exact","93","'Les Paul Studio' with guitar stand included","","true","","https://www.kleinanzeigen.de/s-anzeige/gibson-les-paul-studio-inkl-gitarrenstaender/3516016116-74-25765"
"728b49a5-17ec-48e6-8236-b090d88fca82","neumann-u87ai","Neumann U 87 Ai Studio Set  Nickel","14024","DKK","","exact","exact","88","'U 87 Ai Studio Set' = the mic bundled with shockmount/case","","true","","https://reverb.com/item/100860534-neumann-u-87-ai-studio-set-nickel"
"72d1b030-d39f-43f9-a01d-f60c61a5ef2e","gibson-les-paul-custom","Gibson Les Paul Custom True Historic 1957 Custom shop","33000","NOK","","abstain","skipped","60","'True Historic 1957 Custom Shop' is a different market tier","","","","https://www.finn.no/recommerce/forsale/item/475459106"
"72d87602-cc08-47fb-84b7-35ba993a5426","gibson-hummingbird","2026 Gibson Hummingbird Original - Heritage Cherry Sunburst","20534","DKK","","exact","exact","90","'Hummingbird Original' is the standard Hummingbird","","true","","https://reverb.com/item/100906663-2026-gibson-hummingbird-original-heritage-cherry-sunburst"
"73134fa7-4bed-4895-8d5f-74cfd16fcedc","gibson-les-paul-custom","Gibson Les Paul Custom Alpine White 1987","35000","DKK","","exact","exact","92","'Les Paul Custom' with year and finish only","","true","","https://www.dba.dk/recommerce/forsale/item/25016746"
"733cb045-e9eb-4ccb-82f3-70bf02d489d3","gibson-hummingbird","Gibson Hummingbird Original Acoustic-Electric Guitar, Antique Natural","26085","DKK","","exact","exact","90","'Hummingbird Original' acoustic-electric","","true","","https://reverb.com/item/31468933-gibson-hummingbird-original-acoustic-electric-guitar-antique-natural"
"73461407-74e3-4450-a8f3-4d4e457e07ad","gibson-hummingbird","Gibson Hummingbird Faded Acoustic Electric Guitar Natural","22504","DKK","","exact","exact","58","'Hummingbird Faded' reads as a finish variant","","true","","https://reverb.com/item/100773997-gibson-hummingbird-faded-acoustic-electric-guitar-natural"
"736c0d66-25bb-4133-9779-77c3bd8cdf76","fender-telecaster-thinline","1969 Fender Telecaster Thinline Natural Ash Blonde 60s ARTIST OWNED STAGE PLAYED Road Worn Heavy Relic Aged American Vintage 1960's USA Tele Guitar","85860","DKK","","exact","exact","88","'Telecaster Thinline' 1969, rest is condition/finish","","true","","https://reverb.com/item/91374781-1969-fender-telecaster-thinline-natural-ash-blonde-60s-artist-owned-stage-played-road-worn-heavy-relic-aged-american-vintage-1960-s-usa-tele-guitar"
"73efb4c5-cfc1-4579-93a9-52bfa41aa2a3","gibson-es-335-dot","1996 Gibson ES-335 Dot Semi-Hollow Guitar Vintage Sunburst w/case","23106","DKK","","exact","exact","92","'ES-335 Dot' with case","","true","","https://reverb.com/item/99266845-1996-gibson-es-335-dot-semi-hollow-guitar-vintage-sunburst-w-case"
"73f6a669-eadf-429b-83ed-1cce0202fcbf","gibson-j-45","Gibson J-45 Standard, Vintage Sunburst with LR Baggs HiFi DNA","20867","DKK","","exact","exact","90","'J-45 Standard' with pickup fitted","","true","","https://reverb.com/item/101382994-gibson-j-45-standard-vintage-sunburst-with-lr-baggs-hifi-dna"
"740fe855-c522-4688-be23-f4dbbe1f5484","moog-minimoog","original Moog Minimoog","","EUR","","exact","exact","78","'original Moog Minimoog' indicates the vintage Minimoog, not the Model D reissue","","true","","https://www.kleinanzeigen.de/s-anzeige/original-moog-minimoog/3515473401-74-18674"
"741fb9be-6a4e-4898-bd0c-a18c6a5e9268","gibson-hummingbird","Gibson Hummingbird Elegant Koa Honey Burst w/case 21546058","33913","DKK","","abstain","skipped","60","'Hummingbird Elegant Koa' is a limited special edition tier","","","","https://reverb.com/item/101563966-gibson-hummingbird-elegant-koa-honey-burst-w-case-21546058"
"742feef5-93fe-4fe1-9a79-e823dd45037a","roland-tr-909","Roland Users Group Magazine Volume 2 / Number 4 (TR-909) 1984 - Synthesizer Brochure","226","DKK","","accessory","accessory","95","'Magazine ... Brochure' literature, not the machine","","false","admin_rejected","https://reverb.com/item/102039053-roland-users-group-magazine-volume-2-number-4-tr-909-1984-synthesizer-brochure"
"7466a203-d01b-4785-b1c7-867f8256866a","gibson-les-paul-custom","Gibson Les paul custom shop R9 2013 - Iced Tea","29680","DKK","","wrong","wrong","80","'Custom Shop R9' is a '59 Standard reissue, not a Les Paul Custom","","false","admin_rejected","https://reverb.com/item/95325669-gibson-les-paul-custom-shop-r9-2013-iced-tea"
"754452d0-fd1a-4376-845a-c2db4f96875d","gibson-j-45","Gibson J-45 Standard 12-String Acoustic Guitar, Vintage Sunburst","23476","DKK","","wrong","wrong","70","'12-String' is a distinct instrument variant","","false","admin_rejected","https://reverb.com/item/101571204-gibson-j-45-standard-12-string-acoustic-guitar-vintage-sunburst"
"7573580e-84a5-4606-b64c-90e5fe68f176","gibson-es-335-dot","Gibson ES-335 Dot 2002 Figured Antique Natural","24094","DKK","","exact","exact","90","'ES-335 Dot' with year and finish","","true","","https://reverb.com/item/98317549-gibson-es-335-dot-2002-figured-antique-natural"
"7575ff76-91e3-488a-b320-719496d6222e","roland-juno-106","Roland Juno-106 61-Key Programmable Polyphonic Synthesizer 1984 - 1985 - Black","9717","DKK","","exact","exact","94","'Juno-106' named directly","","true","","https://reverb.com/item/101630963-roland-juno-106-61-key-programmable-polyphonic-synthesizer-1984-1985-black"
"75a7ecd4-f20b-4971-8f9d-a4e6dc758e4b","fender-american-professional-ii-stratocaster","Fender American Professional II Stratocaster - RW 3CS (#096)","12343","DKK","","exact","exact","94","'American Professional II Stratocaster'","","true","","https://reverb.com/item/94605724-fender-american-professional-ii-stratocaster-rw-3cs-096"
"76143103-8a8f-47b5-852e-21d6d2c8b603","fender-american-vintage-52-telecaster","Fender American Vintage '52 Telecaster Butterscotch Blonde 2005 Electric Guitar","13522","DKK","","exact","exact","93","'American Vintage '52 Telecaster'","","true","","https://reverb.com/item/99398792-fender-american-vintage-52-telecaster-butterscotch-blonde-2005-electric-guitar"
"762036c3-6b16-4455-a893-950f317eee01","yamaha-dx7","Yamaha DX7","3210","DKK","","exact","exact","92","'Yamaha DX7' exactly","","true","","https://reverb.com/item/101141125-yamaha-dx7"
"76315f78-5f8f-4b64-a4a9-d52ca9d58e26","gibson-les-paul-studio","Gibson Les Paul Studio Double Trouble - HS (#200)","12207","DKK","","abstain","skipped","50","'Les Paul Studio Double Trouble' — unclear sub-model qualifier","","","","https://reverb.com/item/101706346-gibson-les-paul-studio-double-trouble-hs-200"
"76686cff-7ca3-4976-816a-f4854c56bedd","roland-juno-106","Roland Juno-106 61-Key Programmable Polyphonic Synthesizer 1984","17662","DKK","","exact","exact","94","'Juno-106' named directly","","true","","https://reverb.com/item/94544222-roland-juno-106-61-key-programmable-polyphonic-synthesizer-1984"
"766a3598-c676-4062-b272-d87566c442b4","gibson-hummingbird","2026 Gibson Hummingbird Original Heritage Cherry Sunburst","20266","DKK","","exact","exact","90","'Hummingbird Original' standard model","","true","","https://reverb.com/item/95164837-2026-gibson-hummingbird-original-heritage-cherry-sunburst"
"766cdba7-b83f-4108-a65d-041f0bb7c9b8","gibson-j-45","Gibson J-45 Standard Wine Red 2024","22912","DKK","","exact","exact","92","'J-45 Standard' with colour and year","","true","","https://reverb.com/item/100014099-gibson-j-45-standard-wine-red-2024"
"76792170-d88c-49f7-a309-d3266c9b7dd5","gibson-j-45","Gibson Custom Shop 1942 Banner J-45 Vintage Sunburst 3.80LBS","37493","DKK","","abstain","skipped","68","'Custom Shop 1942 Banner' historic reissue tier vs standard J-45","","","","https://reverb.com/item/83543778-gibson-custom-shop-1942-banner-j-45-vintage-sunburst-3-80lbs"
"76d00836-bff8-42e5-95a4-cd6726c3182e","gibson-es-335-dot","Gibson ES-335 Dot 1982 Natural/Blonde","29598","DKK","","exact","exact","90","'ES-335 Dot' named, year/finish only","","true","","https://reverb.com/item/35737431-gibson-es-335-dot-1982-natural-blonde"
"771c1420-01ee-4710-b218-bfa602f71373","neumann-u87ai","Neumann U 87 Ai Condenser Microphone. Mid 90s. U87Ai U87. 88559","15079","DKK","","exact","exact","94","'U 87 Ai Condenser Microphone'","","true","","https://reverb.com/item/101312894-neumann-u-87-ai-condenser-microphone-mid-90s-u87ai-u87-88559"
"7742344f-ebc4-4c0d-a42e-9cb3aeac3518","roland-juno-106","Roland JUNO-106 (1984)  analog poly synthesizer i solid turnékasse. Testet.","15000","NOK","","exact","exact","93","'JUNO-106 analog poly synthesizer' with case","","true","","https://www.finn.no/recommerce/forsale/item/470026660"
"77ad8fb0-db9c-4706-b1b9-ee466a489142","fender-american-professional-ii-stratocaster","Fender American Professional II Stratocaster Miami Blue Rosewood Fingerboard (181)","12002","DKK","","exact","exact","94","'American Professional II Stratocaster'","","true","","https://reverb.com/item/91952557-fender-american-professional-ii-stratocaster-miami-blue-rosewood-fingerboard-181"
"77d7e345-ffc9-407b-9eba-1f2734df5749","roland-juno-106","Roland Juno-106 61-Key Programmable Polyphonic Synthesizer With Roland Case - Black","15556","DKK","","exact","exact","93","'Roland Juno-106' synth with case included","","true","","https://reverb.com/item/98988277-roland-juno-106-61-key-programmable-polyphonic-synthesizer-with-roland-case-black"
"783cf41d-f3e3-4a24-a6a7-fae6bf356862","neve-portico-ii-master-buss-processor","Rupert Neve Designs Portico II Master Buss Processor - Silver Face - Fully Serviced / Exceptional","29354","DKK","","exact","exact","92","'Portico II Master Buss Processor', serviced","","true","","https://reverb.com/item/101464210-rupert-neve-designs-portico-ii-master-buss-processor-silver-face-fully-serviced-exceptional"
"7875737a-c8fa-4fa2-b524-20ae3b2bc125","fender-american-professional-ii-stratocaster","Fender American Professional II Stratocaster HSS - Miami Blue w/Rosewood","12328","DKK","","abstain","skipped","","no verdict returned","","","","https://reverb.com/item/78285466-fender-american-professional-ii-stratocaster-hss-miami-blue-w-rosewood"
"7879b115-3698-400b-9d1a-0b17d15757df","gibson-les-paul-special","1958 Gibson - Les Paul Special - TV Yellow - ID 5986","","EUR","","exact","exact","70","'Les Paul Special' TV Yellow, year only differs","","true","","https://www.kleinanzeigen.de/s-anzeige/1958-gibson-les-paul-special-tv-yellow-id-5986/3461662058-74-6316"
"78a35cdd-aaea-4494-9d9b-722eece70a30","gibson-j-45","2024 Gibson J-45 Standard","17938","DKK","","exact","exact","92","'Gibson J-45 Standard'","","true","","https://reverb.com/item/101202965-2024-gibson-j-45-standard"
"78acf621-2a04-4fb9-82f8-2bf7494133f5","gibson-sj-200-original","Gibson SJ-200 Original Acoustic-Electric Guitar — Vintage Sunburst","37175","DKK","","exact","exact","93","'SJ-200 Original' named exactly","","true","","https://reverb.com/item/100773547-gibson-sj-200-original-acoustic-electric-guitar-vintage-sunburst"
"78e281d1-393b-4630-b602-360d724c99ba","gibson-es-335-dot","Gibson ES-335 Dot 2024 - 2026 - Watermelon","16523","DKK","","exact","exact","92","'ES-335 Dot' with colour only","","true","","https://reverb.com/item/101828329-gibson-es-335-dot-2024-2026-watermelon"
"792e636c-c7cd-4dc3-a01c-01aa39fb4db8","gibson-les-paul-studio","Gibson Les Paul Studio Wine Red","10430","DKK","","exact","exact","93","'Les Paul Studio' with finish","","true","","https://reverb.com/item/100748620-gibson-les-paul-studio-wine-red"
"792e7c5d-4e4f-4b73-b28c-675dc23981e9","gibson-les-paul-custom","Gibson Custom Shop Les Paul Custom Fire Tiger – Sammlerzustand","","EUR","","exact","exact","62","'Custom Shop Les Paul Custom' with Fire Tiger finish","","true","","https://www.kleinanzeigen.de/s-anzeige/gibson-custom-shop-les-paul-custom-fire-tiger-sammlerzustand/3508758590-74-7482"
"7949b9a5-f929-4e77-a563-a3c879b05bf0","sequential-prophet-10","Sequential Prophet-10 Module 10-voice Polyphonic Analog Synthesizer (Prophet10modd1)","16756","DKK","","wrong","wrong","85","'Prophet-10 Module' desktop module, not keyboard","","false","admin_rejected","https://reverb.com/item/50495569-sequential-prophet-10-module-10-voice-polyphonic-analog-synthesizer-prophet10modd1"
"79695c0c-34f1-4e45-8a04-42e52d7f79ad","roland-re-201","[SALE Ends Apr 20] Roland SRE-555 RE-501 Chorus Echo Flagship 4-Heads RE-201 Tape Delay Spring Reverb CE-1 Chorus WORKING AS-IS","7626","DKK","","wrong","wrong","80","item is SRE-555/RE-501 Chorus Echo; RE-201 is keyword spam","roland-re-501","false","admin_rejected","https://reverb.com/item/93500599-sale-ends-apr-20-roland-sre-555-re-501-chorus-echo-flagship-4-heads-re-201-tape-delay-spring-reverb-ce-1-chorus-working-as-is"
"797da4c7-4511-47ff-a7a8-0876011fe0c1","roland-re-201","Roland RE-201 Space Echo / Rarität / Vintage","","EUR","","exact","exact","93","'RE-201 Space Echo'","","true","","https://www.kleinanzeigen.de/s-anzeige/roland-re-201-space-echo-raritaet-vintage/3497405176-74-3376"
"79e479c0-ea77-42cb-92f0-3eda5c065485","gibson-j-45","Gibson 60’s J-45 Original - Wine Red","19562","DKK","","exact","exact","85","'60's J-45 Original' standard production line","","true","","https://reverb.com/item/101531623-gibson-60-s-j-45-original-wine-red"
"79faebe1-e663-4ddc-9206-76e6cb9b5bb3","yamaha-dx7","2 X D KEY Parts YAMAHA DX7 DX7 Sy99 SY EX KORG M1 01w T Trinity WS","125","DKK","","accessory","accessory","94","'D KEY Parts' replacement keys for DX7","","false","admin_rejected","https://reverb.com/item/100474166-2-x-d-key-parts-yamaha-dx7-dx7-sy99-sy-ex-korg-m1-01w-t-trinity-ws"
"7a0b3075-ba8d-4682-b8bc-8a611ca75ab4","sequential-prophet-10","Sequential Prophet-10 - Special Edition","27606","DKK","","exact","exact","60","'Sequential Prophet-10' with Special Edition finish note","","true","","https://reverb.com/item/101230290-sequential-prophet-10-special-edition"
"7a318502-9b48-4fee-8c92-9abe43584e8d","gibson-j-45","Gibson J-45 50s Original | Vintage Sunburst","21242","DKK","","exact","exact","86","'J-45 50s Original' standard line","","true","","https://reverb.com/item/101362513-gibson-j-45-50s-original-vintage-sunburst"
"7a7d4e14-6ded-4f16-9bcb-47f594a44397","gibson-j-45","Gibson Murphy Lab '55 J-45 Light Aged 2026, Vintage Sunburst","39131","DKK","","abstain","skipped","70","'Murphy Lab '55 J-45 Light Aged' Custom Shop tier","","","","https://reverb.com/item/100655803-gibson-murphy-lab-55-j-45-light-aged-2026-vintage-sunburst"
"7a83b66e-e1ba-4cd7-a50b-b04a33ab6710","gibson-es-335-dot","Gibson ES-335 DOT Reissue  2008 - Vintage Sunburst (COD 2115UG)","29566","DKK","","exact","exact","75","'ES-335 DOT Reissue' is the Dot model","","true","","https://reverb.com/item/95602452-gibson-es-335-dot-reissue-2008-vintage-sunburst-cod-2115ug"
"7a862750-e91a-40a1-9a7d-2cba41f775ce","fender-mustang-bass","Fender  Mustang Bass 1977 - Sunburst original vintage USA","21658","DKK","","exact","exact","90","'Mustang Bass' vintage year only","","true","","https://reverb.com/item/101467086-fender-mustang-bass-1977-sunburst-original-vintage-usa"
"7a87c56e-0a7b-4008-b232-d386407cc949","fender-american-vintage-52-telecaster","Fender American Vintage '52 Telecaster Butterscotch Blonde *Lightweight","12548","DKK","","exact","exact","93","'American Vintage '52 Telecaster'","","true","","https://reverb.com/item/101077572-fender-american-vintage-52-telecaster-butterscotch-blonde-lightweight"
"7a9819dc-9feb-4935-8660-b182de0abbd6","gibson-les-paul-studio","Gibson - Les Paul Studio Truss Rod Cover - 040","68","DKK","part_or_accessory:cover","accessory","accessory","96","'Truss Rod Cover' part only","","false","admin_rejected","https://reverb.com/item/97795682-gibson-les-paul-studio-truss-rod-cover-040"
"7adc8a09-6dee-4fd7-a72b-36041cbbdfb7","yamaha-dx7","Yamaha DX7 II FD mit E! Grey Matter Response","","EUR","","wrong","wrong","72","'DX7 II FD' is a distinct later model, not the DX7","","false","admin_rejected","https://www.kleinanzeigen.de/s-anzeige/yamaha-dx7-ii-fd-mit-e-grey-matter-response/3494772366-74-8986"
"7af0b780-0b8b-4dd8-9103-98646aa6909c","gibson-les-paul-custom","Gibson Custom Shop Les Paul Custom Alpine White (2008) vurderes solgt","27000","NOK","","exact","exact","72","'Les Paul Custom Alpine White' modern Custom Shop production of the model","","true","","https://www.finn.no/recommerce/forsale/item/474191164"
"7bb99b35-7ca4-4ab0-8de6-5dc7dc1725e1","gibson-les-paul-studio","Gibson Les Paul Studio Deluxe II - 2013 - Sunburst Flame","6908","DKK","","abstain","skipped","60","'Studio Deluxe II' named sub-model not represented in catalogue","","","","https://reverb.com/item/98336745-gibson-les-paul-studio-deluxe-ii-2013-sunburst-flame"
"7bca827b-9c76-4271-8576-07b58a72d0c1","roland-tr-808","Roland TR-808 (Vintage)","45368","DKK","","exact","exact","95","'Roland TR-808 (Vintage)'","","true","","https://reverb.com/item/101332965-roland-tr-808-vintage"
"7c21e778-1a37-4423-a902-ff10ea3288a5","gibson-es-335-dot","1996 Gibson ES-335 Dot - Figured Vintage Sunburst | USA Good Wood Era Semi-Hollow 57 Classic Humbucker | OHSC","27288","DKK","","exact","exact","92","'Gibson ES-335 Dot' with case","","true","","https://reverb.com/item/99197319-1996-gibson-es-335-dot-figured-vintage-sunburst-usa-good-wood-era-semi-hollow-57-classic-humbucker-ohsc"
"7c41482f-82ff-463c-8285-6ff6959ee5e3","fender-telecaster-custom","Fender 1974 Telecaster Custom Natural Gitarre USA gepflegt","24958","EUR","","exact","exact","90","'1974 Telecaster Custom'","","true","","https://www.kleinanzeigen.de/s-anzeige/fender-1974-telecaster-custom-natural-gitarre-usa-gepflegt/3428635005-74-6956"
"7c731434-7344-48d5-bb35-47660bd8f5f9","gibson-les-paul-custom","Gibson Les Paul Custom 1986 absolut Mint Condition","","EUR","","exact","exact","92","'Gibson Les Paul Custom 1986'","","true","","https://www.kleinanzeigen.de/s-anzeige/gibson-les-paul-custom-1986-absolut-mint-condition/3439914346-74-8169"
"7c9456ab-e0de-46b4-b761-16eed80655cb","fender-mustang-bass","FENDER Player II Mustang Bass PJ Coral Red, 3, 51 KG","4878","DKK","","abstain","skipped","58","'Player II Mustang Bass PJ' sub-line at different tier","","","","https://reverb.com/item/89114803-fender-player-ii-mustang-bass-pj-coral-red-3-51-kg"
"7cafcd08-3204-4a75-8a91-79a9b0ec20be","fender-telecaster-thinline","Fender Telecaster Thinline 1974 - Blonde","45587","DKK","","exact","exact","92","'Telecaster Thinline 1974'","","true","","https://reverb.com/item/86645510-fender-telecaster-thinline-1974-blonde"
"7d0ffbd3-7079-4d9d-8440-3e9d39e71700","fender-telecaster-custom","1972 Fender Telecaster Custom Polverini Bros. Case Refret","35753","EUR","","exact","exact","88","'1972 Fender Telecaster Custom'; case and refret irrelevant","","true","","https://www.kleinanzeigen.de/s-anzeige/1972-fender-telecaster-custom-polverini-bros-case-refret/3418653453-74-2162"
"7d1e424c-bd55-4f5e-a000-2085ed0f1269","gibson-les-paul-studio","Gibson Les Paul Studio Wine Red","8871","DKK","","exact","exact","93","'Les Paul Studio Wine Red'","","true","","https://reverb.com/item/98822161-gibson-les-paul-studio-wine-red"
"7d36be25-9734-4ee8-af0d-52f9820f85b2","ua-1176ln","Universal Audio 1176LN Classic Limiting Amplifier, like new","15003","DKK","","exact","exact","93","'1176LN Classic Limiting Amplifier'","","true","","https://reverb.com/item/101100421-universal-audio-1176ln-classic-limiting-amplifier-like-new"
"7d5f9aa2-345b-4a3f-9d98-848b4879690a","yamaha-dx7","Yamaha DX7 VRC-106 Synthesizer Group - Factory Voice Data ROM","550","DKK","","accessory","accessory","94","'Factory Voice Data ROM' cartridge for DX7","","false","admin_rejected","https://reverb.com/item/100351873-yamaha-dx7-vrc-106-synthesizer-group-factory-voice-data-rom"
"7d950e0e-80ff-4758-9f1b-4e3777c067b2","roland-juno-6","Roland JUNO-6 cover","664","DKK","part_or_accessory:cover","accessory","accessory","95","'JUNO-6 cover' only","","false","admin_rejected","https://reverb.com/item/99574617-roland-juno-6-cover"
"7db39ec6-454d-455f-930d-bf9ee11fe291","fender-american-professional-ii-stratocaster","Fender American Professional II Stratocaster - MN MSG (#376)","12886","DKK","","exact","exact","93","'American Professional II Stratocaster'","","true","","https://reverb.com/item/69539557-fender-american-professional-ii-stratocaster-mn-msg-376"
"7dce27a3-2dbf-404e-b05c-a890b23226df","fender-mustang-bass","Fender JMJ Signature Road Worn Mustang Bass, Daphne Bleu, Rosewood Fingerboard","12692","DKK","","wrong","wrong","70","'JMJ Signature Road Worn Mustang Bass' distinct signature model","","false","admin_rejected","https://reverb.com/item/59164642-fender-jmj-signature-road-worn-mustang-bass-daphne-bleu-rosewood-fingerboard"
"7dd51983-d3e0-4bb3-b8c7-791d2fb3f1b8","gibson-es-335-dot","Gibson Custom ES-335 Dot 2012 Cherry","22767","DKK","","abstain","skipped","58","'Gibson Custom' shop build vs factory ES-335 Dot","","","","https://reverb.com/item/99859409-gibson-custom-es-335-dot-2012-cherry"
"7deeb32f-e638-4695-9268-2eb5062a4b11","fender-mustang-bass","1973 Fender Mustang Bass","12870","DKK","","exact","exact","92","'1973 Fender Mustang Bass'","","true","","https://reverb.com/item/101564972-1973-fender-mustang-bass"
"7e2e9fd9-4099-4e34-8de2-6faea9403d8a","roland-tr-707","Roland TR-707 RHYTHM COMPOSER Drum Machine w/ box","5545","DKK","","exact","exact","94","'TR-707 Rhythm Composer' with box","","true","","https://reverb.com/item/100949004-roland-tr-707-rhythm-composer-drum-machine-w-box"
"7e457760-5177-40f8-a6e1-8246e6df211a","gibson-es-335-dot","Gibson ES-335 Dot Reissue Cherry 1998 [90768318] (08/13)","18985","DKK","","exact","exact","80","'ES-335 Dot Reissue' is the Dot model","","true","","https://reverb.com/item/100458681-gibson-es-335-dot-reissue-cherry-1998-90768318-08-13"
"7e7e76c2-5bab-4669-acc5-d4f8bc2620b7","roland-tr-606","Roland TR-606 Drumatix 1980s - Silver","2935","DKK","","exact","exact","94","'TR-606 Drumatix'","","true","","https://reverb.com/item/100790189-roland-tr-606-drumatix-1980s-silver"
"7e96e262-acd5-4b33-a880-dcfc74fc495b","gibson-es-335-dot","Gibson ES-335 Dot 1991 - 2014 - Figured Vintage Sunburst","22782","DKK","","exact","exact","92","'Gibson ES-335 Dot' figured sunburst","","true","","https://reverb.com/item/89382588-gibson-es-335-dot-1991-2014-figured-vintage-sunburst"
"7e9f5fd8-ff73-4522-85bd-ec1b913b392d","gibson-les-paul-studio","Gibson Les Paul Studio Deluxe 2013 - Honey Burst","8154","DKK","","exact","exact","60","'Les Paul Studio Deluxe' — Studio line variant, no sibling owns it","","true","","https://reverb.com/item/101383112-gibson-les-paul-studio-deluxe-2013-honey-burst"
"7eb5f8a8-d1e2-46a8-826b-61422b05e9c9","roland-sh-101","Roland SH-101 with Original Soft Case","12355","DKK","","exact","exact","95","SH-101 sold with soft case","","true","","https://reverb.com/item/100748754-roland-sh-101-with-original-soft-case"
"7eea8342-4d16-413b-a1dc-4adfdad9a908","gibson-j-45","Gibson J-45 Standard Dreadnought Acoustic-Electric Guitar, Solid Spruce Top, Heritage Cherry Sunburst","20867","DKK","","exact","exact","93","J-45 Standard dreadnought","","true","","https://reverb.com/item/101423199-gibson-j-45-standard-dreadnought-acoustic-electric-guitar-solid-spruce-top-heritage-cherry-sunburst"
"7ef27f7b-290c-406e-bab6-e14958b9b6ce","roland-re-201","Roland RE-201 Space Echo","9000","NOK","","exact","exact","96","RE-201 Space Echo named exactly","","true","","https://www.finn.no/recommerce/forsale/item/302621843"
"7efa107e-3443-4b2a-9eba-6fb5eba7e9c1","roland-sh-101","[SALE Ends Sep 24] Roland SH-101 w/ MGS-1 Grip Monophonic Analog Synthesizer Keyboard w/ 100-240V PSU","8806","DKK","","exact","exact","92","SH-101 synth with grip and PSU included","","true","","https://reverb.com/item/101596369-sale-ends-sep-24-roland-sh-101-w-mgs-1-grip-monophonic-analog-synthesizer-keyboard-w-100-240v-psu"
"7f1c856f-4968-407a-bba3-913509869a34","gibson-j-45","Gibson '50s J-45 Original 2019 - Present - Vintage Sunburst","16072","DKK","","exact","exact","80","'50s J-45 Original, current J-45 line","","true","","https://reverb.com/item/100870899-gibson-50s-j-45-original-2019-present-vintage-sunburst"
"7f576381-b11d-40aa-b690-7c618a5236f8","roland-sh-101","Roland SH-101 ønskes kjøpt.","0","NOK","wanted_or_non_sale:ønskes","wanted_ad","wanted_ad","96","'ønskes kjøpt' = wanted to buy","","false","admin_rejected","https://www.finn.no/recommerce/forsale/item/337900312"
"7f65c0ad-c34b-4102-812d-d90b7a6708f7","neumann-u87ai","Neumann U 87 Ai Condenser Microphone With EA 87 Mount. Mint, like new! U87Ai U87. 128195","16503","DKK","","exact","exact","95","U 87 Ai microphone with EA 87 mount","","true","","https://reverb.com/item/101313581-neumann-u-87-ai-condenser-microphone-with-ea-87-mount-mint-like-new-u87ai-u87-128195"
"7f744700-0c02-4b2d-b47f-2f13abb1a00a","fender-mustang-bass","Fender Mustang Bass JMJ","7080","DKK","","abstain","skipped","60","JMJ signature Mustang Bass, sub-model at different tier","","","","https://reverb.com/item/100870947-fender-mustang-bass-jmj"
"7f93216a-0690-4102-af73-7780d16d484d","roland-re-201","Roland Space Echo RE-201 Tape Echo / Federhall","13410","EUR","","exact","exact","95","Space Echo RE-201 tape echo","","true","","https://www.kleinanzeigen.de/s-anzeige/roland-space-echo-re-201-tape-echo-federhall/3502498711-74-2092"
"7fc9826f-c697-4e3f-b6fd-abd4d9169f44","fender-telecaster-thinline","Fender American Vintage II 1972 Telecaster Thinline - 3 Color Sunburst","18264","DKK","","abstain","skipped","65","American Vintage II 1972 reissue tier of Thinline","","","","https://reverb.com/item/85569074-fender-american-vintage-ii-1972-telecaster-thinline-3-color-sunburst"
"7fe39b08-8f80-401c-8428-4235d31f1509","gibson-es-335-dot","1990 Gibson ES-335 Dot | Ebony | St. Helens Hardware","29232","DKK","","exact","exact","93","Gibson ES-335 Dot, 1990","","true","","https://reverb.com/item/99830387-1990-gibson-es-335-dot-ebony-st-helens-hardware"
"7fe51d73-3a3d-474a-9779-af6e2813f37d","gibson-les-paul-custom","2021 Gibson Les Paul Custom Shop 60th Anniversary 1960 Reissue V2 - R0 - Tomato Soup Burst","39561","DKK","","wrong","wrong","72","Custom Shop 1960 Reissue R0 Standard, not Les Paul Custom","","false","admin_rejected","https://reverb.com/item/93027885-2021-gibson-les-paul-custom-shop-60th-anniversary-1960-reissue-v2-r0-tomato-soup-burst"
"7aa6b53b-c704-455f-8e00-20955b1c8280","gibson-les-paul-special","Gibson les Paul Special dubble cut 2015","7150","SEK","","exact","exact","80","'Les Paul Special' double cut, a finish/body variant of the model","","true","","https://www.blocket.se/recommerce/forsale/item/25664573"
"7aaffa3a-1a39-437a-8920-7a4ac6210395","fender-mustang-bass","Fender Mustang Bass 1966 - Dakota Red refinish","29825","DKK","","exact","exact","90","'Fender Mustang Bass 1966'; refinish is cosmetic","","true","","https://reverb.com/item/100475882-fender-mustang-bass-1966-dakota-red-refinish"
"805fe6c4-836b-4ea9-97c8-c5e6569ae2ae","gibson-es-335-dot","2013 Gibson Memphis ES-335 Dot - Cherry Red w/ OHSC - Pro Headstock Repair, Fresh Setup & Fret Crown","13046","DKK","","exact","exact","92","Memphis ES-335 Dot with repair/setup noted","","true","","https://reverb.com/item/96759703-2013-gibson-memphis-es-335-dot-cherry-red-w-ohsc-pro-headstock-repair-fresh-setup-fret-crown"
"8075b2bb-0fdd-4cc4-95ae-c749b49d87cd","gibson-hummingbird","2022 Gibson Hummingbird Original Heritage Cherry Sunburst + LR Baggs Anthem SL + OHSC","15003","DKK","","exact","exact","90","Hummingbird Original with case and pickup","","true","","https://reverb.com/item/102035430-2022-gibson-hummingbird-original-heritage-cherry-sunburst-lr-baggs-anthem-sl-ohsc"
"810e1d02-22f7-47a7-b5c2-ab958e6f7b9c","gibson-j-45","Gibson Custom Shop Historic 1942 Banner J-45 2022 - Present - Vintage Sunburst","22510","DKK","","abstain","skipped","70","Custom Shop Historic 1942 Banner J-45 build tier","","","","https://reverb.com/item/74140748-gibson-custom-shop-historic-1942-banner-j-45-2022-present-vintage-sunburst"
"8186850f-b0c5-4e15-a72b-e38bcdb8d669","korg-polysix","Custom Wooden Case Korg Polysix Analog Synthesizer American Walnut","2249","DKK","","accessory","accessory","94","'Custom Wooden Case' for Polysix, case only","","false","admin_rejected","https://reverb.com/item/91921306-custom-wooden-case-korg-polysix-analog-synthesizer-american-walnut"
"81994777-8853-4295-9a29-99a3cb91638f","fender-american-professional-ii-stratocaster","Fender American Professional II Stratocaster 3-Color Sunburst Rosewood Fingerboard (472)","12002","DKK","","exact","exact","95","American Professional II Stratocaster named exactly","","true","","https://reverb.com/item/91952565-fender-american-professional-ii-stratocaster-3-color-sunburst-rosewood-fingerboard-472"
"819ae4d4-812b-4449-ad64-d54a18d31d96","neumann-u87ai","Neumann U 87 AI Studio Set","12025","DKK","","exact","exact","85","U 87 Ai Studio Set = mic with mount/case","","true","","https://reverb.com/item/90320733-neumann-u-87-ai-studio-set"
"81e01e93-f766-4975-9b06-cabd678eda9f","sequential-prophet-10","Sequential Prophet-10","24700","SEK","","exact","exact","90","Prophet-10 named exactly","","true","","https://www.blocket.se/recommerce/forsale/item/23768501"
"82f69a86-2053-4f0e-9709-0172130dbb85","yamaha-dx7","Yamaha DX7 II-FD + Case + Zubehör","4843","EUR","","wrong","wrong","80","DX7 II-FD is a different model from DX7","","false","admin_rejected","https://www.kleinanzeigen.de/s-anzeige/yamaha-dx7-ii-fd-case-zubehoer/3494626503-74-1979"
"82f80ab1-7a22-4d4f-b215-07bf1999762f","yamaha-dx7","Origianalkoffer Yamaha DX7 abzugeben. DX7 Logo passgenau","887","EUR","","accessory","accessory","94","'Originalkoffer' — case sold alone","","false","admin_rejected","https://www.kleinanzeigen.de/s-anzeige/origianalkoffer-yamaha-dx7-abzugeben-dx7-logo-passgenau/3366320805-74-9517"
"831baed7-61f2-451a-8e77-2f9e79228115","fender-american-professional-ii-stratocaster","Fender American Professional II Stratocaster HSS Sienna Sunburst Electric Guitar Pre-Owned","13049","DKK","","exact","exact","93","American Professional II Stratocaster HSS","","true","","https://reverb.com/item/95726054-fender-american-professional-ii-stratocaster-hss-sienna-sunburst-electric-guitar-pre-owned"
"83293c1f-feae-4ff8-9e29-e12c1ca54fc9","gibson-j-45","Gibson 1942 Banner J-45 Acoustic Guitar - Vintage Sunburst","32174","DKK","","abstain","skipped","60","'1942 Banner J-45' likely Custom Shop/vintage tier","","","","https://reverb.com/item/87527694-gibson-1942-banner-j-45-acoustic-guitar-vintage-sunburst"
"832c2b5b-cc06-45f1-b4db-57f219e6c9ef","yamaha-dx7","Yamaha DX7","6000","NOK","","exact","exact","92","Yamaha DX7 plain","","true","","https://www.finn.no/recommerce/forsale/item/471328836"
"833d7da4-30e0-495d-9d74-17c120be785e","roland-re-201","Roland Space Echo RE-201 DEFEKT","","EUR","","exact","exact","93","'Space Echo RE-201'; defect is condition only","","true","","https://www.kleinanzeigen.de/s-anzeige/roland-space-echo-re-201-defekt/3512709933-74-2092"
"83487ec0-4e15-426b-8101-c129b8a9c96a","fender-american-vintage-52-telecaster","Fender American Vintage '52 Telecaster 2007","16784","DKK","","exact","exact","94","'American Vintage '52 Telecaster' named exactly","","true","","https://reverb.com/item/101482929-fender-american-vintage-52-telecaster-2007"
"83602a61-9605-4fba-9921-3334f0cc1c48","sequential-prophet-10","Sequential Prophet-10 61-Key 10-Voice Polyphonic Synthesizer 2020 - Present - Black with Wood Sides","20578","DKK","","exact","exact","93","'Prophet-10 61-Key 10-Voice' matches candidate","","true","","https://reverb.com/item/101017065-sequential-prophet-10-61-key-10-voice-polyphonic-synthesizer-2020-present-black-with-wood-sides"
"83a7143f-dca8-41af-a821-b38ee8058ec1","yamaha-dx7","Origianalkoffer Yamaha DX7 abzugeben. DX7 Logo passgenau","","EUR","","accessory","accessory","94","'Originalkoffer' — case sold alone for DX7","","false","admin_rejected","https://www.kleinanzeigen.de/s-anzeige/origianalkoffer-yamaha-dx7-abzugeben-dx7-logo-passgenau-/3366320805-74-9517"
"83aec2eb-3413-4b1a-8d2e-154a3fe12e41","gibson-es-335-dot","Gibson ES-335 Dot Reissue 2001 Cherry Red – Made in Nashville (Excellent Playing Condition, Natural Aging)","20883","DKK","","exact","exact","76","'ES-335 Dot Reissue' Nashville production model","","true","","https://reverb.com/item/86610037-gibson-es-335-dot-reissue-2001-cherry-red-made-in-nashville-excellent-playing-condition-natural-aging"
"83c1b524-3186-4e92-8ff1-eb3f91b7e343","fender-telecaster-custom","E-Gitarre Fender Telecaster Custom FMT HH inkl Koffer","","EUR","","wrong","wrong","62","'Telecaster Custom FMT HH' is a distinct HH flame-top model","","false","admin_rejected","https://www.kleinanzeigen.de/s-anzeige/e-gitarre-fender-telecaster-custom-fmt-hh-inkl-koffer/3512378509-74-6794"
"83dc0ec4-2fa1-4152-804d-24cf8947a6b0","fender-american-professional-ii-stratocaster","Fender American Professional II Stratocaster Dark Night","","EUR","","exact","exact","95","'American Professional II Stratocaster', colour only","","true","","https://www.kleinanzeigen.de/s-anzeige/fender-american-professional-ii-stratocaster-dark-night/3513420793-74-9055"
"83df15c2-01a1-4e3a-b63d-d427e6246f67","wurlitzer-200a","Wurlitzer 200A elpiano med stativ och pedal","32500","SEK","","exact","exact","92","'Wurlitzer 200A elpiano' with stand and pedal bundled","","true","","https://www.blocket.se/recommerce/forsale/item/26651193"
"8403bfc4-7a51-487e-8af4-81aef9ff3f42","roland-tr-808","Roland TR-808 Rhythm Composer 1982 - Black","2306","DKK","","exact","exact","96","'TR-808 Rhythm Composer 1982'","","true","","https://reverb.com/item/70236256-roland-tr-808-rhythm-composer-1982-black"
"84127e2e-4f5f-4e0d-8186-db0ba5af380c","martin-d-28","Martin - D-28 Custom Shop 1937 - Acoustic Guitar - Stage 1 Ambertone - with  Hardshell Case - x3459 (10CE-04-3459)","52177","DKK","","abstain","skipped","65","'D-28 Custom Shop 1937' — Custom Shop tier vs factory row","","","","https://reverb.com/item/100826742-martin-d-28-custom-shop-1937-acoustic-guitar-stage-1-ambertone-with-hardshell-case-x3459-10ce-04-3459"
"841ade29-d402-4744-8b96-98c64e911879","ua-1176ln","Universal Audio 1176LN Limiting Amplifier Reissue 2001 - Present - Black","12953","DKK","","exact","exact","68","'1176LN Limiting Amplifier Reissue' current UA unit","","true","","https://reverb.com/item/100183835-universal-audio-1176ln-limiting-amplifier-reissue-2001-present-black"
"842e2e3f-065c-445e-96e7-66b720ea9d8e","fender-american-vintage-52-telecaster","Fender American Vintage '52 Telecaster 2017 - Butterscotch Blonde","12394","DKK","","exact","exact","94","'American Vintage '52 Telecaster' with finish/year only","","true","","https://reverb.com/item/98755323-fender-american-vintage-52-telecaster-2017-butterscotch-blonde"
"84422b33-a0d0-4eb6-98ea-bf7fc9b89ef6","gibson-j-45","Gibson Acoustic J-45 Standard, Vintage Sunburst | Demo","14170","DKK","","exact","exact","92","'J-45 Standard' demo unit, condition only","","true","","https://reverb.com/item/99469026-gibson-acoustic-j-45-standard-vintage-sunburst-demo"
"844b045b-19a3-47c8-8a2a-d4b4e7c8ade9","gibson-es-335-dot","Gibson ES-335 Dot 1986 - 1990 - Antique Natural","27289","DKK","","exact","exact","92","'ES-335 Dot' with year range and finish","","true","","https://reverb.com/item/99517032-gibson-es-335-dot-1986-1990-antique-natural"
"8463513a-08cd-4b80-889e-4e2d48fc8fc6","gibson-hummingbird","Gibson Hummingbird Original Heritage Cherry Sunburst","26085","DKK","","exact","exact","88","'Hummingbird Original' current model, finish only","","true","","https://reverb.com/item/76336242-gibson-hummingbird-original-heritage-cherry-sunburst"
"8488e504-4fe9-4ca3-b2f9-3c2ee9018fe7","neumann-u87ai","Neumann U 87 Ai Condenser Microphone With EA 87 Mount. Mint, like new! U87Ai U87. 128195","16631","DKK","","abstain","skipped","","no verdict returned","","","","https://reverb.com/item/100721021-neumann-u-87-ai-condenser-microphone-with-ea-87-mount-mint-like-new-u87ai-u87-128195"
"851c6150-395b-4e7d-b89a-0f96c8d078b9","gibson-hummingbird","Gibson Gibson Hummingbird Tee Medium","189","DKK","","accessory","accessory","94","'Hummingbird Tee Medium' — a T-shirt, not the guitar","","false","admin_rejected","https://reverb.com/item/100779221-gibson-gibson-hummingbird-tee-medium"
"852558e2-d286-4b4b-9bc3-322fe11a5c81","gibson-les-paul-custom","Gibson Les Paul Custom från 1976 hos Musikbörsen i Göteborg","38999","SEK","","exact","exact","90","'Les Paul Custom från 1976'","","true","","https://www.blocket.se/recommerce/forsale/item/26683379"
"854fbf8d-a42a-43f8-9af3-658b8f56c70b","fender-american-vintage-52-telecaster","Fender American Vintage '52 Telecaster 2003 - Butterscotch Blonde - Left handed","13797","DKK","","exact","exact","93","'American Vintage '52 Telecaster'; handedness irrelevant","","true","","https://reverb.com/item/94451456-fender-american-vintage-52-telecaster-2003-butterscotch-blonde-left-handed"
"85715ab8-e490-4a2b-b23b-83a63812c077","gibson-es-335-dot","Gibson Custom ES-335 Dot Cherry","33267","DKK","","abstain","skipped","60","'Gibson Custom' ES-335 Dot — Custom Shop tier ambiguity","","","","https://reverb.com/item/92417130-gibson-custom-es-335-dot-cherry"
"8573a8eb-7bae-4772-832e-67ea39c623b5","gibson-les-paul-special","2004 Gibson Custom Shop ’57 Les Paul Special Singlecut Kloppmann","","EUR","","abstain","skipped","65","'Custom Shop '57 Les Paul Special' — different tier than factory row","","","","https://www.kleinanzeigen.de/s-anzeige/2004-gibson-custom-shop-57-les-paul-special-singlecut-kloppmann/3425033649-74-2162"
"8582c008-d43c-46ee-9d83-e95e1590ff5c","gibson-les-paul-special","Gibson Original Collection Les Paul Special","11550","DKK","","exact","exact","85","'Original Collection Les Paul Special' standard production","","true","","https://reverb.com/item/98600810-gibson-original-collection-les-paul-special"
"85874f74-f00f-4df4-884f-deedfd9f9a8d","gibson-j-45","Gibson J-45 Standard Vintage Sunburst","22597","DKK","","exact","exact","93","'J-45 Standard' with finish only","","true","","https://reverb.com/item/101869426-gibson-j-45-standard-vintage-sunburst"
"85c5f7d6-44c9-40b0-a90d-9a779bd2a6fe","roland-juno-60","Roland Juno 60 + midi adapter +psu","18625","EUR","","exact","exact","92","'Juno 60' synth with bundled midi adapter and psu","","true","","https://www.kleinanzeigen.de/s-anzeige/roland-juno-60-midi-adapter-psu/3491013704-74-3353"
"85fe3269-480b-4d64-8d98-3b8748f0dbd5","gibson-les-paul-studio","Gibson Les Paul Studio 2012 Lefty Sunburst","","EUR","","exact","exact","92","'Les Paul Studio 2012'; lefty/finish irrelevant","","true","","https://www.kleinanzeigen.de/s-anzeige/gibson-les-paul-studio-2012-lefty-sunburst/3510786341-74-4713"
"86103ed1-d763-4c7b-96ac-1401c84c9d2a","neve-portico-ii-master-buss-processor","Rupert Neve Designs Portico II Master Buss Processor 2012 - Present - Shelford Blue","28049","DKK","","exact","exact","95","'Portico II Master Buss Processor' named in full","","true","","https://reverb.com/item/101656392-rupert-neve-designs-portico-ii-master-buss-processor-2012-present-shelford-blue"
"8654310e-ed53-49f8-b6f4-ce246227663e","roland-juno-106","Roland Juno-106 61-Key Programmable Polyphonic Synthesizer 1984 - 1985 - Black","8729","DKK","","exact","exact","96","'Roland Juno-106' 61-key synthesizer","","true","","https://reverb.com/item/101176043-roland-juno-106-61-key-programmable-polyphonic-synthesizer-1984-1985-black"
"866446ce-e0de-4cc7-9c94-ce72f027bbba","roland-juno-60","Roland Juno-60 + Kenton MIDI + Flightcase - Top-Zustand","19363","EUR","","exact","exact","93","'Roland Juno-60' with MIDI kit and case bundled","","true","","https://www.kleinanzeigen.de/s-anzeige/roland-juno-60-kenton-midi-flightcase-top-zustand/3506372561-74-3165"
"86865126-6f10-4859-991f-ab3f5d80fd1c","roland-juno-60","Roland Juno-60 61-Key Polyphonic Synthesizer + MD-8 DCB to MIDI","20874","DKK","","exact","exact","94","'Roland Juno-60' plus DCB-to-MIDI accessory","","true","","https://reverb.com/item/101714638-roland-juno-60-61-key-polyphonic-synthesizer-md-8-dcb-to-midi"
"86cffa92-be91-4716-bdcc-ecfc6b2c0f05","fender-telecaster-custom","Fender American Ultra II Telecaster Ultraburst Maple Fingerboard","14754","DKK","","wrong","wrong","94","'American Ultra II Telecaster' is a listed sibling","fender-american-ultra-ii-telecaster","false","admin_rejected","https://reverb.com/item/101144996-fender-american-ultra-ii-telecaster-ultraburst-maple-fingerboard"
"86e328c1-0b5c-4e77-a14e-f51bb6dc5542","roland-jupiter-4","Roland Jupiter 4 Synthesizer w/ Swan flight case. New sliders. Full recap and just calibrated. IR3109  filter version","42322","DKK","","exact","exact","93","'Roland Jupiter 4 Synthesizer', servicing and case only","","true","","https://reverb.com/item/100949739-roland-jupiter-4-synthesizer-w-swan-flight-case-new-sliders-full-recap-and-just-calibrated-ir3109-filter-version"
"870f88a2-594f-4430-accd-78fd4db60ffe","fender-telecaster-thinline","Fender Limited Edition Two-Tone Telecaster Thinline – Surf Green – USA 2019","15000","NOK","","exact","exact","78","'Telecaster Thinline' limited edition finish variant","","true","","https://www.finn.no/recommerce/forsale/item/475011996"
"872634a3-2c90-4da8-ad1d-8949b3f85fa2","gibson-j-45","Gibson J-45 Standard Vintage Sunburst","19446","DKK","","exact","exact","92","'Gibson J-45 Standard' with finish only","","true","","https://reverb.com/item/101626466-gibson-j-45-standard-vintage-sunburst"
"872a0fdb-bbfe-4576-abb2-91ef41004d58","roland-juno-106","Roland Juno-106 – fuldt fungerende – meget flot stand – hvide tangenter","18000","DKK","","exact","exact","94","'Roland Juno-106' working, condition noted","","true","","https://www.dba.dk/recommerce/forsale/item/24853240"
"873ee1db-4192-4e82-9a61-c19573a674c2","gibson-les-paul-custom","Gibson Les Paul Custom Shop 59 Reissue R9 2006 - Cherry Sunburst","","EUR","","wrong","wrong","80","'59 Reissue R9' is a Standard-type reissue, not a Les Paul Custom","","false","admin_rejected","https://www.kleinanzeigen.de/s-anzeige/gibson-les-paul-custom-shop-59-reissue-r9-2006-cherry-sunburst/3504412417-74-1734"
"8753850c-dae9-4955-bd41-9db27e828e7b","neve-portico-ii-master-buss-processor","Rupert Neve Designs Portico II Master Buss Processor 2012 - Present - Shelford Blue","22048","DKK","","exact","exact","95","'Portico II Master Buss Processor' named in full","","true","","https://reverb.com/item/101881457-rupert-neve-designs-portico-ii-master-buss-processor-2012-present-shelford-blue"
"87a7c858-3c91-4250-8a5f-7d4843dffc59","neumann-u87ai","Neumann U 87 Ai Condenser Microphone With EA 87 Mount. Mint, like new! U87Ai U87. 184528","16960","DKK","","exact","exact","95","'U 87 Ai' microphone with EA 87 mount included","","true","","https://reverb.com/item/101658365-neumann-u-87-ai-condenser-microphone-with-ea-87-mount-mint-like-new-u87ai-u87-184528"
"87fafa41-2f3c-4416-b1c3-e4236686483c","gibson-hummingbird","Hummingbird Studio EC Tri-Burst Satin Acoustic Guitar","16428","DKK","","abstain","skipped","60","'Hummingbird Studio EC' sub-model, no brand stated","","","","https://reverb.com/item/91701488-hummingbird-studio-ec-tri-burst-satin-acoustic-guitar"
"880934e6-030a-4993-b21e-8e51efac08c6","fender-mustang-bass","Fender Mustang Bass 1966 -  White","29078","DKK","","exact","exact","94","'Fender Mustang Bass' with year and colour","","true","","https://reverb.com/item/96075260-fender-mustang-bass-1966-white"
"8817278e-3481-4aba-b0dd-e22f618b447d","gibson-les-paul-custom","Gibson Custom Shop '57 Reissue Les Paul Custom - Ebony (2022)","","EUR","","abstain","skipped","65","'Custom Shop '57 Reissue' tier versus factory Les Paul Custom","","","","https://www.kleinanzeigen.de/s-anzeige/gibson-custom-shop-57-reissue-les-paul-custom-ebony-2022-/3510750900-74-3545"
"8840c9eb-368e-43bd-9988-1e2c111f984c","gibson-les-paul-studio","Gibson Les Paul Studio med utstyr","5400","NOK","","exact","exact","88","'Gibson Les Paul Studio' sold with extras","","true","","https://www.finn.no/recommerce/forsale/item/475999824"
"88bf2258-7368-453f-9153-61ed949087a5","roland-juno-106","Roland Juno-106 synthesizer med tangenter","740","NOK","","exact","exact","93","'Roland Juno-106 synthesizer'","","true","","https://www.finn.no/recommerce/forsale/item/476345773"
"892b710b-d861-435f-b582-30ca449417b6","gibson-les-paul-custom","Gibson Les Paul Custom Shop 1958 Standard R8 Limited 2017 Inzahl.","","EUR","","wrong","wrong","80","'1958 Standard R8' reissue, not a Les Paul Custom","","false","admin_rejected","https://www.kleinanzeigen.de/s-anzeige/gibson-les-paul-custom-shop-1958-standard-r8-limited-2017-inzahl-/3500722333-74-496"
"894f666d-b13b-4236-8495-ee024117731f","fender-american-professional-ii-stratocaster","Fender American Professional II Stratocaster - RW RPN (#065)","14650","DKK","","exact","exact","95","'American Professional II Stratocaster' named exactly","","true","","https://reverb.com/item/50869987-fender-american-professional-ii-stratocaster-rw-rpn-065"
"89a75261-ad5c-410a-9dd1-0efc3aca79cd","roland-tr-707","Roland TR-707 Rhythm Composer - White","3588","DKK","","exact","exact","95","'Roland TR-707 Rhythm Composer'","","true","","https://reverb.com/item/100442347-roland-tr-707-rhythm-composer-white"
"89e7a6ea-39ff-4f71-ad2d-bc36d67ed444","fender-american-professional-ii-stratocaster","Fender American Professional II Stratocaster - MN BK (#177)","12806","DKK","","exact","exact","95","'American Professional II Stratocaster' named exactly","","true","","https://reverb.com/item/93159334-fender-american-professional-ii-stratocaster-mn-bk-177"
"89f7d641-1135-4a66-945d-bac41aaad5bb","neumann-u87ai","**NEW** Neumann U 87 Ai mt Studio Set (GEAR UPGRADE FLASH SALE!!)- Matte Black","19332","DKK","","exact","exact","90","'Neumann U 87 Ai mt Studio Set' is the mic with mount","","true","","https://reverb.com/item/100353134-new-neumann-u-87-ai-mt-studio-set-gear-upgrade-flash-sale-matte-black"
"8ad3aa5b-f83f-4ad7-ad91-79627f64cc1c","roland-jupiter-4","Roland Jupiter 4 synthesizer","25886","DKK","","exact","exact","93","'Roland Jupiter 4 synthesizer'","","true","","https://reverb.com/item/101844929-roland-jupiter-4-synthesizer"
"8ae3b2c5-c62e-4a0a-8156-7613403f2a93","gibson-les-paul-special","Gibson Les Paul Special DC 2xP90","","EUR","","exact","exact","78","'Gibson Les Paul Special' double-cut with P90s","","true","","https://www.kleinanzeigen.de/s-anzeige/gibson-les-paul-special-dc-2xp90/3494220559-74-1197"
"8aea33d1-6138-426a-a463-6dbb92ff2ba9","fender-mustang-bass","Fender Mustang Bass 1966 - White","40769","DKK","","exact","exact","94","'Fender Mustang Bass' with year and colour","","true","","https://reverb.com/item/101961992-fender-mustang-bass-1966-white"
"8b0328d1-36ed-4d3b-aad9-f84ed2675ec7","fender-telecaster-thinline","Fender Telecaster thinline Custom shop CAR Lim. Ed. NAMM 2020","","EUR","","abstain","skipped","62","'Custom shop Lim. Ed. NAMM 2020' Thinline — Custom Shop tier vs factory model","","","","https://www.kleinanzeigen.de/s-anzeige/fender-telecaster-thinline-custom-shop-car-lim-ed-namm-2020/3513594363-74-4409"
"8b108a44-c357-47e0-a3e2-48fafc0cedf1","gibson-les-paul-special","Gibson Les Paul Special DC 2015","6500","SEK","","exact","exact","65","'Les Paul Special DC' — body variant of Les Paul Special","","true","","https://www.blocket.se/recommerce/forsale/item/25651605"
"8b1bb8ec-fa2a-42a3-9e4c-4f39938b19a0","gibson-les-paul-studio","Gibson Les Paul Studio Ebony schwarz – 2010 USA","","EUR","","exact","exact","93","'Les Paul Studio' with finish/year only","","true","","https://www.kleinanzeigen.de/s-anzeige/gibson-les-paul-studio-ebony-schwarz-2010-usa/3507789572-74-5865"
"8b4f901a-5a6b-450b-b991-f2cd38fafa4b","yamaha-dx7","Yamaha DX7 Display gebraucht als Ersatzteil, voll funktionsfähig","298","EUR","","accessory","accessory","96","'DX7 Display gebraucht als Ersatzteil' — spare part","","false","admin_rejected","https://www.kleinanzeigen.de/s-anzeige/yamaha-dx7-display-gebraucht-als-ersatzteil-voll-funktionsfaehig/3507964128-74-26164"
"8b650347-33af-47c1-beec-e65d041f2ed3","gibson-les-paul-custom","Gibson Les Paul Custom Shop Ebony 2013","23833","EUR","","exact","exact","68","'Les Paul Custom' Ebony; Custom is a Custom Shop-built model","","true","","https://www.kleinanzeigen.de/s-anzeige/gibson-les-paul-custom-shop-ebony-2013/3516247481-74-1396"
"8b78958c-4295-4cb9-b5ec-f094f0b4e0b9","gibson-es-335-dot","Gibson ES-335 dot Reissue, 2008, Custom Shop Koffer","15645","EUR","","exact","exact","68","'ES-335 dot Reissue' with case; Dot line","","true","","https://www.kleinanzeigen.de/s-anzeige/gibson-es-335-dot-reissue-2008-custom-shop-koffer/3510384022-74-16"
"8bd79aeb-eff7-4960-8896-5805ef4b1e50","gibson-les-paul-special","Gibson Custom Murphy Lab 1957 Les Paul Special Single Cut Reissue Ultra Light Aged (#544)","27856","DKK","","abstain","skipped","65","'Gibson Custom Murphy Lab 1957 ... Reissue Ultra Light Aged' — Custom Shop tier","","","","https://reverb.com/item/99706589-gibson-custom-murphy-lab-1957-les-paul-special-single-cut-reissue-ultra-light-aged-544"
"8bd9df4a-d4f6-4b89-b51d-e83da14da602","fender-american-professional-ii-stratocaster","Fender American Professional II Stratocaster Dark Night Rosewood (281)","12002","DKK","","exact","exact","95","'American Professional II Stratocaster' plus finish","","true","","https://reverb.com/item/91952390-fender-american-professional-ii-stratocaster-dark-night-rosewood-281"
"8bf7bf31-9b05-4c56-bcd0-9387bb66ee64","gibson-les-paul-custom","2011 Gibson Ace Frehley Budokan 74 Les Paul Custom Aged & Signed","","EUR","","wrong","wrong","66","'Ace Frehley Budokan 74 ... Aged & Signed' signature Custom Shop model","","false","admin_rejected","https://www.kleinanzeigen.de/s-anzeige/2011-gibson-ace-frehley-budokan-74-les-paul-custom-aged-signed/3208884818-74-7584"
"8c188fee-ddb5-461a-b1f7-fda99f78e8e4","korg-ms-20","Korg MS-20 Mini Semi-Modular Analog Synthesizer 2013 - Present - Black","3537","DKK","","wrong","wrong","92","'MS-20 Mini' is not the MS-20","","false","admin_rejected","https://reverb.com/item/101323690-korg-ms-20-mini-semi-modular-analog-synthesizer-2013-present-black"
"8c1e32b5-7c20-4398-94c3-29206deb2d35","gibson-les-paul-studio","E-Gitarre Gibson Les Paul Studio 2013 Gold Top","","EUR","","exact","exact","93","'Gibson Les Paul Studio 2013 Gold Top'","","true","","https://www.kleinanzeigen.de/s-anzeige/e-gitarre-gibson-les-paul-studio-2013-gold-top/3515222835-74-258"
"8c521ab9-30d2-406c-9367-d70591f2eae8","fender-telecaster-thinline","2019 Fender Custom Shop '50 Telecaster Thinline in Orange Sparkle","37338","DKK","","abstain","skipped","62","'Fender Custom Shop '50 Telecaster Thinline' — Custom Shop tier","","","","https://reverb.com/item/92904559-2019-fender-custom-shop-50-telecaster-thinline-in-orange-sparkle"
"8c75b187-179c-4f9d-a60a-cf3edd7fd18c","roland-juno-106","Roland Kiwi Juno-106 61-Key Programmable Polyphonic Synthesizer 1984 - 1985 - Black","19534","DKK","","exact","exact","63","'Kiwi Juno-106' — Juno-106 with aftermarket upgrade","","true","","https://reverb.com/item/93762369-roland-kiwi-juno-106-61-key-programmable-polyphonic-synthesizer-1984-1985-black"
"8cd52356-5328-4633-9ba1-ac78558e6f24","moog-minimoog","Moog Minimoog Voyager Select Series 44-Key Monophonic Synthesizer 2006 - 2013 - Mahogany Cabinet","25912","DKK","","wrong","wrong","80","'Minimoog Voyager Select Series' is a later distinct instrument","","false","admin_rejected","https://reverb.com/item/99524614-moog-minimoog-voyager-select-series-44-key-monophonic-synthesizer-2006-2013-mahogany-cabinet"
"8d119b5c-b360-42e4-bc73-a6e7749c5207","gibson-es-335-dot","Gibson ES-335 Dot 1986 - 1990 - Antique Natural","26567","DKK","","exact","exact","94","'Gibson ES-335 Dot' with year/finish","","true","","https://reverb.com/item/98243652-gibson-es-335-dot-1986-1990-antique-natural"
"8d1718e9-2bf3-4b22-85ca-09a06992b013","tube-tech-cl1b","Tube-Tech CL 1B Mono Opto Compressor Blue Used For 1 Vocal Session","32081","DKK","","exact","exact","95","'Tube-Tech CL 1B' compressor unit","","true","","https://reverb.com/item/100838608-tube-tech-cl-1b-mono-opto-compressor-blue-used-for-1-vocal-session"
"8d83a8d3-7589-4e6d-acb3-bd5c6401430b","roland-tr-606","Roland TR-606 Drumatix 1983","3508","DKK","","exact","exact","95","'Roland TR-606 Drumatix 1983'","","true","","https://reverb.com/item/100808001-roland-tr-606-drumatix-1983"
"8da8664b-a9fa-473c-ba95-1fffc30915f3","emu-sp-1200","E-MU Systems SP-1200 Custom Forat","75000","DKK","","exact","exact","68","'SP-1200 Custom Forat' — modified SP-1200 unit","","true","","https://reverb.com/item/80032000-e-mu-systems-sp-1200-custom-forat"
"8dac4330-17d3-4c17-9b89-eca5d0cc9ec3","manley-voxbox","Manley Labs VOXBOX Tube Channel Strip in Excellent Condition","24786","DKK","","exact","exact","94","'Manley Labs VOXBOX' channel strip","","true","","https://reverb.com/item/100614072-manley-labs-voxbox-tube-channel-strip-in-excellent-condition"
"8dd46081-55c9-4cf6-9a87-2b17d3f89a0d","roland-juno-106","Roland JU-06 Boutique Synthesizer Juno-106 +Fast Neuwertig + OVP+ 1,5J Garantie","3471","DKK","","wrong","wrong","90","'JU-06 Boutique' module, not a Juno-106","","false","admin_rejected","https://reverb.com/item/72357198-roland-ju-06-boutique-synthesizer-juno-106-fast-neuwertig-ovp-1-5j-garantie"
"8dd621d9-9164-48d4-a4a6-a38c7de87b9f","korg-ms-20","Korg MS-20 Mini Semi-Modular Analog Synthesizer 2013 - Present - Black","2927","DKK","","wrong","wrong","92","'MS-20 Mini' is not the MS-20","","false","admin_rejected","https://reverb.com/item/101613412-korg-ms-20-mini-semi-modular-analog-synthesizer-2013-present-black"
"8e0c8bac-d0da-48f0-b9a3-0de4bdd0625f","gibson-les-paul-special","Gibson Les Paul Special faded","5550","DKK","","exact","exact","85","'Les Paul Special faded' — finish variant","","true","","https://www.dba.dk/recommerce/forsale/item/24932451"
"8e2e9b05-2f8e-4515-94b0-e2892b75fcb9","fender-telecaster-thinline","Fender Modern Player Telecaster Thinline Deluxe – Black Trans – T","","EUR","","abstain","skipped","60","'Modern Player Telecaster Thinline Deluxe' — budget line sub-model","","","","https://www.kleinanzeigen.de/s-anzeige/fender-modern-player-telecaster-thinline-deluxe-black-trans-t/3502204438-74-17442"
"8e3c37e5-896c-442b-8243-12dcb77faf87","korg-polysix","Korg PolySix 1980s - Navy Blue","7015","DKK","","exact","exact","94","'Korg PolySix 1980s'","","true","","https://reverb.com/item/100520651-korg-polysix-1980s-navy-blue"
"8e4390d9-7b8f-4601-a417-e0c899d80d65","fender-american-professional-ii-stratocaster","Fender American Professional II Stratocaster in Miami Blue, with Hard Case, USED","15017","DKK","","exact","exact","94","'American Professional II Stratocaster' with case","","true","","https://reverb.com/item/86844133-fender-american-professional-ii-stratocaster-in-miami-blue-with-hard-case-used"
"8e45d013-255a-4716-980f-4b2bcc91f3be","neve-portico-ii-master-buss-processor","Rupert Neve Designs Portico II Master Buss Processor","19111","DKK","","exact","exact","95","'Portico II Master Buss Processor' matches candidate model","","true","","https://reverb.com/item/101580323-rupert-neve-designs-portico-ii-master-buss-processor"
"8e7ccf73-0a72-4a24-a3b4-123296dcc728","gibson-hummingbird","Gibson Hummingbird Original 2024 - Antique Natural","25767","DKK","","exact","exact","72","'Hummingbird Original' is the standard Hummingbird line","","true","","https://reverb.com/item/82331613-gibson-hummingbird-original-2024-antique-natural"
"8eb2f9c5-6269-48b8-a628-174c01c3bc22","roland-tr-808","Roland Boutique Series TR-08 Drum Machine, modern TR-808","1944","DKK","","wrong","wrong","93","'Boutique Series TR-08' is a modern miniature, not the TR-808","","false","admin_rejected","https://reverb.com/item/101544051-roland-boutique-series-tr-08-drum-machine-modern-tr-808"
"8eb3141c-a660-4578-8be7-a6281fcfd581","gibson-j-45","Gibson J-45 Standard Acoustic-Electric Natural","19562","DKK","","exact","exact","92","'J-45 Standard' acoustic-electric","","true","","https://reverb.com/item/101623745-gibson-j-45-standard-acoustic-electric-natural"
"8ec0894b-220c-435d-9f0d-79c60406b754","gibson-es-335-dot","1997 Gibson (Good Wood Years) ES-335 Dot Figured - Cherry Red - Yamano Hand Picked Export - Pro Set Up! (Perfect Frets/Action/Intonation) - Tons of MOJO","24299","DKK","","exact","exact","90","'ES-335 Dot Figured' with year/finish only","","true","","https://reverb.com/item/93894727-1997-gibson-good-wood-years-es-335-dot-figured-cherry-red-yamano-hand-picked-export-pro-set-up-perfect-frets-action-intonation-tons-of-mojo"
"8ec47af1-5d0c-438d-bd78-2bcdc80a5b01","fender-american-professional-ii-stratocaster","Fender American Professional II Stratocaster Dark Night Rosewood (798)","12002","DKK","","exact","exact","95","'American Professional II Stratocaster' named exactly","","true","","https://reverb.com/item/91898562-fender-american-professional-ii-stratocaster-dark-night-rosewood-798"
"8ecfce1e-ea4e-4b94-b4e1-76f2e89c42b5","gibson-hummingbird","Gibson Hummingbird Standard 2022 - Present - Vintage Hertiage Sunburst","16604","DKK","","exact","exact","78","'Hummingbird Standard' is the core Hummingbird","","true","","https://reverb.com/item/96309597-gibson-hummingbird-standard-2022-present-vintage-hertiage-sunburst"
"8ef48d1e-a503-42ab-bf74-7611e4c704cd","gibson-es-335-dot","Gibson ES-335 Dot 2003 Cherry","21848","DKK","","exact","exact","94","'ES-335 Dot' with year and colour","","true","","https://reverb.com/item/99190216-gibson-es-335-dot-2003-cherry"
"8f09f677-9c51-475d-9bc6-f5e6b6f85ca4","roland-re-201","[SALE Ends Mar 3] Roland SRE-555 RE-501 Chorus Echo Flagship 4-Heads RE-201 Tape Delay Spring Reverb CE-1 Chorus","14250","DKK","","wrong","wrong","80","item offered is SRE-555/RE-501 Chorus Echo; RE-201 only referenced","roland-re-501","false","admin_rejected","https://reverb.com/item/94195894-sale-ends-mar-3-roland-sre-555-re-501-chorus-echo-flagship-4-heads-re-201-tape-delay-spring-reverb-ce-1-chorus"
"8fd82dbf-6764-4160-b611-a9afe787390b","gibson-les-paul-studio","Gibson Les Paul Studio","5000","DKK","","exact","exact","90","'Gibson Les Paul Studio' exact name","","true","","https://www.dba.dk/recommerce/forsale/item/24463012"
"8ff65f4c-b325-4970-9bda-882c650d75a8","gibson-es-335-dot","Gibson ES-335 Dot 1991 - 2014 - Figured Vintage Sunburst","21583","DKK","","exact","exact","92","'ES-335 Dot' figured sunburst","","true","","https://reverb.com/item/95095600-gibson-es-335-dot-1991-2014-figured-vintage-sunburst"
"8ffc973b-4d34-42e2-8227-56096030d2b3","fender-american-professional-ii-stratocaster","Fender American Professional II Stratocaster HSS - Roasted Pine w/Maple","12893","DKK","","exact","exact","90","'American Professional II Stratocaster HSS' pickup config variant","","true","","https://reverb.com/item/78348464-fender-american-professional-ii-stratocaster-hss-roasted-pine-w-maple"
"9001e7c2-3859-4a14-b15c-ae50b1ea1bf6","korg-ms-20","Korg MS-20 Mini Semi-Modular Analog Synthesizer, great condition, 2020","2927","DKK","","wrong","wrong","95","'MS-20 Mini' is a different product from the MS-20","","false","admin_rejected","https://reverb.com/item/101756998-korg-ms-20-mini-semi-modular-analog-synthesizer-great-condition-2020"
"901bece6-fd53-47a5-944c-100da87b01d4","gibson-es-335-dot","Gibson ES-335 Dot 2011 - PLEK'd - Figured Triburst","19616","DKK","","exact","exact","92","'ES-335 Dot' with setup note and finish","","true","","https://reverb.com/item/99950208-gibson-es-335-dot-2011-plek-d-figured-triburst"
"904813c2-c8a3-4383-8d14-fc7f2b5a2522","gibson-les-paul-studio","Gibson Les Paul Studio Session Electric Guitar with Softshell Case - Translucent Ebony Burst","13125","DKK","","abstain","skipped","55","'Les Paul Studio Session' names a sub-model at a different tier","","","","https://reverb.com/item/91187427-gibson-les-paul-studio-session-electric-guitar-with-softshell-case-translucent-ebony-burst"
"9081c921-d8cf-4a3c-ab01-05f260878d80","manley-voxbox","Manley Labs VOXBOX All Tube Channel Strip. Vox Box. MINT 2025!","26092","DKK","","exact","exact","94","'Manley Labs VOXBOX' channel strip","","true","","https://reverb.com/item/101812547-manley-labs-voxbox-all-tube-channel-strip-vox-box-mint-2025"
"9098e362-3767-4740-81d2-3668445b6217","martin-d-28","Martin D-28 Ambertone 2025 Spec (805)","24135","DKK","","exact","exact","90","'Martin D-28' with finish/spec year","","true","","https://reverb.com/item/93514486-martin-d-28-ambertone-2025-spec-805"
"9098fb5f-1842-43cb-a5b9-40d51fc9c40c","roland-tr-707","Roland TR-707 Rhythm Composer 1985 - White","3881","DKK","","exact","exact","95","'TR-707 Rhythm Composer' named exactly","","true","","https://reverb.com/item/101986656-roland-tr-707-rhythm-composer-1985-white"
"910b2b0e-ce1b-47a7-9ada-ab44f66ec756","moog-source","Moog Source Monophonic Analog Synthesizer with Patch Memory 1981 - 1985 - Blue","11487","DKK","","exact","exact","92","'Moog Source' monophonic synth","","true","","https://reverb.com/item/100437448-moog-source-monophonic-analog-synthesizer-with-patch-memory-1981-1985-blue"
"912bbe2d-9a88-4d9d-8cb3-62f96324b674","gibson-hummingbird","Gibson Hummingbird Studio Rosewood - Satin Rosewood Burst","12857","DKK","","abstain","skipped","60","'Hummingbird Studio Rosewood' is a distinct lower-tier sub-model","","","","https://reverb.com/item/101147708-gibson-hummingbird-studio-rosewood-satin-rosewood-burst"
"916f9b5b-fc84-4951-9737-1fc75bed84da","gibson-hummingbird","Gibson Custom Historic 1960 Hummingbird Murphy Lab Heavy Aged (#054)","52921","DKK","","abstain","skipped","65","'Custom Historic 1960 ... Murphy Lab' Custom Shop tier","","","","https://reverb.com/item/93137659-gibson-custom-historic-1960-hummingbird-murphy-lab-heavy-aged-054"
"917a04cf-9a74-4462-897b-fe61cd42d536","gibson-es-335-dot","Gibson Memphis ES-335 Dot P-90 2019 - Sunburst","19569","DKK","","exact","exact","62","'ES-335 Dot P-90' Memphis-built variant","","true","","https://reverb.com/item/96913524-gibson-memphis-es-335-dot-p-90-2019-sunburst"
"91803972-89df-4458-9742-65fa93248097","rhodes-mark-i-stage-73","1976 Rhodes Mark I Stage 73 Electric Piano","29821","DKK","","exact","exact","93","'Rhodes Mark I Stage 73' named exactly","","true","","https://reverb.com/item/100621771-1976-rhodes-mark-i-stage-73-electric-piano"
"9186a3b0-05d4-475c-98df-209f6a13e399","gibson-j-45","Gibson Custom Shop 1942 Banner J-45 Heavy Aged - Vintage Sunburst #5016","48315","DKK","","abstain","skipped","65","'Custom Shop 1942 Banner J-45 Heavy Aged' is a Custom Shop tier build","","","","https://reverb.com/item/92078159-gibson-custom-shop-1942-banner-j-45-heavy-aged-vintage-sunburst-5016"
"9193e773-2f65-478b-b05c-e30b1da179b8","neumann-u87ai","Neumann U 87 Ai Studio Set 2010 - Present - Nickel","11577","DKK","","exact","exact","85","'U 87 Ai Studio Set' is the mic bundled with mount/case","","true","","https://reverb.com/item/100672164-neumann-u-87-ai-studio-set-2010-present-nickel"
"9195fa3a-6ecf-4094-9f19-3ba2a634be63","roland-tr-707","Roland • HKA Expanded /// TR-707 Rhythm Composer (1985)","6158","DKK","","exact","exact","88","TR-707 Rhythm Composer with reversible expansion mod","","true","","https://reverb.com/item/95050336-roland-hka-expanded-tr-707-rhythm-composer-1985"
"919c768c-5c4f-400d-9374-b746dd92f845","roland-juno-106","[SERVICED] Roland HS-60 Juno 106 61-Key Programmable Polyphonic Synthesizer 1985 - 1989 - Gray","13046","DKK","","abstain","skipped","55","titled HS-60, the Juno-106 variant sold under a different model name","","","","https://reverb.com/item/101471678-serviced-roland-hs-60-juno-106-61-key-programmable-polyphonic-synthesizer-1985-1989-gray"
"920bbd9d-527e-4f8c-99eb-853eeef164dd","gibson-es-335-dot","Gibson ES-335 Dot 2008 - Figured Lightburst","22690","DKK","","exact","exact","93","'ES-335 Dot' with finish and year only","","true","","https://reverb.com/item/99222281-gibson-es-335-dot-2008-figured-lightburst"
"92470793-e92a-4cc3-b785-56e7c7082b37","gibson-les-paul-custom","Gibson les paul custom shop R7 VOS 2012","30225","SEK","","abstain","skipped","60","'custom shop R7' reissue tier, ambiguous vs Les Paul Custom","","","","https://www.blocket.se/recommerce/forsale/item/26717524"
"9261e8ff-100e-46f9-9495-410f06e6b69b","gibson-hummingbird","Gibson Modern Hummingbird Standard Vintage Sunburst (Serial #21886101)","26085","DKK","","exact","exact","85","Hummingbird Standard with finish and serial","","true","","https://reverb.com/item/101627836-gibson-modern-hummingbird-standard-vintage-sunburst-serial-21886101"
"9273142b-a56f-4399-a32a-402fcb3a861e","korg-ms-20","Korg MS-20 Mini Semi-Modular Analog Synthesizer","2459","DKK","","wrong","wrong","92","'MS-20 Mini' is a distinct later model","","false","admin_rejected","https://reverb.com/item/101801540-korg-ms-20-mini-semi-modular-analog-synthesizer"
"9279ef04-597c-49b5-935e-c2a6c5942858","gibson-les-paul-custom","2025 Gibson Les Paul Custom Shop VOS 1958 Reissue R8 - Dirty Lemon Burst 3.9kg BNWT","30955","DKK","","wrong","wrong","72","'1958 Reissue R8' Custom Shop Standard, not a Les Paul Custom","","false","admin_rejected","https://reverb.com/item/99364798-2025-gibson-les-paul-custom-shop-vos-1958-reissue-r8-dirty-lemon-burst-3-9kg-bnwt"
"92dc23fa-1fe8-4483-84a1-a0120049e33d","gibson-les-paul-studio","Gibson Les Paul Studio 1999 - Ebony","9364","DKK","","exact","exact","93","'Les Paul Studio' with year and Ebony finish","","true","","https://reverb.com/item/100911189-gibson-les-paul-studio-1999-ebony"
"933596ae-2060-482f-be71-df185b105091","gibson-j-45","2024 Gibson J-45 Standard 12-String Acoustic Guitar Vintage Sunburst","22543","DKK","","wrong","wrong","63","'J-45 Standard 12-String' is a different instrument configuration","","false","admin_rejected","https://reverb.com/item/83999769-2024-gibson-j-45-standard-12-string-acoustic-guitar-vintage-sunburst"
"93408e6e-e5e9-4cb6-b499-200c1904a6d5","emu-sp-1200","E-MU Systems SP-1200 (SSM2044) - Revised + Jazzcat Updates","87792","DKK","","exact","exact","88","SP-1200 with service/update mods","","true","","https://reverb.com/item/92522688-e-mu-systems-sp-1200-ssm2044-revised-jazzcat-updates"
"934f2256-48b2-4580-ad2d-e2bce2ee2484","fender-american-professional-ii-stratocaster","Fender American Professional II Stratocaster HH Mahagony Geplekt!","","EUR","","exact","exact","82","'American Professional II Stratocaster' HH variant","","true","","https://www.kleinanzeigen.de/s-anzeige/fender-american-professional-ii-stratocaster-hh-mahagony-geplekt-/3511213935-74-9026"
"9369d3c5-0bfd-4401-924c-44f48b481c18","gibson-les-paul-custom","Gibson Les Paul Custom 70th 2025 Black Beauty","","EUR","","exact","exact","78","'Les Paul Custom' Black Beauty anniversary edition","","true","","https://www.kleinanzeigen.de/s-anzeige/gibson-les-paul-custom-70th-2025-black-beauty/3505734458-74-496"
"93f29c14-703e-4e87-a204-bb2c1f8ef647","sequential-prophet-10","Sequential Prophet-10 Module 10-Voice Polyphonic Analog Synthesizer - Brand New","20221","DKK","","wrong","wrong","72","'Prophet-10 Module' desktop unit, not the keyboard","","false","admin_rejected","https://reverb.com/item/101866206-sequential-prophet-10-module-10-voice-polyphonic-analog-synthesizer-brand-new"
"93f4d587-d349-4963-bb09-1d39e0220b75","gibson-les-paul-custom","Gibson Les Paul Custom från 1978","44847","SEK","","exact","exact","90","'Les Paul Custom' with year only","","true","","https://www.blocket.se/recommerce/forsale/item/26519738"
"94447d34-df4e-49d1-b10f-4f80fd13d6ec","gibson-les-paul-special","Gibson Les Paul Special - TV (#263)","10484","DKK","","exact","exact","80","'Les Paul Special' with TV finish","","true","","https://reverb.com/item/101472571-gibson-les-paul-special-tv-263"
"94464ddb-2f8c-4cb4-b1f6-f9200ab733cf","fender-american-professional-ii-stratocaster","Fender American Professional II Stratocaster Dark Knight + Koffer","","EUR","","exact","exact","92","American Professional II Stratocaster with case","","true","","https://www.kleinanzeigen.de/s-anzeige/fender-american-professional-ii-stratocaster-dark-knight-koffer/3510257003-74-8797"
"9457b1cf-2ae3-4357-8547-b0737345673a","fender-american-professional-ii-stratocaster","2021 Fender American Professional II Stratocaster","11100","NOK","","exact","exact","94","exact model name with year","","true","","https://www.finn.no/recommerce/forsale/item/475267683"
"9467dc95-53f8-45fa-ae81-9ac4205ba1bc","gibson-les-paul-studio","Gibson Les Paul Studio Tobacco Burst # G05950342","8780","DKK","","exact","exact","92","'Les Paul Studio' with finish and serial","","true","","https://reverb.com/item/97524263-gibson-les-paul-studio-tobacco-burst-g05950342"
"9469a863-d45f-4fa2-ba14-9d07de49a656","gibson-j-45","Gibson J-45 Standard 2020 - Present - Vintage Sunburst","15473","DKK","","exact","exact","91","'J-45 Standard' with finish","","true","","https://reverb.com/item/101509277-gibson-j-45-standard-2020-present-vintage-sunburst"
"9489307f-98d0-43d3-8dca-fcc8d5a67139","roland-juno-106","roland juno 106","","EUR","","exact","exact","85","'roland juno 106' plain model name","","true","","https://www.kleinanzeigen.de/s-anzeige/roland-juno-106/3508668122-74-5935"
"94c52c49-814d-436c-81ad-a8a58da6b4f1","fender-american-professional-ii-stratocaster","Fender American Professional II Stratocaster Left Hand   Olympic White","12228","DKK","","exact","exact","92","exact model name, left-handed variant","","true","","https://reverb.com/item/39808860-fender-american-professional-ii-stratocaster-left-hand-olympic-white"
"94e2e713-37d5-4337-a658-359f7d1c1d1b","gibson-es-335-dot","Gibson ES-335 Dot 1991 - 2014 - Cherry","16308","DKK","","exact","exact","93","'ES-335 Dot' with year range and Cherry finish","","true","","https://reverb.com/item/99811871-gibson-es-335-dot-1991-2014-cherry"
"95504541-179a-4410-a0d9-a2fb9b8c1d81","roland-juno-106","Roland Juno-106 61-Key Programmable Polyphonic Synthesizer (Full service / Warranty)","20233","DKK","","exact","exact","93","'Juno-106' serviced unit","","true","","https://reverb.com/item/101046690-roland-juno-106-61-key-programmable-polyphonic-synthesizer-full-service-warranty"
"9571895a-1645-42de-8f76-17c34b4eab59","roland-tr-909","Roland TR-909 Original, Serviced","","EUR","","exact","exact","94","'TR-909 Original, Serviced'","","true","","https://www.kleinanzeigen.de/s-anzeige/roland-tr-909-original-serviced/3479489671-74-4554"
"95821995-d282-4712-845c-478adedcaa29","fender-american-vintage-52-telecaster","Fender American Vintage '52 Telecaster 1990s - Butterscotch Blonde","11741","DKK","","exact","exact","92","'American Vintage '52 Telecaster' with finish","","true","","https://reverb.com/item/93371842-fender-american-vintage-52-telecaster-1990s-butterscotch-blonde"
"958db42c-ba40-4f27-943d-2862ee70b6e9","manley-voxbox","Manley Labs VOXBOX Tube Channel Strip 2010s - Purple","21682","DKK","","exact","exact","95","'Manley Labs VOXBOX Tube Channel Strip' names the exact unit","","true","","https://reverb.com/item/100434961-manley-labs-voxbox-tube-channel-strip-2010s-purple"
"959cbe49-1478-4671-96d5-00542eb2e613","gibson-hummingbird","Gibson Hummingbird Original Acoustic-Electric - Heritage Cherry Sunburst","25720","DKK","","exact","exact","88","'Gibson Hummingbird Original' current-line Hummingbird, finish only","","true","","https://reverb.com/item/100780239-gibson-hummingbird-original-acoustic-electric-heritage-cherry-sunburst"
"959d8394-7605-4833-97fd-e5ddaadd189f","gibson-les-paul-special","1979 Gibson - Les Paul Special DC - ID 6063","","EUR","","exact","exact","66","'Gibson Les Paul Special DC' - Special line, double-cut body variant","","true","","https://www.kleinanzeigen.de/s-anzeige/1979-gibson-les-paul-special-dc-id-6063/3507868887-74-6316"
"95b0d10d-8747-4c91-9b14-c52d446bcb40","yamaha-dx7","Yamaha Dx7,,Softcase.+Hc 701 Card 15000 ,+,Ser-7,,+OLED Display","1863","EUR","","exact","exact","88","'Yamaha Dx7' unit sold with softcase, card and OLED display mod","","true","","https://www.kleinanzeigen.de/s-anzeige/yamaha-dx7-softcase-hc-701-card-15000-ser-7-oled-display/3482047252-74-6893"
"95cb2a69-5daa-413a-b6db-a29206fa90fa","roland-jupiter-4","Roland Jupiter 4 Vintage Analog Synthesizer w MIDI + BA662 Filters (✅ Serviced!)","40408","DKK","","exact","exact","92","'Roland Jupiter 4' with MIDI mod and service history","","true","","https://reverb.com/item/100789813-roland-jupiter-4-vintage-analog-synthesizer-w-midi-ba662-filters-serviced"
"95cb37c5-bc85-4bb7-9875-038d1e114540","gibson-les-paul-special","2026 Gibson Les Paul Special TV Yellow w/OHSC","10335","DKK","","exact","exact","92","'Gibson Les Paul Special TV Yellow w/OHSC' - model plus case","","true","","https://reverb.com/item/101343968-2026-gibson-les-paul-special-tv-yellow-w-ohsc"
"95db878e-80f1-42dc-84ff-bd63468d5a73","gibson-hummingbird","Gibson Hummingbird Original - Antique Natural","25880","DKK","","exact","exact","88","'Gibson Hummingbird Original' with finish name only","","true","","https://reverb.com/item/101347862-gibson-hummingbird-original-antique-natural"
"95fd6bc7-a300-4d36-8f1f-8160ffa1c13f","fender-telecaster-custom","Fender Telecaster Custom Classic NOS Fiesta Red USATO","24984","DKK","","abstain","skipped","60","'Classic NOS' indicates a Custom Shop Time Machine tier not represented","","","","https://reverb.com/item/101260262-fender-telecaster-custom-classic-nos-fiesta-red-usato"
"961933b7-e2fc-4783-8ec6-beb6dd3beb81","gibson-les-paul-studio","Gibson Les Paul Studio Deluxe II 2012 - Pelham Blue RARE CLOSET FIND","7916","DKK","","abstain","skipped","58","'Les Paul Studio Deluxe II' is a named sub-model of uncertain identity","","","","https://reverb.com/item/101300756-gibson-les-paul-studio-deluxe-ii-2012-pelham-blue-rare-closet-find"
"962875d8-765b-4e14-92aa-0b0c99edb34e","moog-source","Moog THE SOURCE cover (special edition)","664","DKK","part_or_accessory:cover","accessory","accessory","95","'cover' for the Moog Source, not the synth","","false","admin_rejected","https://reverb.com/item/99574522-moog-the-source-cover-special-edition"
"9644807b-8dcb-435c-9096-541f4797f959","roland-re-201","Roland RE-201 Space Echo Vintage Tape-Echo machine","10763","DKK","","exact","exact","95","'Roland RE-201 Space Echo' tape echo machine","","true","","https://reverb.com/item/100948867-roland-re-201-space-echo-vintage-tape-echo-machine"
"96c789ee-c4d0-495d-9800-3f48133b50a8","gibson-es-335-dot","Gibson ES-335 DOT Natural  1987 Natural Blond","39048","DKK","","exact","exact","90","'Gibson ES-335 DOT' with year and finish only","","true","","https://reverb.com/item/36549123-gibson-es-335-dot-natural-1987-natural-blond"
"96c820ae-dcba-4605-9f79-bb70fe576883","gibson-j-45","Gibson Custom Shop 1942 Banner Murphy Lab J-45 Light Aged - Vintage Sunburst #86005","41469","DKK","","abstain","skipped","65","'Custom Shop ... Murphy Lab 1942 Banner J-45' is a different tier build","","","","https://reverb.com/item/95747082-gibson-custom-shop-1942-banner-murphy-lab-j-45-light-aged-vintage-sunburst-86005"
"96cf73f8-5647-424b-bccc-c4cc94029620","gibson-les-paul-studio","Gibson les paul studio med Marshall stärkare","11050","SEK","","exact","exact","72","'Gibson les paul studio' sold together with an amp","","true","","https://www.blocket.se/recommerce/forsale/item/25667854"
"96de834e-de7a-4356-ac04-2450a24f7c0a","roland-re-201","Roland RE-201 Space Echo Tape Delay / Reverb 1974 - 1988 - Black","11839","DKK","","exact","exact","95","'Roland RE-201 Space Echo Tape Delay / Reverb'","","true","","https://reverb.com/item/101561842-roland-re-201-space-echo-tape-delay-reverb-1974-1988-black"
"96e006f5-ca5d-4499-a93c-fb9a3810fdfb","neumann-u87ai","Neumann U 87 Ai Set Z with Shockmount - early 90's","12509","DKK","","exact","exact","92","'Neumann U 87 Ai Set Z' mic with shockmount included","","true","","https://reverb.com/item/100749915-neumann-u-87-ai-set-z-with-shockmount-early-90-s"
"9702cc65-90e5-4a56-9109-30fb650562b6","roland-system-100","Roland System 100 Model 101 37-Key Synthesizer 1975 - 1979 - Black","14670","DKK","","abstain","skipped","58","'System 100 Model 101' single component vs complete system row","","","","https://reverb.com/item/101148401-roland-system-100-model-101-37-key-synthesizer-1975-1979-black"
"97365843-50e0-4e2d-ad55-dcec77c7cf81","emu-sp-1200","E-MU Systems SP-1200 8-Voice Drum Sampler 1987 - 1996 - Black","41373","DKK","","exact","exact","94","'E-MU Systems SP-1200' drum sampler","","true","","https://reverb.com/item/100938390-e-mu-systems-sp-1200-8-voice-drum-sampler-1987-1996-black"
"974f57bb-e10f-4b65-9476-702a59dca763","gibson-les-paul-studio","Gibson Les Paul Studio Double Trouble - Cherry Sunburst","8662","DKK","","abstain","skipped","55","'Les Paul Studio Double Trouble' names an unclear sub-model","","","","https://reverb.com/item/98822113-gibson-les-paul-studio-double-trouble-cherry-sunburst"
"976cc57a-9d1c-4630-a8bc-444b818f82a0","moog-minimoog","Limited Wood MOOG MINIMOOG VOYAGER XL SYNTHESIZER 61 Key Keyboard / NEW //ARMENS.","84799","DKK","","wrong","wrong","85","'Minimoog Voyager XL' is a distinct model, not the Minimoog","","false","admin_rejected","https://reverb.com/item/53954484-limited-wood-moog-minimoog-voyager-xl-synthesizer-61-key-keyboard-new-armens"
"977a31c6-f250-473a-8e78-806e1b1c3729","roland-juno-60","Roland Juno-60 61-Key vintage Polyphonic Synthesizer","11722","DKK","","exact","exact","93","'Roland Juno-60 61-Key Polyphonic Synthesizer'","","true","","https://reverb.com/item/102044832-roland-juno-60-61-key-vintage-polyphonic-synthesizer"
"9782abe9-1dd7-4385-92af-514d1d1e125d","wurlitzer-200a","Original Vintage 1970s Wurlitzer Chrome Music Stand Rack 200 Series 200A 206","1468","DKK","","accessory","accessory","95","'Chrome Music Stand Rack' part for 200A, not the piano","","false","admin_rejected","https://reverb.com/item/100714912-original-vintage-1970s-wurlitzer-chrome-music-stand-rack-200-series-200a-206"
"97a592ed-4bb9-40cc-be73-82272575dd88","roland-juno-106","Roland Juno-106","10927","DKK","","exact","exact","92","title is exactly 'Roland Juno-106'","","true","","https://reverb.com/item/100813078-roland-juno-106"
"97d7179c-56ab-4ce5-af5b-d65048e44640","moog-minimoog","Moog Minimoog Model D Reissue 44-Key Monophonic Synthesizer (2022) 2022 - Present Black / Wood","27856","DKK","","wrong","wrong","68","'Model D Reissue (2022)' matches the Moog Model D sibling row","moog-model-d","false","admin_rejected","https://reverb.com/item/94124067-moog-minimoog-model-d-reissue-44-key-monophonic-synthesizer-2022-2022-present-black-wood"
"97f9be12-d5a0-431c-af3a-3a3dd55fc76a","korg-ms-20","Korg MS-20 Mini Synthesizer","","EUR","","wrong","wrong","92","'MS-20 Mini' is a different product from the MS-20","","false","admin_rejected","https://www.kleinanzeigen.de/s-anzeige/korg-ms-20-mini-synthesizer/3508771235-74-38"
"97fa2f0f-aa7b-4985-a34a-4c8e8c8ed5d3","fender-american-professional-ii-stratocaster","Fender American Professional II Stratocaster 3-Color Sunburst Maple Fingerboard (139)","12002","DKK","","exact","exact","95","'American Professional II Stratocaster' named; finish/fingerboard irrelevant","","true","","https://reverb.com/item/91913499-fender-american-professional-ii-stratocaster-3-color-sunburst-maple-fingerboard-139"
"9828a252-e025-49bd-9cea-3b05a78797ef","roland-juno-60","Roland Juno-60 – MIDI nachgerüstet – voll funktionsfähig","22343","EUR","","exact","exact","92","'Juno-60' with reversible MIDI retrofit","","true","","https://www.kleinanzeigen.de/s-anzeige/roland-juno-60-midi-nachgeruestet-voll-funktionsfaehig/3505025017-74-23308"
"986a3b96-8a17-4e27-9143-131efdf1fc82","gibson-es-335-dot","Gibson ES-335 Dot 1992 Vintage Sunburst","22679","DKK","","exact","exact","93","'ES-335 Dot' named, year/finish only","","true","","https://reverb.com/item/82169667-gibson-es-335-dot-1992-vintage-sunburst"
"9889b2c8-c952-4dc1-a999-fbaa6d8ff574","gibson-j-45","Gibson J-45 Standard 2020 - Present - Vintage Sunburst","13541","DKK","","exact","exact","90","'J-45 Standard' is the standard J-45","","true","","https://reverb.com/item/100787827-gibson-j-45-standard-2020-present-vintage-sunburst"
"98ec0481-7208-4a20-87f0-0bc05a929c18","fender-telecaster-thinline","Fender Vintera II 60's Telecaster Thinline - 3 Color Sunburst","8936","DKK","","abstain","skipped","60","'Vintera II 60's' names a distinct line tier of Telecaster Thinline","","","","https://reverb.com/item/88962967-fender-vintera-ii-60-s-telecaster-thinline-3-color-sunburst"
"98efa3c1-7e72-40a5-ae26-7a2f305f47f5","korg-polysix","Korg PolySix 1980s - Navy Blue","8336","DKK","","exact","exact","94","'Korg PolySix' named","","true","","https://reverb.com/item/100912098-korg-polysix-1980s-navy-blue"
"993f22b5-d60d-4b61-9dc9-44de83aaf244","gibson-les-paul-custom","Gibson Les Paul Custom Ebony 2009","","EUR","","exact","exact","92","'Les Paul Custom' with year/finish only","","true","","https://www.kleinanzeigen.de/s-anzeige/gibson-les-paul-custom-ebony-2009/3500642508-74-9404"
"99b23cdc-3086-4a6e-a755-022c5c264327","gibson-les-paul-studio","Gibson Les Paul Studio Left -handed Heritage Cherry Sunburst","8662","DKK","","exact","exact","92","'Les Paul Studio', handedness irrelevant","","true","","https://reverb.com/item/98822176-gibson-les-paul-studio-left-handed-heritage-cherry-sunburst"
"99d19b0f-dcd2-49fa-8ad9-0fb4b9641c32","gibson-les-paul-custom","Gibson Custom Shop &#039;54 Reissue Les Paul Custom - TV-Yellow (2022)","44693","EUR","","abstain","skipped","62","'Custom Shop '54 Reissue' is a different market tier than factory Les Paul Custom","","","","https://www.kleinanzeigen.de/s-anzeige/gibson-custom-shop-54-reissue-les-paul-custom-tv-yellow-2022-/3498351788-74-3545"
"9a03f8b7-da05-40b0-bd9c-fdeeef16f4fe","gibson-les-paul-custom","Gibson Les Paul Custom Shop 1959 Southern Rock Tribute '59 R9 Aged & Signed only 50 - Reverseburst","130502","DKK","","wrong","wrong","72","'1959 ... R9' reissue is a Les Paul Standard-type, not a Les Paul Custom","","false","admin_rejected","https://reverb.com/item/89046445-gibson-les-paul-custom-shop-1959-southern-rock-tribute-59-r9-aged-signed-only-50-reverseburst"
"9a4f9860-0fa1-46d1-b636-c62e6429ef94","roland-jupiter-4","Roland Jupiter 4 49-Key Synthesizer 1978 - 1982 - Black","46781","DKK","","exact","exact","93","'Jupiter 4 49-Key Synthesizer'","","true","","https://reverb.com/item/93145095-roland-jupiter-4-49-key-synthesizer-1978-1982-black"
"9a7123b0-6740-4871-b327-ba30eea1f6e9","fender-american-vintage-52-telecaster","Fender American Vintage '52 Telecaster 2004 - Butterscotch Blonde","12021","DKK","","exact","exact","94","'American Vintage '52 Telecaster' named exactly","","true","","https://reverb.com/item/101949072-fender-american-vintage-52-telecaster-2004-butterscotch-blonde"
"9a8c391a-1717-4a16-b617-3f8af40d7baf","sequential-prophet-10","SEQUENTIAL PROPHET-10 Synthétiseur analogique polyphonique 10 voix / Version clavier / Prophet","29488","DKK","","exact","exact","90","'PROPHET-10 ... 10 voix / Version clavier'","","true","","https://reverb.com/item/92971867-sequential-prophet-10-synthetiseur-analogique-polyphonique-10-voix-version-clavier-prophet"
"9ab0c2dc-783d-4d75-9a52-6bfc6f64510c","gibson-es-335-dot","Gibson ES-335 Dot 2000 - Cherry","21328","DKK","","exact","exact","93","'ES-335 Dot' with year/finish","","true","","https://reverb.com/item/96985549-gibson-es-335-dot-2000-cherry"
"9ac63b9d-601a-4c90-9880-f43fd4436fff","gibson-j-45","Gibson J-45 Century 12-Fret Vintage Sunburst w/case","15649","DKK","","abstain","skipped","58","'J-45 Century 12-Fret' is a distinct named sub-model","","","","https://reverb.com/item/100784608-gibson-j-45-century-12-fret-vintage-sunburst-w-case"
"9acdc1a0-c409-4451-a81e-b50c24bb6dc5","moog-minimoog","Moog MiniMoog Voyager Electric Blue Edition 44-Key Monophonic Synthesizer 2006 - 2015 - Black Cabinet","26243","DKK","","wrong","wrong","85","'Minimoog Voyager Electric Blue Edition' is not the original Minimoog","","false","admin_rejected","https://reverb.com/item/98013461-moog-minimoog-voyager-electric-blue-edition-44-key-monophonic-synthesizer-2006-2015-black-cabinet"
"9ada735e-838c-4a3e-99b4-1385facab63e","yamaha-dx7","Yamaha DX7 IID Synthesizer - Top Zustand","","EUR","","wrong","wrong","70","'DX7 IID' is a distinct later model, not the DX7","","false","admin_rejected","https://www.kleinanzeigen.de/s-anzeige/yamaha-dx7-iid-synthesizer-top-zustand/3471070893-74-28106"
"9af79953-a77a-46ae-a8a8-c9f0037c0c97","gibson-les-paul-custom","TAUSCH Gibson Les Paul Custom VS ESP Eclipse, Explorer, Flying V","","EUR","","wanted_ad","wanted_ad","65","'TAUSCH ... VS ESP Eclipse' is a trade/swap request, not a sale","","false","admin_rejected","https://www.kleinanzeigen.de/s-anzeige/tausch-gibson-les-paul-custom-vs-esp-eclipse-explorer-flying-v/3511944735-74-8047"
"9b5a5ed7-a885-46b7-ac74-5a5a8a33cf16","neumann-u87ai","Neumann U 87 Ai mt Large Diaphragm Multipattern Condenser Microphone 1995 Matte Black","11929","DKK","","exact","exact","94","'U 87 Ai' condenser microphone","","true","","https://reverb.com/item/101580766-neumann-u-87-ai-mt-large-diaphragm-multipattern-condenser-microphone-1995-matte-black"
"9b972fcc-5119-4fec-a75b-33546742e02e","tube-tech-cl1b","Tube-Tech CL 1B Mono Opto Compressor 2010s - Blue","12900","DKK","","exact","exact","94","'Tube-Tech CL 1B' compressor","","true","","https://reverb.com/item/94746497-tube-tech-cl-1b-mono-opto-compressor-2010s-blue"
"9b9ff3c1-b9c3-480c-907a-d165a5c62afc","gibson-les-paul-studio","Gibson Les Paul Studio Session","6175","SEK","","abstain","skipped","55","'Les Paul Studio Session' names a variant, unclear tier","","","","https://www.blocket.se/recommerce/forsale/item/26034423"
"9bb6702c-3473-462f-bf1a-d96fe9114ab2","fender-american-professional-ii-stratocaster","Fender American Professional II Stratocaster – 3 Color Sunburst w/Maple","12002","DKK","","exact","exact","95","'American Professional II Stratocaster' named","","true","","https://reverb.com/item/75632302-fender-american-professional-ii-stratocaster-3-color-sunburst-w-maple"
"9bc00706-baa9-4276-aa02-18cb459ebe1a","gibson-es-335-dot","Gibson ES-335 Dot Reissue 1995 - Vintage Sunburst","20115","EUR","","exact","exact","85","'ES-335 Dot Reissue' is the Dot model","","true","","https://www.kleinanzeigen.de/s-anzeige/gibson-es-335-dot-reissue-1995-vintage-sunburst/3499376994-74-1734"
"9bdcb37d-3414-45b7-851d-20de65ea1e78","gibson-les-paul-custom","Gibson Ace Frehley Budokan 1974 Les Paul Custom Aged & Signed","","EUR","","abstain","skipped","62","'Ace Frehley Budokan ... Aged & Signed' is a Custom Shop signature tier","","","","https://www.kleinanzeigen.de/s-anzeige/gibson-ace-frehley-budokan-1974-les-paul-custom-aged-signed/2934006032-74-1396"
"9be1638f-59c5-4256-9a32-85ea23c0feac","gibson-es-335-dot","Gibson ES-335 Dot 1985 - Blond Natural","30332","DKK","","exact","exact","93","'ES-335 Dot' with year/finish only","","true","","https://reverb.com/item/101961327-gibson-es-335-dot-1985-blond-natural"
"9c1a3c5a-f4ae-4c0f-b35d-3a194e29090f","gibson-es-335-dot","2006 Gibson ES-335 Dot Satin Trans Black inkl. Koffer","","EUR","","exact","exact","92","'Gibson ES-335 Dot' with finish/year/case only","","true","","https://www.kleinanzeigen.de/s-anzeige/2006-gibson-es-335-dot-satin-trans-black-inkl-koffer/3487208538-74-17163"
"9c2cbb2d-db7c-4c91-9614-4a679f4383a6","roland-juno-106","Roland Juno 106","7200","NOK","","exact","exact","94","'Roland Juno 106' matches Juno-106","","true","","https://www.finn.no/recommerce/forsale/item/474321248"
"9c3a1da4-676c-492e-a7e1-cb8d86046bfd","yamaha-dx7","Yamaha TX816 TX216 Emulator Minidexed Dexed 8 DX7 instances Ships from USA, no tariffs","1879","DKK","","wrong","wrong","88","'TX816/TX216 Emulator Minidexed' device, not a DX7","","false","admin_rejected","https://reverb.com/item/91298971-yamaha-tx816-tx216-emulator-minidexed-dexed-8-dx7-instances-ships-from-usa-no-tariffs"
"9c5442d5-cc27-432e-8e4f-378e70d5c903","moog-minimoog","Moog Minimoog Model D Reissue 44-Key Monophonic Synthesizer (2022) - Cherry Finish","25879","DKK","","wrong","wrong","62","'Model D Reissue 2022' matches sibling Model D row","moog-model-d","false","admin_rejected","https://reverb.com/item/100277368-moog-minimoog-model-d-reissue-44-key-monophonic-synthesizer-2022-cherry-finish"
"9c77d918-617a-45bd-a07e-3998c16f8875","yamaha-dx7","Yamaha PLG150 DX expander board DX7","3353","EUR","","wrong","wrong","88","'PLG150 DX expander board' is a plug-in board, not the DX7","","false","admin_rejected","https://www.kleinanzeigen.de/s-anzeige/yamaha-plg150-dx-expander-board-dx7/3513816040-74-1125"
"9c943007-6d19-4157-8261-470ffb5158e7","korg-ms-20","Korg MS-20 Original Analog Mono Synth early model w/ patch cables","9000","NOK","","exact","exact","90","'Korg MS-20 Original early model', cables bundled","","true","","https://www.finn.no/recommerce/forsale/item/475817085"
"9c954661-7c7d-4ba6-8366-646f158545ec","yamaha-dx7","Yamaha DX7","3600","NOK","","exact","exact","93","'Yamaha DX7' exactly","","true","","https://www.finn.no/recommerce/forsale/item/476073062"
"9ca9172e-90cb-4977-b266-60c0d1766d70","gibson-les-paul-special","Gibson Les Paul Special Double Cutaway 2015","7593","DKK","","exact","exact","65","'Les Paul Special Double Cutaway' body variant of same model","","true","","https://reverb.com/item/101546994-gibson-les-paul-special-double-cutaway-2015"
"9cb15373-c70f-4cf1-8bc7-caf52cd7752c","gibson-les-paul-custom","Elguitar, Gibson Les Paul Custom","36500","DKK","","exact","exact","85","'Gibson Les Paul Custom' electric guitar","","true","","https://www.dba.dk/recommerce/forsale/item/735638"
"9cd01b60-d6b7-4671-8ac1-d5816cb28aa1","fender-american-vintage-52-telecaster","Fender American Vintage '52 Telecaster Butterscotch Blonde 2000s","13013","DKK","","exact","exact","93","'American Vintage '52 Telecaster' names the model","","true","","https://reverb.com/item/28047428-fender-american-vintage-52-telecaster-butterscotch-blonde-2000s"
"9cf45a78-8acf-4036-aa0e-7442ab1b82f1","gibson-j-45","Gibson J-45 Standard 2025 - Present - Heritage Cherry Sunburst","14502","DKK","","exact","exact","90","'Gibson J-45 Standard' with finish only","","true","","https://reverb.com/item/100529741-gibson-j-45-standard-2025-present-heritage-cherry-sunburst"
"9cfbe816-d28f-401f-a349-d5b57531d2ba","gibson-les-paul-custom","Gibson Les Paul Custom Classic 2011 Ebony","17400","NOK","","abstain","skipped","55","'Les Paul Custom Classic' is a Custom Shop sub-model tier","","","","https://www.finn.no/recommerce/forsale/item/474628294"
"9d0a1ce9-0554-40c6-ac2d-8401483d970f","fender-mustang-bass","Fender JMJ Road Worn Mustang Bass - Black","12067","DKK","","wrong","wrong","62","'JMJ Road Worn' signature Mustang Bass, distinct model","","false","admin_rejected","https://reverb.com/item/32738487-fender-jmj-road-worn-mustang-bass-black"
"9d115755-a8e9-4eb8-a0a3-38f864aff310","gibson-j-45","Gibson J-45 Standard Long Scale Vintage Sunburst #23075018","21876","DKK","","exact","exact","88","'Gibson J-45 Standard' with serial and finish","","true","","https://reverb.com/item/101577120-gibson-j-45-standard-long-scale-vintage-sunburst-23075018"
"9d75bee8-7cf6-4961-bbdd-57e4e37a2793","sequential-prophet-10","Sequential Prophet-10 Desktop 10-Voice Polyphonic Synthesizer Black with Cover !","19872","DKK","","abstain","skipped","55","'Prophet-10 Desktop' module form, not the keyboard","","","","https://reverb.com/item/94299722-sequential-prophet-10-desktop-10-voice-polyphonic-synthesizer-black-with-cover"
"9d8e94ba-c8c3-44f0-b3ab-6d969927e683","korg-polysix","Korg Polysix Analog Keyboard Synthesizer","14996","DKK","","exact","exact","93","'Korg Polysix Analog Keyboard Synthesizer'","","true","","https://reverb.com/item/101027004-korg-polysix-analog-keyboard-synthesizer"
"9db7f9fa-ff46-40ac-9614-11b7146b69a8","gibson-les-paul-studio","Gibson Les Paul Studio - Tobacco Burst","10430","DKK","","exact","exact","92","'Gibson Les Paul Studio' with finish only","","true","","https://reverb.com/item/91969883-gibson-les-paul-studio-tobacco-burst"
"9dd5abc4-dadd-463f-9a3f-7f76185f4584","gibson-les-paul-custom","Gibson Les Paul Custom Shop Yamano Limited Edition","38997","SEK","","abstain","skipped","60","'Custom Shop Yamano Limited Edition' different build tier","","","","https://www.blocket.se/recommerce/forsale/item/25824629"
"9e1b8426-05bb-42ae-b9e3-222a164f7287","fender-american-professional-ii-stratocaster","Fender American Professional II Stratocaster HSS Maple Fingerboard 3-Color Sunburst (149)","11987","DKK","","exact","exact","88","'American Professional II Stratocaster HSS' pickup/finish variant","","true","","https://reverb.com/item/64574751-fender-american-professional-ii-stratocaster-hss-maple-fingerboard-3-color-sunburst-149"
"9e6629df-91fb-4512-b2bc-2ca7a5ee2a74","yamaha-dx7","Yamaha PLG100-DX Vintage FM Synth Plug-In Board FM Synthesis DX7 sound","2508","DKK","","wrong","wrong","90","'PLG100-DX Plug-In Board' is not the DX7","","false","admin_rejected","https://reverb.com/item/97992813-yamaha-plg100-dx-vintage-fm-synth-plug-in-board-fm-synthesis-dx7-sound"
"9e952110-1c01-413e-b9c0-0e0a686db800","gibson-les-paul-studio","Gibson Les Paul Studio Electric Guitar Blueberry Burst","10430","DKK","","exact","exact","92","'Gibson Les Paul Studio' with finish","","true","","https://reverb.com/item/100748618-gibson-les-paul-studio-electric-guitar-blueberry-burst"
"9e977f4a-8351-40aa-821f-2a555e1298cf","roland-re-201","Roland RE-201 Space Echo Tape Delay / Reverb 1974 - 1988 - Black","9654","DKK","","exact","exact","94","'Roland RE-201 Space Echo'","","true","","https://reverb.com/item/101376069-roland-re-201-space-echo-tape-delay-reverb-1974-1988-black"
"9ed17799-3ec0-4928-bc49-9aabce69a06c","fender-american-professional-ii-stratocaster","Fender American Professional II Stratocaster Maple Fingerboard Olympic White (227)","12002","DKK","","exact","exact","92","'American Professional II Stratocaster' with finish","","true","","https://reverb.com/item/91952567-fender-american-professional-ii-stratocaster-maple-fingerboard-olympic-white-227"
"9f0a8ec0-14fb-4f02-8642-7ec713516459","gibson-les-paul-studio","Gibson Les Paul Studio - Wine Red - 2nd Hand (165892)","8506","DKK","","exact","exact","90","'Gibson Les Paul Studio' second hand, finish only","","true","","https://reverb.com/item/97866689-gibson-les-paul-studio-wine-red-2nd-hand-165892"
"9f1ba230-3769-4cac-9956-f0f654b1b331","gibson-es-335-dot","Gibson ES 335 DOT Figured Sunburst ES335 Flamed (Cod.811UG)  2014","27256","DKK","","exact","exact","88","'Gibson ES 335 DOT Figured' finish variant","","true","","https://reverb.com/item/56046573-gibson-es-335-dot-figured-sunburst-es335-flamed-cod-811ug-2014"
"9f478a73-5fb2-4cf1-968a-96d9563b1996","fender-telecaster-custom","Fender Telecaster Custom/thinline elgitarr/ Made in USA","11700","SEK","","abstain","skipped","70","title names both 'Custom' and 'thinline', siblings include Telecaster Thinline","","","","https://www.blocket.se/recommerce/forsale/item/26328632"
"9f6907d2-cd3d-4c89-af71-eb7f8a8d0717","gibson-les-paul-studio","Gibson Les Paul Studio, 1997,Wine Red / Gold, Top Zustand","","EUR","","exact","exact","93","'Gibson Les Paul Studio' with year/finish only","","true","","https://www.kleinanzeigen.de/s-anzeige/gibson-les-paul-studio-1997-wine-red-gold-top-zustand/3510382677-74-8325"
"9f75aca4-1572-4745-8f43-46e4f01308fc","sequential-prophet-5","Sequential Prophet-5 Module","16627","DKK","","wrong","wrong","72","'Module' desktop version, not the keyboard Prophet-5","","false","admin_rejected","https://reverb.com/item/92645493-sequential-prophet-5-module"
"9f930402-087d-49d0-83d2-d6ee373f9609","gibson-les-paul-special","Gibson Les Paul Special DC 2015","4875","SEK","","exact","exact","62","'Les Paul Special DC' is a body variant of the Special","","true","","https://www.blocket.se/recommerce/forsale/item/21766826"
"9f9b6b07-3553-44b6-b542-0aeff4b0547d","roland-tr-909","Roland TR-909 trommemaskin / rhythm composer","46800","NOK","","exact","exact","95","'Roland TR-909 rhythm composer'","","true","","https://www.finn.no/recommerce/forsale/item/476030245"
"9f9f843e-385f-470e-9439-41cc5b305583","korg-ms-20","Korg MS-20 mini neu ovp Synthesizer","","EUR","","wrong","wrong","92","'MS-20 mini' is a different product from MS-20","","false","admin_rejected","https://www.kleinanzeigen.de/s-anzeige/korg-ms-20-mini-neu-ovp-synthesizer/3509666080-74-1886"
"9ffa35ca-f414-40c3-b101-f32ac3eaffd2","sequential-prophet-10","Sequential Prophet 10 Tastiera","40869","DKK","","exact","exact","90","'Sequential Prophet 10' keyboard","","true","","https://reverb.com/item/101779614-sequential-prophet-10-tastiera"
"a0c3d79d-5940-4774-9d44-4b8cd12e05db","korg-ms-20","Korg MS-20 mini neu Synthesizer","","EUR","","wrong","wrong","92","'MS-20 mini' named","","false","admin_rejected","https://www.kleinanzeigen.de/s-anzeige/korg-ms-20-mini-neu-synthesizer/3509666080-74-1886"
"a0cc82c6-7826-44b0-99cd-3301595af45e","fender-american-professional-ii-stratocaster","Fender American Professional II Stratocaster 6-String Electric Guitar (Right-Hand, Miami Blue)","12002","DKK","","exact","exact","95","'American Professional II Stratocaster' with colour/handedness only","","true","","https://reverb.com/item/56831291-fender-american-professional-ii-stratocaster-6-string-electric-guitar-right-hand-miami-blue"
"a102ec08-8899-497c-9db7-37c4f10864a3","gibson-les-paul-special","Gibson Les Paul Special - TV (#006)","10479","DKK","","exact","exact","70","'Les Paul Special - TV' is a finish designation","","true","","https://reverb.com/item/96521207-gibson-les-paul-special-tv-006"
"a1598c52-ea19-47b9-ba46-ea21529556ae","roland-juno-106","Roland Juno-106 | Fully Serviced | Borish Voice Chips | Excellent Condition","16728","DKK","part_or_accessory:chips","exact","exact","88","complete Juno-106, serviced with replacement voice chips","","true","","https://reverb.com/item/99854695-roland-juno-106-fully-serviced-borish-voice-chips-excellent-condition"
"a16d7c2b-23e6-472e-a193-9e9167e867bc","korg-ms-20","Korg MS-20 Mini Sintetizzatore Analogico","4428","DKK","","wrong","wrong","92","'MS-20 Mini' named","","false","admin_rejected","https://reverb.com/item/83455409-korg-ms-20-mini-sintetizzatore-analogico"
"a191f0d7-be3f-45ce-aeec-0adc2d6fd81a","gibson-les-paul-studio","GIBSON LES PAUL STUDIO WORN BROWN - SUPER ZUSTAND","5580","EUR","","exact","exact","92","'Les Paul Studio Worn Brown' finish only","","true","","https://www.kleinanzeigen.de/s-anzeige/gibson-les-paul-studio-worn-brown-super-zustand-/3497865215-74-23711"
"a1c95095-fdb8-4b1c-b60d-1266d45f5d50","fender-american-professional-ii-stratocaster","Fender American Professional II Stratocaster HSS.","10985","SEK","","exact","exact","85","'American Professional II Stratocaster HSS' pickup config of same model","","true","","https://www.blocket.se/recommerce/forsale/item/26341362"
"a2040f98-afb0-4654-ac39-2276b07e22cc","yamaha-dx7","Yamaha DX7 with memory cards and BC1 Breath Controller","4232","DKK","","exact","exact","92","'Yamaha DX7 with' bundled cards and breath controller","","true","","https://reverb.com/item/99259046-yamaha-dx7-with-memory-cards-and-bc1-breath-controller"
"a238eb49-b282-490e-9df6-6c7bab9990a4","gibson-les-paul-studio","Gibson Les Paul Studio 2006 - Ebony","9350","DKK","","exact","exact","93","'Les Paul Studio 2006 - Ebony'","","true","","https://reverb.com/item/100911188-gibson-les-paul-studio-2006-ebony"
"a29b50b1-8363-4ace-aa9e-8c8714718669","fender-telecaster-custom","Fender Telecaster Custom","","EUR","","exact","exact","88","'Fender Telecaster Custom' exactly","","true","","https://www.kleinanzeigen.de/s-anzeige/fender-telecaster-custom/3513053327-74-3165"
"a2a69057-81eb-43c0-ab5c-0998c4e7b7bf","roland-juno-106","Roland Juno-106 61-Key Programmable Polyphonic Synthesizer 1984 - 1985 - Black","11839","DKK","","abstain","skipped","","no verdict returned","","","","https://reverb.com/item/100059613-roland-juno-106-61-key-programmable-polyphonic-synthesizer-1984-1985-black"
"a2c78c96-5b65-414e-ac8d-c9318a828547","fender-american-professional-ii-stratocaster","Fender American Professional II Stratocaster HSS (USA, 2022) – 3-Color Sunburst","12025","SEK","","exact","exact","88","'American Professional II Stratocaster HSS' with year/finish","","true","","https://www.blocket.se/recommerce/forsale/item/26564953"
"a2cd1134-6440-4cd8-a406-ed69afa6cf5b","gibson-les-paul-studio","Gibson Les Paul Studio Modern - Smokehouse Satin - 2nd Hand","9993","DKK","","abstain","skipped","55","'Les Paul Studio Modern' names a distinct sub-model","","","","https://reverb.com/item/101120614-gibson-les-paul-studio-modern-smokehouse-satin-2nd-hand"
"a2eefaf9-271a-4d82-8393-8b1955e20fd9","gibson-j-45","Gibson Custom 1955 J-45 Reissue Light Aged Vintage Sunburst - Vintage Sunburst","42946","DKK","","abstain","skipped","65","'Gibson Custom 1955 J-45 Reissue Light Aged' Custom Shop tier","","","","https://reverb.com/item/97531913-gibson-custom-1955-j-45-reissue-light-aged-vintage-sunburst-vintage-sunburst"
"a2f33d9d-244f-46df-b157-5444107217ac","fender-american-professional-ii-stratocaster","Fender American Professional II Stratocaster Dark Night Maple Fingerboard (089)","12002","DKK","","exact","exact","94","'American Professional II Stratocaster' colour and fingerboard only","","true","","https://reverb.com/item/91952388-fender-american-professional-ii-stratocaster-dark-night-maple-fingerboard-089"
"a2fece25-3043-4114-86f2-3c6e963c8564","gibson-es-335-dot","Gibson ES-335 Dot Left-Handed 1991 - 2014 - Vintage Sunburst","22778","DKK","","exact","exact","92","'ES-335 Dot' left-handed variant","","true","","https://reverb.com/item/97621456-gibson-es-335-dot-left-handed-1991-2014-vintage-sunburst"
"a300fd01-6d52-41a6-b26d-b5dc1ef0dc73","gibson-es-335-dot","Gibson ES-335 Dot Sunburst 2008","21545","DKK","","exact","exact","93","'Gibson ES-335 Dot Sunburst 2008'","","true","","https://reverb.com/item/99405105-gibson-es-335-dot-sunburst-2008"
"a37dca63-ab6c-4b86-89e9-4952e292c3df","roland-re-501","Roland RE-501 Chorus Echo","17182","DKK","","exact","exact","95","'Roland RE-501 Chorus Echo'","","true","","https://reverb.com/item/101846663-roland-re-501-chorus-echo"
"a3841545-e3f6-4e0d-a46a-8396c455dae1","moog-minimoog","Low Serial 2022 Moog Minimoog Model D Reissue Monophonic Analog Synthesizer","41330","DKK","","abstain","skipped","60","'Minimoog Model D Reissue' straddles candidate and sibling 'Moog Model D'","","","","https://reverb.com/item/100283162-low-serial-2022-moog-minimoog-model-d-reissue-monophonic-analog-synthesizer"
"a40b326e-5cc6-4db9-82e6-a68f79d094f0","roland-tr-606","Roland TR-606 cover","390","DKK","part_or_accessory:cover","accessory","accessory","96","'cover' sold alone","","false","admin_rejected","https://reverb.com/item/99574726-roland-tr-606-cover"
"a49ed5e3-234f-4180-8097-dc726a4568a7","moog-minimoog","Moog Minimoog Reissue 2022","31200","SEK","","abstain","skipped","58","'Minimoog Reissue 2022' could be sibling 'Moog Model D' reissue row","","","","https://www.blocket.se/recommerce/forsale/item/26618253"
"a4a799c3-d915-42dd-8836-d07b7bb2219e","yamaha-dx7","Yamaha DX7 (Serviced)","","EUR","","exact","exact","95","'Yamaha DX7', servicing irrelevant","","true","","https://www.kleinanzeigen.de/s-anzeige/yamaha-dx7-serviced-/3501589626-74-3886"
"a4d21e5b-2747-4fd9-badd-7999b4a31947","roland-sh-101","Roland SH-101","8093","DKK","","exact","exact","96","exact model name 'Roland SH-101'","","true","","https://reverb.com/item/101690329-roland-sh-101"
"a4e4a8ca-3635-41e6-8290-3e2a686cd620","gibson-les-paul-studio","Gibson Les Paul Studio Satin Ebony 2016 inkl. original Koffer","","EUR","","exact","exact","93","'Les Paul Studio' with case bundled","","true","","https://www.kleinanzeigen.de/s-anzeige/gibson-les-paul-studio-satin-ebony-2016-inkl-original-koffer/3514380539-74-777"
"a582a51d-a73e-4871-9b57-0f5bb5102652","korg-ms-20","Korg MS-20 1970s - Black","12886","DKK","","exact","exact","93","'Korg MS-20 1970s', not Mini","","true","","https://reverb.com/item/100433068-korg-ms-20-1970s-black"
"a590e466-c683-42e1-b7f7-a6dd66757dbc","gibson-es-335-dot","1990 Gibson ES-335 Dot Reissue Natural Flamed Maple Early Reissue","24213","EUR","","exact","exact","85","'ES-335 Dot Reissue' is the Dot model","","true","","https://www.kleinanzeigen.de/s-anzeige/1990-gibson-es-335-dot-reissue-natural-flamed-maple-early-reissue/3515953270-74-1396"
"a59a2743-3380-43c4-a6c8-b9b16b1bcb64","roland-juno-106","Roland Juno-106 OUTPUT BOARD - PARTS","1296","DKK","","accessory","accessory","97","'OUTPUT BOARD - PARTS'","","false","admin_rejected","https://reverb.com/item/101925361-roland-juno-106-output-board-parts"
"a5f1530d-3e51-4f6a-87b6-167786b0f9c7","sequential-prophet-10","CHOPPED Original Vintage Sequential Circuits Prophet 10 w/ MIDI","58707","DKK","","exact","exact","78","'Original Vintage Sequential Circuits Prophet 10', modified with MIDI","","true","","https://reverb.com/item/42892585-chopped-original-vintage-sequential-circuits-prophet-10-w-midi"
"a6019518-ff34-4c42-9d47-fec0d11417c7","gibson-les-paul-standard-50s","Gibson Les Paul Standard '50s P-90 Gold Top","17020","DKK","","exact","exact","85","'Les Paul Standard '50s' with P-90 spec variant","","true","","https://reverb.com/item/59400137-gibson-les-paul-standard-50s-p-90-gold-top"
"a6215672-a38c-4afb-9c37-cf18311bfec3","gibson-les-paul-custom","Gibson Les Paul Custom Alpine White Custom Shop","","EUR","","exact","exact","70","'Les Paul Custom' Alpine White; Custom Shop is standard for this model","","true","","https://www.kleinanzeigen.de/s-anzeige/gibson-les-paul-custom-alpine-white-custom-shop/3511932078-74-8047"
"a63412f3-efe2-4fb6-a8e2-23746abc633f","gibson-j-45","Gibson J-45 Standard Heritage Cherry Sunburst 2026","22651","DKK","","exact","exact","93","'Gibson J-45 Standard'","","true","","https://reverb.com/item/100505220-gibson-j-45-standard-heritage-cherry-sunburst-2026"
"a64476b8-7641-40d1-8f4f-7bd41859a54e","wurlitzer-200a","Wurlitzer 200A 64-Key Electric Piano 1974 - 1983 - Black","26092","DKK","","exact","exact","95","'Wurlitzer 200A electric piano'","","true","","https://reverb.com/item/101086939-wurlitzer-200a-64-key-electric-piano-1974-1983-black"
"a6a221b4-3bf5-4f93-aade-37f499a3a581","gibson-les-paul-studio","Gibson Les Paul Studio Lite VS 1994","","EUR","","wrong","wrong","80","'Studio Lite' is a distinct model","","false","admin_rejected","https://www.kleinanzeigen.de/s-anzeige/gibson-les-paul-studio-lite-vs-1994/3376060390-74-9266"
"a6bd182a-b2f9-4043-bdcf-dbaf4e742a59","fender-mustang-bass","1967 Fender Mustang Bass","46150","DKK","","exact","exact","92","'1967 Fender Mustang Bass'","","true","","https://reverb.com/item/101424213-1967-fender-mustang-bass"
"a6e44b19-0d4d-4319-b762-b07f4e4a9263","gibson-es-335-dot","Vintage Gibson 1983 ES-335 Dot Reissue, Nashville Made, ES335 1959 Reissue","32582","DKK","","exact","exact","83","'ES-335 Dot Reissue' 1983","","true","","https://reverb.com/item/93093710-vintage-gibson-1983-es-335-dot-reissue-nashville-made-es335-1959-reissue"
"a73f4a7a-df64-45ea-8624-0730e1967a71","roland-sh-101","Roland SH-101 synth","6500","SEK","","abstain","skipped","","no verdict returned","","","","https://www.blocket.se/recommerce/forsale/item/26229186"
"a759d35a-415f-49cd-bec4-ef10b06fbb6f","gibson-es-335-dot","2022 Gibson ES-335 Dot Semi-Hollow Electric Guitar Sunburst Gloss + OHSC","16927","DKK","","exact","exact","94","'ES-335 Dot' with case","","true","","https://reverb.com/item/95002008-2022-gibson-es-335-dot-semi-hollow-electric-guitar-sunburst-gloss-ohsc"
"a78718af-5770-4fd1-b924-0a7bb21b9e72","gibson-les-paul-special","Gibson Custom Murphy Lab Les Paul Special DC Figured Top R0 Cobra Burst 2022 - Ultra Heavy Aged, 8.0 lbs, COA & Tag","28050","DKK","","abstain","skipped","65","'Custom Murphy Lab ... Les Paul Special DC R0' is a different tier/sub-model","","","","https://reverb.com/item/101084412-gibson-custom-murphy-lab-les-paul-special-dc-figured-top-r0-cobra-burst-2022-ultra-heavy-aged-8-0-lbs-coa-tag"
"a7bd509e-caf7-425b-853f-08ca2dfc6075","gibson-es-335-dot","2005 Gibson Memphis ES-335 Dot Antique Natural, 100% Original & Near Mint w/ 57 Classic PAFs, Case","22007","DKK","","exact","exact","90","'Gibson Memphis ES-335 Dot' factory build","","true","","https://reverb.com/item/92745768-2005-gibson-memphis-es-335-dot-antique-natural-100-original-near-mint-w-57-classic-pafs-case"
"a7c8c591-0fd3-4fa8-9a65-47df0f5e6469","gibson-les-paul-studio","Gibson Les Paul Studio","","EUR","","exact","exact","92","'Gibson Les Paul Studio'","","true","","https://www.kleinanzeigen.de/s-anzeige/gibson-les-paul-studio/3486990827-74-8397"
"a7ef9dc1-46b2-40da-bfbe-2a3d4fc7491f","wurlitzer-200a","Wurlitzer 200A Vintage Electric Piano - Excellent Original Condition","20595","DKK","","exact","exact","95","'Wurlitzer 200A Vintage Electric Piano'","","true","","https://reverb.com/item/100986198-wurlitzer-200a-vintage-electric-piano-excellent-original-condition"
"a7fb9d4b-b388-406f-839e-95c92f422272","gibson-es-335-dot","Gibson ES-335 Dot 1981 - 1985 - Cherry","21200","DKK","","exact","exact","94","'Gibson ES-335 Dot' cherry","","true","","https://reverb.com/item/100203144-gibson-es-335-dot-1981-1985-cherry"
"a8329e44-0d96-44fa-8280-70f6a49330c9","moog-minimoog","Limited WHITE Color MOOG MINIMOOG VOYAGER XL 2012 / Synth/Blue Wheels New //ARMENS//","104361","DKK","","wrong","wrong","90","'Minimoog Voyager XL' is a different model","","false","admin_rejected","https://reverb.com/item/89083029-limited-white-color-moog-minimoog-voyager-xl-2012-synth-blue-wheels-new-armens"
"a8641974-4a51-4c57-b5f0-1a8ba7a1820c","gibson-es-335-dot","Gibson ES-335 Dot P-90 2019 - Wine Red (Cod.1892UG)","25694","DKK","","exact","exact","68","'ES-335 Dot' with P-90 pickup variant, still the Dot model","","true","","https://reverb.com/item/89306360-gibson-es-335-dot-p-90-2019-wine-red-cod-1892ug"
"a88e36f1-11bf-46d0-9fb0-8bd0b483ccaa","yamaha-dx7","Yamaha DX7 syntkeyboard med hårt case","2925","SEK","","exact","exact","92","'Yamaha DX7' keyboard sold with hard case","","true","","https://www.blocket.se/recommerce/forsale/item/25965749"
"a8d2804e-5643-4229-8f1c-286842ec5ae3","fender-telecaster-custom","2025 Fender MIJ FSR Traditional II '60s Telecaster Custom Walnut","","EUR","","abstain","skipped","60","MIJ FSR Traditional II '60s Telecaster Custom — Japanese line tier not represented","","","","https://www.kleinanzeigen.de/s-anzeige/2025-fender-mij-fsr-traditional-ii-60s-telecaster-custom-walnut/3433852089-74-12892"
"a8f61f86-8d46-464e-833f-d32156f17664","moog-minimoog","PRISTINE Moog Minimoog Model D | Studio-Owned by blackbear | Used on “hot girl bummer” | serial under 1k","32289","DKK","","exact","exact","58","'Minimoog Model D' with serial under 1k indicates original Minimoog","","true","","https://reverb.com/item/99552688-pristine-moog-minimoog-model-d-studio-owned-by-blackbear-used-on-hot-girl-bummer-serial-under-1k"
"a932e4f1-1270-42f9-ac20-5f18b1181a0e","moog-minimoog","Moog Minimoog Voyager XL 61-key Analog Synth 2016 - Black and Wood","40443","DKK","","wrong","wrong","88","'Minimoog Voyager XL' is a distinct later model","","false","admin_rejected","https://reverb.com/item/81586409-moog-minimoog-voyager-xl-61-key-analog-synth-2016-black-and-wood"
"a951b6ce-1bf4-4288-8c1e-e238771b9b8b","gibson-hummingbird","Gibson Hummingbird Standard - Vintage Sunburst #56117","26085","DKK","","exact","exact","90","'Gibson Hummingbird Standard'","","true","","https://reverb.com/item/101418011-gibson-hummingbird-standard-vintage-sunburst-56117"
"a952084b-fcbb-4e0a-9e4d-11e45b7acb5a","gibson-les-paul-custom","Gibson Les Paul Custom Shop 1960 Les Paul Standard (R0) 60th Anniversary Limited Edition Historic Collection Reissue Antiquity Burst del 2020","51818","DKK","","wrong","wrong","78","Custom Shop 1960 Les Paul Standard R0 reissue, not a Les Paul Custom","","false","admin_rejected","https://reverb.com/item/68661138-gibson-les-paul-custom-shop-1960-les-paul-standard-r0-60th-anniversary-limited-edition-historic-collection-reissue-antiquity-burst-del-2020"
"a9b4d24b-29bd-4328-acbd-c3a8cc9db7c0","gibson-es-335-dot","2011 Gibson ES-335 Dot figured cherry","27624","DKK","","exact","exact","92","'Gibson ES-335 Dot' figured cherry","","true","","https://reverb.com/item/89563625-2011-gibson-es-335-dot-figured-cherry"
"a9dbdf93-453e-4993-8bac-9715c5929bf8","gibson-les-paul-studio","Gibson Les Paul Studio Session, Bourbon Burst","13125","DKK","","exact","exact","58","'Les Paul Studio Session' variant within Studio line","","true","","https://reverb.com/item/86269601-gibson-les-paul-studio-session-bourbon-burst"
"ab14316d-8b28-44da-8234-dc5ea73ad73e","gibson-j-45","Gibson J-45 Standard - Vintage Sunburst - 21676084 - PLEK'd","19533","DKK","","exact","exact","92","'Gibson J-45 Standard'","","true","","https://reverb.com/item/100744518-gibson-j-45-standard-vintage-sunburst-21676084-plek-d"
"ab2b1a71-2e8e-4bee-8dc0-2441269d63a2","moog-model-d","Moog Music Minimoog Model D Analog Synthesizer - Mahogany","25512","DKK","","exact","exact","70","'Minimoog Model D' mahogany reissue matches Model D row","","true","","https://reverb.com/item/92408589-moog-music-minimoog-model-d-analog-synthesizer-mahogany"
"ab4432c2-3af3-4dcc-a168-dfa790bd91e6","fender-american-professional-ii-stratocaster","Fender American Professional II Stratocaster Roasted Pine Rosewood Fingerboard (803)","12484","DKK","","exact","exact","92","'American Professional II Stratocaster' Roasted Pine","","true","","https://reverb.com/item/91952402-fender-american-professional-ii-stratocaster-roasted-pine-rosewood-fingerboard-803"
"ab45498b-83c8-449d-9fc7-a5287e36923d","gibson-es-335-dot","Gibson ES-335 Dot 1997 - Figured Antique Natural","24542","DKK","","exact","exact","90","'Gibson ES-335 Dot' 1997","","true","","https://reverb.com/item/97255659-gibson-es-335-dot-1997-figured-antique-natural"
"ab7a8232-dd4c-4dca-af76-5fbbd51d5343","gibson-es-335-dot","Gibson ES-335 Dot 2022 - Vintage Burst","18591","DKK","","exact","exact","92","'Gibson ES-335 Dot' 2022","","true","","https://reverb.com/item/101337971-gibson-es-335-dot-2022-vintage-burst"
"ab962679-1dca-4e31-8a1d-2f4317d5f7f4","yamaha-dx7","Yamaha DX7 Programmable Algorithm Synthesizer II-FD 1983 - 1987 - Black","4273","DKK","","wrong","wrong","75","'DX7 II-FD' is a distinct successor model","","false","admin_rejected","https://reverb.com/item/100963671-yamaha-dx7-programmable-algorithm-synthesizer-ii-fd-1983-1987-black"
"abc70b31-9f45-43b5-bb0f-9ab71071143d","gibson-es-335-dot","Gibson ES-335 Dot 1989 *Rare* Ebony Fretboard Vintage Sunburst","32744","DKK","","exact","exact","90","'Gibson ES-335 Dot' 1989","","true","","https://reverb.com/item/93164597-gibson-es-335-dot-1989-rare-ebony-fretboard-vintage-sunburst"
"abd1fba9-6f1f-43a1-9343-1783d8493a0c","gibson-es-335-dot","Gibson Memphis ES-335 DOT Reissue Cherry Gibson Memphis Semi-Acoustic [13655735] (08/04)","19095","DKK","","exact","exact","88","'ES-335 DOT Reissue' Memphis semi-acoustic","","true","","https://reverb.com/item/100076460-gibson-memphis-es-335-dot-reissue-cherry-gibson-memphis-semi-acoustic-13655735-08-04"
"abd4e0da-b644-4f1d-981b-127a0d5eac05","yamaha-dx7","Yamaha DX7 - Black","4998","DKK","","exact","exact","93","'Yamaha DX7' with colour only","","true","","https://reverb.com/item/101558465-yamaha-dx7-black"
"ac07719e-6c87-48f9-b703-00f3fb93c263","sequential-prophet-10","Sequential Prophet-10 Analog 10-Voice Polyphonic Synthesizer","26085","DKK","","exact","exact","94","'Prophet-10 Analog 10-Voice Polyphonic'","","true","","https://reverb.com/item/101331782-sequential-prophet-10-analog-10-voice-polyphonic-synthesizer"
"ac63a81c-ad50-488b-a662-1c977679739b","fender-american-professional-ii-stratocaster","Fender American Professional II Stratocaster – 3 Color Sunburst w/Maple","11980","DKK","","exact","exact","95","'American Professional II Stratocaster' plus finish/fingerboard","","true","","https://reverb.com/item/89165198-fender-american-professional-ii-stratocaster-3-color-sunburst-w-maple"
"ac8a7e08-5ecd-4978-b7b6-e5480466ae22","fender-american-professional-ii-stratocaster","Fender American Professional II Stratocaster","","EUR","","exact","exact","95","exact model name in title","","true","","https://www.kleinanzeigen.de/s-anzeige/fender-american-professional-ii-stratocaster/3503993701-74-19147"
"aca1d5a6-6f81-43f5-8613-06913587d422","gibson-es-335-dot","Gibson ES-335 Dot - 2006 - Cherry","13046","DKK","","exact","exact","94","'ES-335 Dot' with year and colour","","true","","https://reverb.com/item/99989490-gibson-es-335-dot-2006-cherry"
"acbbd321-f9e5-4d2b-b95f-8dbf846d5488","moog-model-d","Moog Model D 2022 Edition","46625","DKK","","exact","exact","85","'Moog Model D' reissue edition year","","true","","https://reverb.com/item/34073320-moog-model-d-2022-edition"
"ad0733c8-f559-4836-9d4c-6604bbb4c5e8","roland-re-501","Roland RE-150, RE-301, RE-501 & SRE-555 240v Power Transformer","655","DKK","","accessory","accessory","96","'240v Power Transformer' for RE units","","false","admin_rejected","https://reverb.com/item/6275854-roland-re-150-re-301-re-501-sre-555-240v-power-transformer"
"ad22fcff-b718-4f42-8018-1af18283b0f9","sequential-prophet-10","Sequential Prophet-10 61-Key 10-Voice Polyphonic Synthesizer 2020 - Present - Black with Wood Sides","19451","DKK","","exact","exact","94","'Prophet-10 61-Key 10-Voice'","","true","","https://reverb.com/item/95314043-sequential-prophet-10-61-key-10-voice-polyphonic-synthesizer-2020-present-black-with-wood-sides"
"ad2b6727-c5b1-4299-8060-7115b21de241","fender-telecaster-custom","Fender Custom Shop Telecaster Custom Journeyman Relic Ltd Fat 50s","","EUR","","abstain","skipped","65","'Custom Shop ... Journeyman Relic Ltd' tier not represented","","","","https://www.kleinanzeigen.de/s-anzeige/fender-custom-shop-telecaster-custom-journeyman-relic-ltd-fat-50s/3512808861-74-2164"
"ad503d72-cd92-458e-8168-e61ed93fac9b","gibson-es-335-dot","Gibson ES-335 Dot Vintage Burst 2023","21848","DKK","","exact","exact","94","'ES-335 Dot Vintage Burst'","","true","","https://reverb.com/item/94603347-gibson-es-335-dot-vintage-burst-2023"
"ad525884-5297-4414-b15a-3dee3c095e1c","sequential-prophet-10","Sequential Prophet-10 61-Key 10-Voice Polyphonic Synthesizer 2020 - Present - Black with Wood Sides","19569","DKK","","exact","exact","94","'Prophet-10 61-Key 10-Voice'","","true","","https://reverb.com/item/100875973-sequential-prophet-10-61-key-10-voice-polyphonic-synthesizer-2020-present-black-with-wood-sides"
"ad5ccf98-5589-4161-b819-0d7a5169f50c","gibson-j-45","2026 Gibson J-45 Standard 12-String","16275","DKK","","abstain","skipped","60","'J-45 Standard 12-String' variant not clearly the catalogue row","","","","https://reverb.com/item/101966598-2026-gibson-j-45-standard-12-string"
"ad62644d-4735-4e6c-a390-a6c3a10000ba","gibson-les-paul-studio","Gibson Les Paul Studio Deluxe '50s - Iced Tea","9784","DKK","","abstain","skipped","58","'Les Paul Studio Deluxe '50s' named sub-model","","","","https://reverb.com/item/100744909-gibson-les-paul-studio-deluxe-50s-iced-tea"
"ad6ab6fd-cce7-4d64-831a-07e712233ca7","yamaha-dx7","Yamaha DX7 Programmable Algorithm Synthesizer 1983 - 1987 - Black","4551","DKK","","exact","exact","95","'DX7 Programmable Algorithm Synthesizer'","","true","","https://reverb.com/item/100757902-yamaha-dx7-programmable-algorithm-synthesizer-1983-1987-black"
"ad6ed771-f739-4923-adb0-e2a67cff9152","gibson-j-45","Gibson Custom 1942 Banner J-45 Reissue, Vintage Sunburst","32615","DKK","","abstain","skipped","68","'Gibson Custom 1942 Banner J-45 Reissue' Custom Shop tier","","","","https://reverb.com/item/101099923-gibson-custom-1942-banner-j-45-reissue-vintage-sunburst"
"ad7e08c7-fc8c-4c09-b059-909d54544400","fender-american-vintage-52-telecaster","Fender American Vintage '52 Tele Fullerton April 1982 Butterscotch Blonde","17314","DKK","","exact","exact","80","'American Vintage '52 Tele' Fullerton reissue","","true","","https://reverb.com/item/101221067-fender-american-vintage-52-tele-fullerton-april-1982-butterscotch-blonde"
"ad8c3924-55c1-4381-b424-866f3e8bcdfc","sequential-prophet-10","Sequential Prophet-10 61-Key 10-Voice Polyphonic Synthesizer","22178","DKK","","exact","exact","94","'Prophet-10 61-Key 10-Voice Polyphonic'","","true","","https://reverb.com/item/101609150-sequential-prophet-10-61-key-10-voice-polyphonic-synthesizer"
"adabf4ba-0edd-42d9-96ef-f1bc128690ab","gibson-les-paul-studio","Gibson Les Paul Studio 2006","6175","SEK","","exact","exact","92","'Gibson Les Paul Studio' with year","","true","","https://www.blocket.se/recommerce/forsale/item/26497149"
"adb15d89-a347-4b5e-aec9-518b66bb046c","gibson-les-paul-custom","Gibson Les Paul Custom Pro Gold Mist Finish Custom Shop Original","","EUR","","exact","exact","65","'Gibson Les Paul Custom ... Custom Shop Original' finish only","","true","","https://www.kleinanzeigen.de/s-anzeige/gibson-les-paul-custom-pro-gold-mist-finish-custom-shop-original/3274142249-74-1396"
"adbbdf76-832b-4832-ad1f-d9b478e24dce","gibson-les-paul-special","Gibson Les Paul Special Tribute P-90 - Ebony Vintage Gloss - 2nd Hand","9007","DKK","","abstain","skipped","65","'Les Paul Special Tribute P-90' budget sub-model","","","","https://reverb.com/item/97984530-gibson-les-paul-special-tribute-p-90-ebony-vintage-gloss-2nd-hand"
"add5f284-8324-4f9e-8712-518181dae96a","gibson-es-335-dot","Gibson ES-335 Dot in Sixties Cherry with Hardcase","22824","DKK","","exact","exact","94","'ES-335 Dot' with bundled hardcase","","true","","https://reverb.com/item/95639595-gibson-es-335-dot-in-sixties-cherry-with-hardcase"
"ae80000f-5fba-4996-9dd9-f75b1fc50568","fender-american-professional-ii-stratocaster","Fender American Professional II Stratocaster Thinline Electric Guitar, Rosewood Fingerboard, Transparent Shell Pink w/ Deluxe Molded Case","12067","DKK","","wrong","wrong","72","'Stratocaster Thinline' is a distinct model","","false","admin_rejected","https://reverb.com/item/81998810-fender-american-professional-ii-stratocaster-thinline-electric-guitar-rosewood-fingerboard-transparent-shell-pink-w-deluxe-molded-case"
"aebddb1e-d8b7-4084-b491-65cf3289cc95","roland-juno-106","Roland Juno 106","11175","EUR","","exact","exact","92","'Roland Juno 106'","","true","","https://www.kleinanzeigen.de/s-anzeige/roland-juno-106/3489728615-74-18777"
"af072b0e-03ec-4fda-8d4e-b208ac90a8e5","fender-telecaster-custom","E-Squier Fender Telecaster Custom Gitarre","","EUR","","wrong","wrong","75","'Squier' branded Telecaster Custom","","false","admin_rejected","https://www.kleinanzeigen.de/s-anzeige/e-squier-fender-telecaster-custom-gitarre/3512123930-74-1497"
"af30ad03-ef8c-490a-acc2-d296d0a4a4f7","gibson-es-335-dot","Gibson ES-335 Dot 1986 - 1990 - Antique Natural","20298","DKK","","exact","exact","93","'ES-335 Dot' with era and finish","","true","","https://reverb.com/item/100423485-gibson-es-335-dot-1986-1990-antique-natural"
"af40b35a-4538-4e56-a40e-38c1697d04ff","gibson-es-335-dot","2011 Gibson ES-335 Dot Semi-Hollow Electric Guitar Satin Red + OHSC","16657","DKK","","exact","exact","93","'ES-335 Dot' semi-hollow with case","","true","","https://reverb.com/item/99267546-2011-gibson-es-335-dot-semi-hollow-electric-guitar-satin-red-ohsc"
"af4808af-eff8-439f-9285-696f5cde7e00","gibson-j-45","Gibson J-45 Standard Vintage Sunburst Left-Handed","17943","DKK","","exact","exact","93","'J-45 Standard', handedness irrelevant","","true","","https://reverb.com/item/101292862-gibson-j-45-standard-vintage-sunburst-left-handed"
"af4b573b-7f63-4c5a-a7e8-740b64b5b26f","wurlitzer-200a","Wurlitzer 207 Piano 200A - jetzt mit Elektrik.nur noch bis 14.09.","","EUR","","abstain","skipped","55","title names both '207' and '200A' contradictorily","","","","https://www.kleinanzeigen.de/s-anzeige/wurlitzer-207-piano-200a-jetzt-mit-elektrik-nur-noch-bis-14-09-/3271118974-74-9423"
"af650c51-7aa9-46f9-9bb2-3f5b2b486c45","gibson-les-paul-special","Gibson Les Paul Special Faded - Satin TV Yellow 213350272","10430","DKK","","exact","exact","70","'Les Paul Special Faded' = finish variant of Les Paul Special","","true","","https://reverb.com/item/95615114-gibson-les-paul-special-faded-satin-tv-yellow-213350272"
"af7b8b5b-953f-46ec-ab44-85e1ebf3c716","gibson-j-45","J-45 Studio Rosewood Satin Burst","16264","DKK","","abstain","skipped","60","'J-45 Studio Rosewood' is a separate tier sub-model","","","","https://reverb.com/item/85776128-j-45-studio-rosewood-satin-burst"
"af86c6e3-a2ae-474b-ac4e-d4df7e36d1a6","gibson-j-45","GIBSON 2006 J-45 STANDARD VINTAGE SUNBURST ACOUSTIC ELECTRIC 1 OWNER near MINT!","14024","DKK","","exact","exact","92","'J-45 Standard' acoustic-electric","","true","","https://reverb.com/item/101928199-gibson-2006-j-45-standard-vintage-sunburst-acoustic-electric-1-owner-near-mint"
"afbf06b1-b852-49d6-8072-f954a3343113","fender-american-professional-ii-stratocaster","Fender American Professional II Stratocaster 2021 (modded)","","EUR","","exact","exact","92","'American Professional II Stratocaster', mods reversible","","true","","https://www.kleinanzeigen.de/s-anzeige/fender-american-professional-ii-stratocaster-2021-modded-/3515191953-74-8795"
"afe4db7c-8b5d-4412-9e84-335de42ada1a","gibson-les-paul-special","2015 Gibson Les Paul Special Double Cut - Trans Yellow","7725","DKK","","exact","exact","62","'Les Paul Special Double Cut' body-shape variant of Special","","true","","https://reverb.com/item/101275078-2015-gibson-les-paul-special-double-cut-trans-yellow"
"b00d9246-8b8f-4539-ba2b-a1c7925b6249","gibson-les-paul-standard-60s","Gibson Les Paul Standard '60s - UB (#219)","16957","DKK","","exact","exact","93","'Les Paul Standard '60s' named exactly","","true","","https://reverb.com/item/99475591-gibson-les-paul-standard-60s-ub-219"
"b049c449-944c-4588-8bd9-dfb3fd43ba0d","roland-juno-60","Roland Juno-60","12227","DKK","","exact","exact","94","'Roland Juno-60' exact model name","","true","","https://reverb.com/item/99896714-roland-juno-60"
"b06aea86-afe3-45f9-9aad-606a72f968e1","gibson-les-paul-custom","1974 Gibson Les Paul Custom – Bigfoot Refret","","EUR","","exact","exact","88","'Les Paul Custom' with refret service","","true","","https://www.kleinanzeigen.de/s-anzeige/1974-gibson-les-paul-custom-bigfoot-refret/3475360819-74-2162"
"b06c3c13-b01a-4f93-af4f-bbcf131e47f4","gibson-j-45","Gibson J-45 Standard Vintage Sunburst Electric-Acoustic Guitar 4.55 lbs","19562","DKK","","exact","exact","93","'J-45 Standard' electric-acoustic","","true","","https://reverb.com/item/102025247-gibson-j-45-standard-vintage-sunburst-electric-acoustic-guitar-4-55-lbs"
"b09a6bcd-9ca2-46d9-89c1-49ab2f1dcad8","gibson-es-335-dot","Gibson ES-335 DOT Reissue Custom Vintage Sunburst","23820","DKK","","abstain","skipped","55","'DOT Reissue Custom' may be Custom Shop tier","","","","https://reverb.com/item/93811144-gibson-es-335-dot-reissue-custom-vintage-sunburst"
"b0a80b37-f12d-4964-a191-c838cd6a1bd9","gibson-les-paul-studio","Gibson Les Paul Studio Session Translucent Ebony Burst Electric Guitar","20858","DKK","","abstain","skipped","58","'Les Paul Studio Session' is a distinct named sub-model","","","","https://reverb.com/item/93119784-gibson-les-paul-studio-session-translucent-ebony-burst-electric-guitar"
"b0c4d2c2-d82f-43d5-851e-a71a33a7c569","wurlitzer-200a","Wurlitzer 200A 64-Key Electric Piano 1974 - 1983 - Black","16047","DKK","","exact","exact","94","'Wurlitzer 200A' electric piano","","true","","https://reverb.com/item/99466084-wurlitzer-200a-64-key-electric-piano-1974-1983-black"
"b0f29c16-fb30-4d10-b243-d24eff29895d","manley-voxbox","Manley VOXBOX Tube Channel Strip","37493","DKK","","exact","exact","94","'Manley VOXBOX' channel strip","","true","","https://reverb.com/item/76120766-manley-voxbox-tube-channel-strip"
"b10daa12-f0e8-4c0b-a696-27619e3d1075","fender-american-vintage-52-telecaster","Fender American Vintage '52 Telecaster 2010 - 2017 - Butterscotch Blonde","11918","DKK","","exact","exact","93","'American Vintage '52 Telecaster'","","true","","https://reverb.com/item/100432539-fender-american-vintage-52-telecaster-2010-2017-butterscotch-blonde"
"b11b4f8b-205c-4833-8f58-7aa30b824526","gibson-les-paul-special","2015 Gibson Custom Shop ‘60 Les Paul Special Singlecut TV Yellow","23833","EUR","","abstain","skipped","70","'Custom Shop '60 Les Paul Special' is a different tier build","","","","https://www.kleinanzeigen.de/s-anzeige/2015-gibson-custom-shop-60-les-paul-special-singlecut-tv-yellow/3175812396-74-12892"
"b129ac84-4ce3-4f4f-81e8-acafe725455a","gibson-es-335-dot","Gibson ES-335 Dot 2023- Sixties Cherry","20937","DKK","","exact","exact","93","'ES-335 Dot' with colour only","","true","","https://reverb.com/item/100473547-gibson-es-335-dot-2023-sixties-cherry"
"b14a1ecc-fd53-4c88-9465-b0c2ba2934bd","korg-polysix","Korg PolySix PS-6 1980’s original vintage analog poly-synth synthesizer","14647","DKK","","exact","exact","90","'Korg PolySix PS-6' original synth","","true","","https://reverb.com/item/101467451-korg-polysix-ps-6-1980-s-original-vintage-analog-poly-synth-synthesizer"
"b1db8aad-f49c-47b9-895a-a36fde348f2f","gibson-les-paul-custom","2016 Gibson – Les Paul Custom Custom Shop Silver Burst","","EUR","","exact","exact","72","'Les Paul Custom' Silverburst; Custom is Custom Shop-built line","","true","","https://www.kleinanzeigen.de/s-anzeige/2016-gibson-les-paul-custom-custom-shop-silver-burst/3503405272-74-3353"
"b2270fe2-0305-4b74-87a2-729d3f2d7832","fender-american-professional-ii-stratocaster","Fender American Professional II Stratocaster Maple Fingerboard Olympic White (732)","12002","DKK","","exact","exact","93","'American Professional II Stratocaster' with fingerboard/colour","","true","","https://reverb.com/item/91952566-fender-american-professional-ii-stratocaster-maple-fingerboard-olympic-white-732"
"b2969200-b91c-4050-b18e-a57cb3639471","tube-tech-cl1b","Tube-Tech CL 1B Mono Opto Compressor 2010s - Blue","27850","DKK","","exact","exact","94","'Tube-Tech CL 1B' compressor","","true","","https://reverb.com/item/100972201-tube-tech-cl-1b-mono-opto-compressor-2010s-blue"
"b29c50e3-7131-425d-8963-54f7cc123bda","gibson-es-335-dot","Gibson ES-335 Dot 1996 Cherry Red Semi-Hollow Electric Guitar w/ Case","19957","DKK","","exact","exact","93","'ES-335 Dot' 1996 with case","","true","","https://reverb.com/item/92733062-gibson-es-335-dot-1996-cherry-red-semi-hollow-electric-guitar-w-case"
"b2a3cd3f-9297-4e9f-a732-0676add281bb","fender-american-vintage-52-telecaster","Fender American Vintage '52 Telecaster 05/2015 - Butterscotch Blonde","13698","DKK","","exact","exact","93","'American Vintage '52 Telecaster' Butterscotch","","true","","https://reverb.com/item/98755924-fender-american-vintage-52-telecaster-05-2015-butterscotch-blonde"
"b2e1cac6-8c9b-4571-977d-435b0b82b3b8","fender-american-professional-ii-stratocaster","Fender American Professional II Stratocaster","11700","SEK","","exact","exact","95","exact model name match","","true","","https://www.blocket.se/recommerce/forsale/item/26111581"
"b32b78c1-97f2-4fbe-896f-5f2260a86c31","gibson-les-paul-special","Gibson Les Paul Special - Vintage Cherry 210160191","11735","DKK","","exact","exact","93","'Les Paul Special' with finish and serial only","","true","","https://reverb.com/item/96947059-gibson-les-paul-special-vintage-cherry-210160191"
"b33941ae-aadc-4278-843d-e739c9188672","gibson-les-paul-custom","Gibson Les Paul Custom 2010 Heritage Cherry Sunburst","","EUR","","exact","exact","92","'Les Paul Custom' plus year and finish","","true","","https://www.kleinanzeigen.de/s-anzeige/gibson-les-paul-custom-2010-heritage-cherry-sunburst/3503277301-74-4262"
"b33a59e0-d59d-4e6d-bafc-03e3f642ec31","roland-tr-606","Roland TR-606 Drumatix plus Roland Silver Case & PSU","3392","DKK","","exact","exact","92","TR-606 unit sold with case and PSU","","true","","https://reverb.com/item/101054926-roland-tr-606-drumatix-plus-roland-silver-case-psu"
"b425d405-ba4b-49ad-b029-37664333ab4c","gibson-les-paul-standard-50s","Gibson Les Paul Standard '50s Gold Top","18323","DKK","","exact","exact","93","'Les Paul Standard '50s' plus colour","","true","","https://reverb.com/item/101751269-gibson-les-paul-standard-50s-gold-top"
"b52130c0-93e6-4044-8cd3-3d63efa213b0","neve-portico-ii-master-buss-processor","Rupert Neve Designs Portico II Master Buss Processor 2012 - Present - Shelford Blue","21828","DKK","","exact","exact","92","Portico II Master Buss Processor named exactly","","true","","https://reverb.com/item/100950288-rupert-neve-designs-portico-ii-master-buss-processor-2012-present-shelford-blue"
"b53f11ba-c5f8-407b-9cce-6ef202c31298","fender-telecaster-thinline","Fender Vintera II 60's Telecaster Thinline - 3 Color Sunburst","8936","DKK","","abstain","skipped","60","'Vintera II 60's' is a distinct-tier line not in catalogue","","","","https://reverb.com/item/87648737-fender-vintera-ii-60-s-telecaster-thinline-3-color-sunburst"
"b58860ad-485d-4477-a34b-f5e90e494cc6","gibson-es-335-dot","Gibson ES-335 Dot 1988 - Vintage Sunburst w/ HSC","21218","DKK","","exact","exact","93","ES-335 Dot with year and case","","true","","https://reverb.com/item/92299845-gibson-es-335-dot-1988-vintage-sunburst-w-hsc"
"b5ad96c0-1885-4521-9647-5717223b3c90","moog-minimoog","1973 Moog Minimoog Model D w/ Road Case Signed by Herbie Hancock","48347","DKK","","exact","exact","68","1973 vintage Minimoog Model D, original instrument","","true","","https://reverb.com/item/99962811-1973-moog-minimoog-model-d-w-road-case-signed-by-herbie-hancock"
"b5b415a6-e1f3-49d0-86b7-258da6423bc4","fender-telecaster-thinline","2011 Fender DALE WILSON Custom Shop Masterbuilt 60's Telecaster Thinline Relic - Shell Pink, Abby Ybarra Pups!","58700","DKK","","abstain","skipped","65","Custom Shop Masterbuilt relic build vs factory Thinline","","","","https://reverb.com/item/74528117-2011-fender-dale-wilson-custom-shop-masterbuilt-60-s-telecaster-thinline-relic-shell-pink-abby-ybarra-pups"
"b5b7b113-2dc5-4148-9220-f3513dc38cef","gibson-les-paul-special","1994 Gibson Les Paul Special Double Cutaway – TV Yellow, 3.2kg","17734","DKK","","exact","exact","75","Les Paul Special (double cutaway variant)","","true","","https://reverb.com/item/92727468-1994-gibson-les-paul-special-double-cutaway-tv-yellow-3-2kg"
"b602a4e1-52bc-4c9c-8a08-94ffcc87566b","roland-juno-60","Roland  Juno 60 with Kenton Pro DCB and ARP Sync","19533","DKK","","exact","exact","88","Juno 60 with added Kenton interface","","true","","https://reverb.com/item/86353800-roland-juno-60-with-kenton-pro-dcb-and-arp-sync"
"b64e7517-83ac-4c98-bc6c-79e0224bb06f","gibson-les-paul-special","Gibson Les Paul Special 2001 - Red","","EUR","","exact","exact","90","'Les Paul Special' with year and colour","","true","","https://www.kleinanzeigen.de/s-anzeige/gibson-les-paul-special-2001-red/3486984605-74-1734"
"b6e5249b-c13f-410c-ab32-2fc1c843dec2","gibson-les-paul-custom","Gibson 68 Les Paul Custom 10th Anniversary Sparkle White","41713","EUR","","abstain","skipped","60","'68 10th Anniversary' reissue special edition tier","","","","https://www.kleinanzeigen.de/s-anzeige/gibson-68-les-paul-custom-10th-anniversary-sparkle-white/3499200236-74-3111"
"b6e5c78a-9437-46f4-83d0-3f54ef6f309a","roland-tr-909","Roland TR-909 - Superb condition","46829","DKK","","exact","exact","94","TR-909, condition note only","","true","","https://reverb.com/item/101403207-roland-tr-909-superb-condition"
"b6ede8bf-61f3-4f90-8db7-7c94366ed59c","fender-american-professional-ii-stratocaster","Fender American Professional II Stratocaster Miami Blue Maple Fingerboard (946)","12002","DKK","","exact","exact","95","American Professional II Stratocaster, colour/fingerboard only","","true","","https://reverb.com/item/91898575-fender-american-professional-ii-stratocaster-miami-blue-maple-fingerboard-946"
"b746b41b-eb0c-433b-b3be-ba57a7582708","gibson-sg-standard-large-guard-with-maestro-vibrola","Gibson SG Standard ""Large Guard"" with Maestro Vibrola 1970 - Walnut","29321","DKK","","exact","exact","94","SG Standard Large Guard with Maestro Vibrola named exactly","","true","","https://reverb.com/item/102005293-gibson-sg-standard-large-guard-with-maestro-vibrola-1970-walnut"
"b7588593-2e36-4baf-bd15-40bbc9d15192","gibson-les-paul-special","Gibson Les Paul Special Vintage Cherry 2020","10281","EUR","","exact","exact","92","Les Paul Special with finish and year","","true","","https://www.kleinanzeigen.de/s-anzeige/gibson-les-paul-special-vintage-cherry-2020/3497328906-74-1546"
"b75b6278-e12a-4d6f-b337-fbda65b9e7bf","ua-1176ln","Universal Audio 1176LN Limiting Amplifier Reissue 2001 - Present - Black","11843","DKK","","exact","exact","75","1176LN Limiting Amplifier, current-production unit","","true","","https://reverb.com/item/101421680-universal-audio-1176ln-limiting-amplifier-reissue-2001-present-black"
"b79669a5-c1e4-46b2-9020-9e618840346a","gibson-es-335-dot","Gibson ES-335 Dot 1981 - 1985 - Natural","28459","DKK","","exact","exact","92","ES-335 Dot with year range and finish","","true","","https://reverb.com/item/98023797-gibson-es-335-dot-1981-1985-natural"
"b7ac88d4-2ac8-4ad2-bcc0-4bf6f7fce17e","moog-minimoog","Moog Minimoog Voyager SELECT SERIES Analog Synthesizer/Case","24213","EUR","","wrong","wrong","88","'Minimoog Voyager Select Series' is a different instrument","","false","admin_rejected","https://www.kleinanzeigen.de/s-anzeige/moog-minimoog-voyager-select-series-analog-synthesizer-case/3516699166-74-1040"
"b7c05d16-d9b7-42b2-ad8e-3e3e8ec6fa6a","roland-juno-60","Roland Juno-60 61-Key Polyphonic Synthesizer 1982 - 1984 - Black","22831","DKK","","exact","exact","95","Juno-60 polyphonic synthesizer named exactly","","true","","https://reverb.com/item/87446242-roland-juno-60-61-key-polyphonic-synthesizer-1982-1984-black"
"b7c35100-d8ce-4122-83c9-3c713ab5c8dc","fender-mustang-bass","Fender Mustang Bass with Rosewood Fretboard 1977 Sunburst Original Case","19082","DKK","","exact","exact","93","Mustang Bass with year and case","","true","","https://reverb.com/item/101917937-fender-mustang-bass-with-rosewood-fretboard-1977-sunburst-original-case"
"b7f9b60e-2d4a-4b56-9140-a81ada3d60e1","yamaha-dx7","Yamaha DX7 voice rom #3 80/90s - Black","972","DKK","","accessory","accessory","94","'voice rom' chip for DX7, not the synth","","false","admin_rejected","https://reverb.com/item/100762560-yamaha-dx7-voice-rom-3-80-90s-black"
"b885aa8d-bef8-424f-9117-2746148aa6e5","ua-1176ln","Urei Universal Audio 1176LN Rev. F Limiting Amplifier","34754","DKK","","exact","exact","85","Urei 1176LN Rev F limiting amplifier unit","","true","","https://reverb.com/item/100865176-urei-universal-audio-1176ln-rev-f-limiting-amplifier"
"b887707c-2d31-4a43-9c6c-3b2336261584","fender-mustang-bass","1975 Fender Mustang Bass Sunburst","20808","DKK","","exact","exact","92","'Fender Mustang Bass', year/finish only","","true","","https://reverb.com/item/101716306-1975-fender-mustang-bass-sunburst"
"b898c43b-ddf6-4646-8c23-d02d8da2c28a","gibson-les-paul-special","2023 Gibson Les Paul Special TV Yellow","11607","DKK","","exact","exact","92","'Les Paul Special', colour only","","true","","https://reverb.com/item/97832423-2023-gibson-les-paul-special-tv-yellow"
"b8bd0ec9-2e34-499e-9fac-577b81568cbd","gibson-les-paul-custom","2015 Gibson Les Paul Custom Shop Joe Bonamassa Bonabyrd Signed","","EUR","","wrong","wrong","70","'Joe Bonamassa Bonabyrd' signature Custom Shop model, not Les Paul Custom","","false","admin_rejected","https://www.kleinanzeigen.de/s-anzeige/2015-gibson-les-paul-custom-shop-joe-bonamassa-bonabyrd-signed/3192992899-74-7584"
"b8ca6238-22a8-4ce1-9f5d-7a959f0b3b47","roland-tr-707","Roland TR-707 Rhythm Composer - Exclusive Soundgas HKA Modified Edition","10018","DKK","","exact","exact","78","'TR-707 Rhythm Composer' complete unit, modified edition","","true","","https://reverb.com/item/101909641-roland-tr-707-rhythm-composer-exclusive-soundgas-hka-modified-edition"
"b8d8cca0-c94c-45be-a0ad-bc28726abb58","ua-1176ln","Universal Audio 1176LN Limiting Amplifier Reissue 2001 - Present - Black","13176","DKK","","exact","exact","80","'1176LN Limiting Amplifier' current reissue unit","","true","","https://reverb.com/item/102053690-universal-audio-1176ln-limiting-amplifier-reissue-2001-present-black"
"b8e134e4-5f79-44ed-8ced-7c46eb3ef7e0","fender-american-professional-ii-stratocaster","2022 Fender American Professional II Stratocaster","11913","EUR","","exact","exact","94","'American Professional II Stratocaster' verbatim","","true","","https://www.kleinanzeigen.de/s-anzeige/2022-fender-american-professional-ii-stratocaster/3414701715-74-2162"
"b95c6f14-7f74-48c1-bb5a-ea776b9fe538","gibson-es-335-dot","2021 Gibson ES-335 Dot Sixties Cherry w/case","15655","DKK","","exact","exact","92","'ES-335 Dot' with bundled case","","true","","https://reverb.com/item/101579720-2021-gibson-es-335-dot-sixties-cherry-w-case"
"b969deb4-7960-4c08-afd4-262445541cab","gibson-es-335-dot","Gibson ES-335 Dot 1988 - Vintage Sunburst","22789","DKK","","exact","exact","92","'ES-335 Dot' with year and finish","","true","","https://reverb.com/item/100230326-gibson-es-335-dot-1988-vintage-sunburst"
"b99fcf18-e04a-4cf4-ba72-e982fbe546e8","gibson-hummingbird","Gibson Hummingbird Studio Rosewood - Satin Rosewood Burst","13039","DKK","","abstain","skipped","60","'Hummingbird Studio Rosewood' sub-model at different tier","","","","https://reverb.com/item/102039438-gibson-hummingbird-studio-rosewood-satin-rosewood-burst"
"b9bd3495-8807-4089-8ed1-17f4584972a2","gibson-les-paul-studio","Gibson Les Paul Studio Tobacco Burst # G05950342","10264","DKK","","exact","exact","92","'Les Paul Studio' plus finish and serial","","true","","https://reverb.com/item/100779163-gibson-les-paul-studio-tobacco-burst-g05950342"
"b9dc9756-e68e-474c-ba89-27063e94436b","yamaha-dx7","Yamaha TX7 (80er Vintage FM Synthesizer Sound-Modul DX7)","","EUR","","wrong","wrong","90","'Yamaha TX7' sound module, DX7 only referenced","","false","admin_rejected","https://www.kleinanzeigen.de/s-anzeige/yamaha-tx7-80er-vintage-fm-synthesizer-sound-modul-dx7-/3501680093-74-16911"
"ba2263e2-044d-49b2-a4d6-1f388cb0311b","roland-tr-606","Roland TR-606 outer case, complete, brand new repro!","1043","DKK","","accessory","accessory","95","'outer case, brand new repro' sold alone","","false","admin_rejected","https://reverb.com/item/101103828-roland-tr-606-outer-case-complete-brand-new-repro"
"ba3f6ffd-a8ea-4c87-a357-19630dc052c1","gibson-es-335-dot","Gibson ES-335 Dot 2021 Sixties Cherry","22258","DKK","","exact","exact","92","'ES-335 Dot' year and colour","","true","","https://reverb.com/item/99314934-gibson-es-335-dot-2021-sixties-cherry"
"ba72e138-f282-4243-a851-361de92299ea","gibson-j-45","NEW! Gibson Acoustic J-45 50's Original - Ebony - 4.35lbs - Authorized Dealer - G07662","20574","DKK","","exact","exact","75","'Gibson Acoustic J-45 50's Original' current J-45 line","","true","","https://reverb.com/item/101265132-new-gibson-acoustic-j-45-50-s-original-ebony-4-35lbs-authorized-dealer-g07662"
"bab3cebc-057a-4f58-a783-75eb06a1af62","gibson-es-335-dot","Gibson ES 335 dot, Baujahr 2008, Custom Shop Koffer","","EUR","","exact","exact","82","'Gibson ES 335 dot' 2008 with case included","","true","","https://www.kleinanzeigen.de/s-anzeige/gibson-es-335-dot-baujahr-2008-custom-shop-koffer/3504308427-74-16"
"bae2b531-3835-4347-854d-cfb09179eebf","fender-american-vintage-52-telecaster","Fender American Vintage '52 Telecaster 1990s - Butterscotch Blonde","8998","DKK","","exact","exact","93","'American Vintage '52 Telecaster' verbatim","","true","","https://reverb.com/item/94557516-fender-american-vintage-52-telecaster-1990s-butterscotch-blonde"
"bb001d18-412d-48b0-82f3-bca6d9808aa0","gibson-hummingbird","Gibson Hummingbird Original - Antique Natural","29993","DKK","","exact","exact","80","'Hummingbird Original' standard Hummingbird line","","true","","https://reverb.com/item/91777819-gibson-hummingbird-original-antique-natural"
"bb010bdc-1a05-4722-9c43-f601a514c072","fender-mustang-bass","Fender Player Mustang Bass PJ (2019) - UPGRADED","4729","DKK","","abstain","skipped","58","'Player Mustang Bass PJ' budget-line sub-model","","","","https://reverb.com/item/101833794-fender-player-mustang-bass-pj-2019-upgraded"
"bb1d6785-267c-4dff-804a-0d4dc5270fef","roland-re-201","Roland Space Echo RE-201","11699","SEK","","exact","exact","94","'Space Echo RE-201' verbatim","","true","","https://www.blocket.se/recommerce/forsale/item/25878050"
"bb2023b2-751a-49fa-aa72-7b171b84a5be","roland-tr-808","Roland TR-808 Rhythm Composer 1983 Black","39049","DKK","","exact","exact","94","'TR-808 Rhythm Composer' with year","","true","","https://reverb.com/item/41440344-roland-tr-808-rhythm-composer-1983-black"
"bb3ed4dc-4798-4efe-a509-a4f9ef362d0b","gibson-es-335-dot","Gibson Custom Shop 1959 ES-335 Dot Reissue Limited Edition","","EUR","","abstain","skipped","62","'Custom Shop 1959 Reissue Limited Edition' different tier","","","","https://www.kleinanzeigen.de/s-anzeige/gibson-custom-shop-1959-es-335-dot-reissue-limited-edition/3495267645-74-6099"
"bb7ad348-35c3-4812-9c2d-4ef7fbdd1ae9","gibson-les-paul-studio","Gibson Gibson Les Paul Studio Plus 2011 - Trans Red","11961","DKK","","exact","exact","65","'Les Paul Studio Plus' within Studio line","","true","","https://reverb.com/item/94644774-gibson-gibson-les-paul-studio-plus-2011-trans-red"
"bb85e21b-a05f-4e52-851c-f9dc531f9372","roland-juno-106","1984 Roland Juno-106 Analog Polyphonic Synthesizer w/OHSC, Serviced and Upgraded, MIJ","16301","DKK","","exact","exact","93","'Juno-106' serviced, case included","","true","","https://reverb.com/item/96880002-1984-roland-juno-106-analog-polyphonic-synthesizer-w-ohsc-serviced-and-upgraded-mij"
"bbb87e9e-9030-43bf-b814-a8c33bac3128","ua-1176ln","Urei Vintage 1176LN Rev. H Limiting Amplifier - 1979, s/n 9513H - Silverface","22125","DKK","","exact","exact","70","'1176LN Rev. H Limiting Amplifier' names the 1176LN unit","","true","","https://reverb.com/item/94176195-urei-vintage-1176ln-rev-h-limiting-amplifier-1979-s-n-9513h-silverface"
"bbcea5d7-22aa-4a6a-9a2c-651e0765b44a","gibson-les-paul-special","Gibson Les Paul Special - TV Yellow 202060256","11735","DKK","","exact","exact","93","'Gibson Les Paul Special' with finish/serial only","","true","","https://reverb.com/item/95456547-gibson-les-paul-special-tv-yellow-202060256"
"bbd47269-8780-425a-aaf8-13ef844c38b9","fender-american-vintage-52-telecaster","Fender American Vintage '52 Telecaster Butterscotch Blonde","8407","DKK","","exact","exact","94","'American Vintage '52 Telecaster' verbatim","","true","","https://reverb.com/item/100401947-fender-american-vintage-52-telecaster-butterscotch-blonde"
"bbd91d23-0ba3-4278-89c7-12d464c60d6b","fender-american-professional-ii-stratocaster","Fender American Professional II Stratocaster HSS OW - 2025","13647","SEK","","exact","exact","92","'American Professional II Stratocaster', HSS is a pickup config","","true","","https://www.blocket.se/recommerce/forsale/item/25842091"
"bbe27c3c-9486-44d5-b483-0a9e798ca3c6","fender-telecaster-thinline","Fender Custom Shop Nocaster Telecaster Thinline NOS 2005 - Butter","40230","EUR","","abstain","skipped","62","'Custom Shop Nocaster Thinline NOS' is a Custom Shop sub-model tier","","","","https://www.kleinanzeigen.de/s-anzeige/fender-custom-shop-nocaster-telecaster-thinline-nos-2005-butter/3279341972-74-1734"
"bc0d6f90-3841-4cf1-bd4f-09884eacf620","gibson-les-paul-special","Gibson Les Paul special","","EUR","","exact","exact","88","'Gibson Les Paul special'","","true","","https://www.kleinanzeigen.de/s-anzeige/gibson-les-paul-special/3504091338-74-6956"
"bc21f00c-171d-4538-a516-ed85f663108c","gibson-les-paul-studio","Gibson Les Paul Studio Platinum Ebony Electric Guitar 2003 Pre-Owned","9410","DKK","","exact","exact","72","'Les Paul Studio' with Platinum/Ebony finish descriptor","","true","","https://reverb.com/item/97018593-gibson-les-paul-studio-platinum-ebony-electric-guitar-2003-pre-owned"
"bc5ef7f1-3557-4892-9283-0886cfd9bfe2","gibson-les-paul-studio","Gibson Les Paul Studio EB Ebony Chrom USA","","EUR","","exact","exact","90","'Les Paul Studio EB Ebony' USA","","true","","https://www.kleinanzeigen.de/s-anzeige/gibson-les-paul-studio-eb-ebony-chrom-usa/3507763544-74-3401"
"bc73a701-fe53-4954-b53c-9a6477beb8bd","fender-telecaster-thinline","Fender Telecaster Thinline 1972","61114","DKK","","exact","exact","92","'Telecaster Thinline 1972'","","true","","https://reverb.com/item/90233857-fender-telecaster-thinline-1972"
"bc9931c5-5ddb-4253-b084-35ad80163476","fender-telecaster-custom","Fender Telecaster Custom  American Vintage II 1977","12600","NOK","","abstain","skipped","60","'American Vintage II 1977' reissue line vs plain Telecaster Custom row","","","","https://www.finn.no/recommerce/forsale/item/476742691"
"bce46057-2102-485a-92a8-dccf5586e870","korg-ms-20","Korg Ms-20 mini","2550","DKK","","wrong","wrong","92","'MS-20 mini' is a different, smaller reissue model","","false","admin_rejected","https://www.dba.dk/recommerce/forsale/item/21900452"
"bd00d35e-8e91-44a4-adde-2b1d291ce60a","fender-telecaster-custom","1978 Fender Telecaster Custom – Black – Made in USA 4kg","","EUR","","exact","exact","92","'1978 Fender Telecaster Custom' Made in USA","","true","","https://www.kleinanzeigen.de/s-anzeige/1978-fender-telecaster-custom-black-made-in-usa-4kg/3502822479-74-8079"
"bd23a40b-a71b-44ee-b202-3274d8300154","gibson-hummingbird","Gibson Hummingbird Original Antique Natural","24315","DKK","","exact","exact","88","'Gibson Hummingbird Original' with finish name","","true","","https://reverb.com/item/95009849-gibson-hummingbird-original-antique-natural"
"bd598ac1-30c2-4b2b-9838-22ca8eb6ea0f","gibson-j-45","Gibson Custom Shop M2M 1942 J-45 Banner All Mahogany Vintage Sunburst Light Aged (Serial #23625009)","35544","DKK","","abstain","skipped","65","'Custom Shop M2M 1942 J-45 Banner' is a Custom Shop tier build","","","","https://reverb.com/item/101627850-gibson-custom-shop-m2m-1942-j-45-banner-all-mahogany-vintage-sunburst-light-aged-serial-23625009"
"bd6e7256-80af-4d56-97bd-7639f4cf94f5","yamaha-dx7","Yamaha DX7 Musik Kassette - 64.237 51 - Vintage 80s - Rarität","432","EUR","","accessory","accessory","70","'Musik Kassette' tape, not the synthesizer itself","","false","admin_rejected","https://www.kleinanzeigen.de/s-anzeige/yamaha-dx7-musik-kassette-64-237-51-vintage-80s-raritaet/3512324388-74-21242"
"bd9544d1-2cb5-4bba-a235-755f440665f5","ua-1176ln","Urei Universal Audio 1176LN Rev. H Limiting Amplifier 1970s - 1980s - Silverface","26492","DKK","","exact","exact","78","'Universal Audio 1176LN Rev. H Limiting Amplifier'","","true","","https://reverb.com/item/100507367-urei-universal-audio-1176ln-rev-h-limiting-amplifier-1970s-1980s-silverface"
"be1efa54-2fed-4478-b5e4-2b1f95615774","gibson-les-paul-custom","Gibson Les Paul Custom Shop R8 (58/2014) Vurderes Solgt.","0","NOK","","wrong","wrong","70","'R8 (58)' is a 1958 Les Paul Standard reissue, not a Les Paul Custom","","false","admin_rejected","https://www.finn.no/recommerce/forsale/item/473593828"
"be305790-cc74-4188-b0ed-f2d1b1584288","gibson-les-paul-special","Gibson Custom Shop '60 Les Paul Special Double Cut Reissue 2019 - Present - TV Yellow VOS","18859","DKK","","abstain","skipped","63","'Custom Shop '60 Les Paul Special Double Cut Reissue VOS' different tier","","","","https://reverb.com/item/101474927-gibson-custom-shop-60-les-paul-special-double-cut-reissue-2019-present-tv-yellow-vos"
"be320175-d869-40e5-9fbb-b00d9682c9ea","fender-american-vintage-52-telecaster","Fender American Vintage '52 Telecaster Re-issue 2006 - Butterscotch Blonde","12750","DKK","","exact","exact","92","'American Vintage '52 Telecaster Re-issue'","","true","","https://reverb.com/item/97255293-fender-american-vintage-52-telecaster-re-issue-2006-butterscotch-blonde"
"be4cee34-809d-4d61-b1f7-89dc4bb0f5e5","roland-juno-106","Roland Juno-106 61-Key Programmable Polyphonic Synthesizer","17971","DKK","","exact","exact","95","'Roland Juno-106' synthesizer","","true","","https://reverb.com/item/94509125-roland-juno-106-61-key-programmable-polyphonic-synthesizer"
"be6c38b8-0677-4964-a79e-9fc2b17ab8db","fender-mustang-bass","1999 Fender Japan MB98-70SD Mustang Bass (Fiesta Red)","9920","DKK","","exact","exact","72","'Mustang Bass' MIJ MB98-70SD, complete instrument","","true","","https://reverb.com/item/88198300-1999-fender-japan-mb98-70sd-mustang-bass-fiesta-red"
"be9e824a-30de-40e7-8b6a-03b4be532ee2","gibson-les-paul-custom","Gibson Les Paul Custom Shop 1959 Reissue 50th Anniversary","35749","SEK","","wrong","wrong","70","'1959 Reissue' is a Les Paul Standard reissue, not Les Paul Custom","","false","admin_rejected","https://www.blocket.se/recommerce/forsale/item/26076464"
"bebdf383-f81e-4276-a5d3-8064cd2b76ee","roland-re-201","Boss RE-20 Roland RE-201 Space Echo Stereo Tape Delay Twin Guitar Effect Pedal","1624","DKK","","wrong","wrong","90","'Boss RE-20' pedal emulation, not the RE-201 tape echo","","false","admin_rejected","https://reverb.com/item/101790372-boss-re-20-roland-re-201-space-echo-stereo-tape-delay-twin-guitar-effect-pedal"
"bed0602f-7202-4de9-9dc7-d8d97d0539ea","gibson-les-paul-custom","Gibson Les Paul Custom Shop R9 50th anniversary","35425","SEK","","wrong","wrong","70","'R9' denotes a 1959 Les Paul Standard reissue, not a Custom","","false","admin_rejected","https://www.blocket.se/recommerce/forsale/item/26700119"
"bedb2214-1aa7-479a-a24a-c993eb44a718","gibson-les-paul-special","Gibson Les Paul Special 2001 - Red","10145","DKK","","exact","exact","92","'Gibson Les Paul Special 2001 - Red'","","true","","https://reverb.com/item/100593901-gibson-les-paul-special-2001-red"
"bee9ffeb-c7a3-426a-be09-95377c34c6a0","fender-american-professional-ii-stratocaster","FENDER AMERICAN PROFESSIONAL II STRATOCASTER - MIAMI BLUE WITH CASE","8201","DKK","","exact","exact","95","'American Professional II Stratocaster' with case bundled","","true","","https://reverb.com/item/100677027-fender-american-professional-ii-stratocaster-miami-blue-with-case"
"bf012b6c-cb87-40ce-8984-031286188865","roland-juno-6","Roland Juno-6 61-Key Polyphonic Synthesizer 1982 - 1984 - Black","15482","DKK","","exact","exact","95","'Roland Juno-6 61-Key Polyphonic Synthesizer'","","true","","https://reverb.com/item/100514161-roland-juno-6-61-key-polyphonic-synthesizer-1982-1984-black"
"bf2a79be-22a7-4526-87e8-418d90c9d9c9","gibson-es-335-dot","GIBSON USA ES-335 Dot Reissue ""Cherry + Rosewood"" (2001)","26331","DKK","","exact","exact","85","'GIBSON USA ES-335 Dot Reissue' names the USA Dot model","","true","","https://reverb.com/item/80061487-gibson-usa-es-335-dot-reissue-cherry-rosewood-2001"
"bf2f83b9-9b05-47ec-9748-59da4d27df19","yamaha-dx7","YAMAHA DX7 DX DATA Card 1","373","EUR","","accessory","accessory","95","'DX DATA Card' — data cartridge only","","false","admin_rejected","https://www.kleinanzeigen.de/s-anzeige/yamaha-dx7-dx-data-card-1/3485403890-74-3491"
"bf428e1a-9fd7-4eb6-9e1a-ebf686bfeba5","roland-tr-606","Roland Drumatix TR-606 - X23269","4560","DKK","","exact","exact","95","'Drumatix TR-606' unit","","true","","https://reverb.com/item/101273777-roland-drumatix-tr-606-x23269"
"bf98e3a7-2677-445e-b9a2-9761db16443d","yamaha-dx7","Yamaha DX7 Voice Rom #4 Orchestral & percussive Group/ Complex & Effects Group Cartridge","481","DKK","","accessory","accessory","96","'Voice Rom ... Cartridge' for DX7","","false","admin_rejected","https://reverb.com/item/99617993-yamaha-dx7-voice-rom-4-orchestral-percussive-group-complex-effects-group-cartridge"
"bfc51802-6821-40d6-8359-58db1de9f576","moog-model-d","Terry Bozzio's Missing Person's 1980s Mini-Moog Model D with Roland MPU-101","84766","DKK","","abstain","skipped","60","'Mini-Moog Model D' straddles Minimoog and Model D rows","","","","https://reverb.com/item/99461227-terry-bozzio-s-missing-person-s-1980s-mini-moog-model-d-with-roland-mpu-101"
"baa401d1-183b-41ac-8a97-b3143fa9662b","gibson-j-45","Gibson 1942 Banner J-45 - Vintage Sunburst","32608","DKK","","abstain","skipped","58","'1942 Banner J-45' vintage/reissue tier unclear","","","","https://reverb.com/item/95845840-gibson-1942-banner-j-45-vintage-sunburst"
"baa7e3d3-20b0-4301-bc1c-a3ce49261078","moog-source","Moog Source 80s Weezer Matt Sharp Rentals","17718","DKK","","exact","exact","88","'Moog Source' with provenance blurb","","true","","https://reverb.com/item/61051114-moog-source-80s-weezer-matt-sharp-rentals"
"c00f9c5d-2532-4202-a4c0-c00109d0d561","gibson-les-paul-studio","GIBSON LES PAUL STUDIO FADED BLUE 2011, GEBRAUCHT","","EUR","","exact","exact","80","'Les Paul Studio Faded' — finish variant of Studio","","true","","https://www.kleinanzeigen.de/s-anzeige/gibson-les-paul-studio-faded-blue-2011-gebraucht/2946911991-74-2136"
"c019f197-be98-4bbd-80cf-01893d3fc58d","fender-telecaster-thinline","Fender American Vintage II 1972 Telecaster Thinline - Lake Placid Blue","18264","DKK","","abstain","skipped","60","'American Vintage II 1972' reissue tier vs generic Thinline row","","","","https://reverb.com/item/80100071-fender-american-vintage-ii-1972-telecaster-thinline-lake-placid-blue"
"c07a995d-60c9-495b-80e3-6cc08e62bae6","fender-telecaster-thinline","Fender Telecaster Thinline American Deluxe - Sunburst","14322","DKK","","abstain","skipped","55","'American Deluxe' series qualifier on Thinline","","","","https://reverb.com/item/95093273-fender-telecaster-thinline-american-deluxe-sunburst"
"c0bf9148-f7a3-488f-8b37-5d65ddfb6630","gibson-les-paul-studio","Gibson - Les Paul Studio - Electric Guitar - Heritage Cherry Sunburst - with  Soft Shell Case (LPST01HSCH1)","10430","DKK","","exact","exact","95","'Les Paul Studio' guitar with soft shell case","","true","","https://reverb.com/item/85714945-gibson-les-paul-studio-electric-guitar-heritage-cherry-sunburst-with-soft-shell-case-lpst01hsch1"
"c0fa7611-d68b-4acd-83e3-161b3372ef38","roland-tr-707","Roland Roland TR-707 / TR-727 Original Power Supply","313","DKK","","accessory","accessory","96","'Original Power Supply' only","","false","admin_rejected","https://reverb.com/item/101698899-roland-roland-tr-707-tr-727-original-power-supply"
"c10e6650-2c57-4b79-92cb-9dd0280ef5b8","neumann-u87ai","Neumann U 87 Ai Condenser Microphone. Mid 90s. U87Ai U87. 88559","15003","DKK","","exact","exact","95","'Neumann U 87 Ai Condenser Microphone'","","true","","https://reverb.com/item/101849890-neumann-u-87-ai-condenser-microphone-mid-90s-u87ai-u87-88559"
"c1132221-f0ce-443f-9d3a-048d537b7f79","korg-ms-20","Korg MS-20 Mini WH Limited Edition White Semi-Modular Analog Synthesizer Keyboard White New //ARMENS//","5864","DKK","","wrong","wrong","92","'MS-20 Mini' is not the MS-20","","false","admin_rejected","https://reverb.com/item/101298616-korg-ms-20-mini-wh-limited-edition-white-semi-modular-analog-synthesizer-keyboard-white-new-armens"
"c14252f5-a971-45f0-a224-ea586a093cbe","gibson-les-paul-special","Gibson Les Paul Special Vintage Cherry w/case","11735","DKK","","exact","exact","92","'Les Paul Special' with case","","true","","https://reverb.com/item/32751691-gibson-les-paul-special-vintage-cherry-w-case"
"c193c9ba-2ee1-483f-9bcf-8c2db09dac8a","moog-source","Moog Source Panel Overlay Set","978","DKK","","accessory","accessory","95","'Panel Overlay Set' part only","","false","admin_rejected","https://reverb.com/item/101102999-moog-source-panel-overlay-set"
"c19bf008-deff-4bc9-beb9-ee613bf6e60a","gibson-les-paul-special","Canadian Made Gibson Les Paul Special Double Cut  elephant/purple 2023 - alligator black/purple","907","DKK","","abstain","skipped","55","'Canadian Made ... Double Cut' custom-finish wording unclear","","","","https://reverb.com/item/82733561-canadian-made-gibson-les-paul-special-double-cut-elephant-purple-2023-alligator-black-purple"
"c1b577e0-a377-4598-bc33-5500bc853f20","gibson-les-paul-custom","Gibson Les Paul Custom ’68 Polaris White VOS Custom Shop 2010","45810","EUR","","abstain","skipped","65","'Custom Shop ’68 VOS' reissue tier","","","","https://www.kleinanzeigen.de/s-anzeige/gibson-les-paul-custom-68-polaris-white-vos-custom-shop-2010/3331631101-74-1449"
"c1d6bb08-5b46-4ae8-b685-bb0cf138fa60","gibson-es-335-dot","Gibson ES-335 Dot 2020 - Present - Sixties Cherry","22824","DKK","","exact","exact","95","'Gibson ES-335 Dot' current production","","true","","https://reverb.com/item/92695729-gibson-es-335-dot-2020-present-sixties-cherry"
"c1f9c008-819e-4937-a41b-31f82ad62690","gibson-les-paul-custom","NEW! Gibson Custom 1954 Les Paul Custom Heavy Aged - 2026 Limited Edition Collection - Authorized Dealer - Pre-Order","60984","DKK","","abstain","skipped","65","'Gibson Custom 1954 ... Heavy Aged Limited Edition' Custom Shop tier","","","","https://reverb.com/item/95685296-new-gibson-custom-1954-les-paul-custom-heavy-aged-2026-limited-edition-collection-authorized-dealer-pre-order"
"c24493ef-7e7c-45f9-8aa6-ab554c5f983f","gibson-j-45","Gibson J-45 Standard 2020 - Present - Vintage Sunburst","17955","DKK","","exact","exact","90","'Gibson J-45 Standard'","","true","","https://reverb.com/item/94910332-gibson-j-45-standard-2020-present-vintage-sunburst"
"c2589ac7-98f0-4ae1-bd69-5852d2c39bc2","fender-mustang-bass","Fender Mustang Bass 1975 Natural","14579","DKK","","exact","exact","93","'Fender Mustang Bass 1975'","","true","","https://reverb.com/item/100513945-fender-mustang-bass-1975-natural"
"c267646e-74d2-4662-b49f-28f7c994c725","gibson-hummingbird","Gibson Hummingbird Original - Adirondack Spruce","30104","DKK","","exact","exact","85","'Gibson Hummingbird Original'","","true","","https://reverb.com/item/101033815-gibson-hummingbird-original-adirondack-spruce"
"c26b32fe-77f6-444f-be03-c194f567c61e","gibson-es-335-dot","Gibson ES-335 Dot 2020 - 2026 - Vintage Ebony","16657","DKK","","exact","exact","95","'Gibson ES-335 Dot' with finish","","true","","https://reverb.com/item/101056675-gibson-es-335-dot-2020-2026-vintage-ebony"
"c2b063fd-dde2-49b8-a68c-4b894a753bb1","roland-juno-60","Roland Juno 60 Synthesizer","17135","EUR","","exact","exact","93","'Roland Juno 60 Synthesizer'","","true","","https://www.kleinanzeigen.de/s-anzeige/roland-juno-60-synthesizer/3486792234-74-24227"
"c2c17e49-ed8f-493b-8e44-c4e49af4770a","gibson-j-45","Gibson J-45 Standard Sunburst 2021","14254","DKK","","exact","exact","90","'J-45 Standard' is the core J-45 model, finish/year irrelevant","","true","","https://reverb.com/item/100479449-gibson-j-45-standard-sunburst-2021"
"c2db96dd-0bf9-4ff7-86a8-e0eba9d50062","gibson-les-paul-custom","Gibson Les Paul Custom EB Lefthand 1979","","EUR","","exact","exact","90","'Les Paul Custom' named; ebony finish, lefthand, year are not identity","","true","","https://www.kleinanzeigen.de/s-anzeige/gibson-les-paul-custom-eb-lefthand-1979/3500210112-74-14101"
"c2ddac95-9b8f-4624-9001-5d41e353b0b8","roland-re-201","Roland RE-201 Space Echo","9749","SEK","","exact","exact","95","'RE-201 Space Echo' exact model name","","true","","https://www.blocket.se/recommerce/forsale/item/23810404"
"c2f34e44-b338-4f1f-9368-81516b7e2cb0","gibson-les-paul-special","Gibson Les Paul Special Double Cut Faded Worncherry","","EUR","","exact","exact","72","'Les Paul Special Double Cut' with faded worn cherry finish","","true","","https://www.kleinanzeigen.de/s-anzeige/gibson-les-paul-special-double-cut-faded-worncherry/3514866609-74-1952"
"c3153d5b-c6d8-4684-b792-b66d3946732d","gibson-les-paul-custom","Gibson Les Paul Custom Shop 1958 Standard R8 Limited 2017","","EUR","","wrong","wrong","75","'Custom Shop 1958 Standard R8' is a reissue Standard, not a Les Paul Custom","","false","admin_rejected","https://www.kleinanzeigen.de/s-anzeige/gibson-les-paul-custom-shop-1958-standard-r8-limited-2017/3500722333-74-496"
"c31ca6f4-aa93-454e-bee7-32cb639cd6c6","gibson-es-335-dot","Gibson ES 335 dot, 2008, Custom Shop Koffer","","EUR","","exact","exact","78","'ES 335 dot' with 'Koffer' (case) included","","true","","https://www.kleinanzeigen.de/s-anzeige/gibson-es-335-dot-2008-custom-shop-koffer/3504308427-74-16"
"c3ae1644-1b7e-419e-86be-424213242caa","neve-portico-ii-master-buss-processor","Rupert Neve Designs Portico II Master Buss Processor - Black (Demo / Open Box)","30894","DKK","","exact","exact","93","'Portico II Master Buss Processor' full name; demo/open box is condition","","true","","https://reverb.com/item/54518217-rupert-neve-designs-portico-ii-master-buss-processor-black-demo-open-box"
"c3c3f4df-c7ad-47b6-8bfb-43ce7ced6d44","gibson-les-paul-custom","1979 Gibson Les Paul Custom Wine Red","","EUR","","exact","exact","90","'Gibson Les Paul Custom' with year and colour only","","true","","https://www.kleinanzeigen.de/s-anzeige/1979-gibson-les-paul-custom-wine-red/3507475080-74-7584"
"c3cb5eec-8b7e-4b4a-8308-056076511730","fender-telecaster-thinline","Used Fender American Vintage II 1972 Telecaster Thinline Guitar Candy Apple Red","15655","DKK","","abstain","skipped","60","'American Vintage II 1972 Telecaster Thinline' reissue tier vs generic Thinline row","","","","https://reverb.com/item/98106666-used-fender-american-vintage-ii-1972-telecaster-thinline-guitar-candy-apple-red"
"c3ccbe6f-fea3-459c-9a17-c0260c006422","gibson-es-335-dot","Gibson ES-335 Dot 1984 - Ebony","30569","DKK","","exact","exact","92","'ES-335 Dot' with year and ebony finish","","true","","https://reverb.com/item/92253312-gibson-es-335-dot-1984-ebony"
"c3e352fe-f8a2-4d8d-8a7e-31a2a164fddb","gibson-j-45","Gibson J-45 Special, Satin Vintage Sunburst, L.R. Baggs electronics, Soft Case","13039","DKK","","exact","exact","62","'J-45 Special' satin variant within the J-45 line, case bundled","","true","","https://reverb.com/item/101429919-gibson-j-45-special-satin-vintage-sunburst-l-r-baggs-electronics-soft-case"
"c405e11b-9cf3-4304-8647-d4a58d5afea9","gibson-es-335-dot","Gibson ES-335 Dot 1991 - 2014 - Cherry","16079","DKK","","exact","exact","90","'ES-335 Dot' with year range and cherry finish","","true","","https://reverb.com/item/73112780-gibson-es-335-dot-1991-2014-cherry"
"c41b99b2-7167-4c2f-88fd-5bc8cc998d95","gibson-les-paul-special","Ny pris! Gibson Les Paul Special 50’s tribute sunburst fra 2013 selges","10200","NOK","","abstain","skipped","58","'50's tribute' budget tribute line, not plain Les Paul Special","","","","https://www.finn.no/recommerce/forsale/item/474930187"
"c43515f8-39aa-4fe0-b2e6-f95ee03b7ac1","roland-tr-909","Roland TR-909 Rhythm Composer eprom v4","42224","DKK","part_or_accessory:eprom","accessory","accessory","95","'eprom v4' chip for the TR-909","","false","admin_rejected","https://reverb.com/item/94520682-roland-tr-909-rhythm-composer-eprom-v4"
"c4462873-93fb-4588-b799-91fbc0650338","tube-tech-lca-2b","Tube-Tech LCA 2B Dual Channel Tube VCA Compressor / Limiter 2010s - Blue","31874","DKK","","exact","exact","92","'Tube-Tech LCA 2B' exact model","","true","","https://reverb.com/item/68021196-tube-tech-lca-2b-dual-channel-tube-vca-compressor-limiter-2010s-blue"
"c4753304-2642-4147-8030-b7a9d4d7452c","roland-tr-707","Roland TR-707 w/ rev2 HKA + Cymbals, Pitch Mod, Decay Mod, VCA Inputs!","10480","DKK","","exact","exact","80","'Roland TR-707' unit with added modifications","","true","","https://reverb.com/item/96142394-roland-tr-707-w-rev2-hka-cymbals-pitch-mod-decay-mod-vca-inputs"
"c4da7a91-2a7f-46d4-a0a5-1167d3467d88","gibson-hummingbird","Gibson Hummingbird Standard Vintage Sunburst","28139","DKK","","exact","exact","88","'Hummingbird Standard' core model with sunburst finish","","true","","https://reverb.com/item/92082967-gibson-hummingbird-standard-vintage-sunburst"
"c4e02750-1508-4ecb-a17d-1c69606c5522","gibson-les-paul-studio","Gibson Les Paul Studio Lite 1994","","EUR","","wrong","wrong","62","'Les Paul Studio Lite' is a distinct model, not the Studio","","false","admin_rejected","https://www.kleinanzeigen.de/s-anzeige/gibson-les-paul-studio-lite-1994/3506277339-74-8600"
"c531f118-fd5a-42f7-b2bd-dab1c84738f7","gibson-les-paul-studio","GIBSON Les Paul Studio 60'S Tribute | P90'S Satin Goldtop | Hardshell Case","9760","DKK","","abstain","skipped","58","'Studio 60'S Tribute' P90 budget tribute variant","","","","https://reverb.com/item/98111547-gibson-les-paul-studio-60-s-tribute-p90-s-satin-goldtop-hardshell-case"
"c532a4cf-15e4-45c3-ae03-111b667f9b2d","gibson-les-paul-studio","Gibson Les Paul Studio Faded Ebony 2012 - Top Zustand -","7078","EUR","","exact","exact","72","'Les Paul Studio' with faded ebony finish and year","","true","","https://www.kleinanzeigen.de/s-anzeige/gibson-les-paul-studio-faded-ebony-2012-top-zustand-/3516460218-74-8045"
"c53732ec-7c93-48be-9737-b3d41ee81e8e","fender-mustang-bass","Fender JMJ Road Worn Signature Mustang Bass 2025 - Faded Daphne Blue","8039","DKK","","wrong","wrong","68","'JMJ Road Worn Signature Mustang Bass' is a signature model, not the standard Mustang Bass","","false","admin_rejected","https://reverb.com/item/101307922-fender-jmj-road-worn-signature-mustang-bass-2025-faded-daphne-blue"
"c53a1ff5-6859-400b-a7bc-66d83feed6bd","gibson-es-335-dot","Gibson ES-335 Dot 1997- Figured Antique Natural","16960","DKK","","exact","exact","88","'ES-335 Dot 1997' with natural figured finish","","true","","https://reverb.com/item/98051519-gibson-es-335-dot-1997-figured-antique-natural"
"c53c918f-078b-4355-9b3a-ab78fec60c76","gibson-sj-200-original","Gibson Custom Shop SJ-200 Original Special 2026, Antique Natural","42067","DKK","","abstain","skipped","55","'SJ-200 Original Special' adds an unclear 'Special' designation","","","","https://reverb.com/item/100655755-gibson-custom-shop-sj-200-original-special-2026-antique-natural"
"c5918f3f-2c0c-4e63-a7e3-66638830a450","roland-tr-909","Roland TR-909 Rhythm Composer eprom v4","49903","DKK","part_or_accessory:eprom","accessory","accessory","95","'eprom v4' chip for the TR-909","","false","admin_rejected","https://reverb.com/item/94520682-roland-tr-909-rhythm-composer-eprom-v4"
"c5d87494-cc4a-47fa-b1a3-94677f926525","gibson-es-335-dot","Gibson Custom ES-335 Dot Electric Guitar - Pearl White w/ HS Case","35638","DKK","","abstain","skipped","58","'Gibson Custom' ES-335 Dot is Custom Shop tier vs factory Dot row","","","","https://reverb.com/item/101884292-gibson-custom-es-335-dot-electric-guitar-pearl-white-w-hs-case"
"c5ff973a-7596-4f2a-94a2-59efd5ee337f","gibson-les-paul-studio","1984 Gibson Les Paul Studio Custom HCS USA Vintage Tim Shaw 3,7kg","23833","EUR","","wrong","wrong","60","'Les Paul Studio Custom' 1984, a distinct model, not the Les Paul Studio","","false","admin_rejected","https://www.kleinanzeigen.de/s-anzeige/1984-gibson-les-paul-studio-custom-hcs-usa-vintage-tim-shaw-3-7kg/3283610197-74-12892"
"c600b702-505f-4e76-b7fc-50f2399dd649","roland-jupiter-8","Roland Jupiter-8 - Serviced, MIDI, Beautiful Condition","218285","DKK","","exact","exact","95","'Roland Jupiter-8', service/MIDI mod only","","true","","https://reverb.com/item/91833469-roland-jupiter-8-serviced-midi-beautiful-condition"
"c62911fa-5c73-4130-8839-686b71408359","gibson-les-paul-custom","Gibson Les Paul Custom 1969/70 - Ebony ""Black Beauty"" Transition","","EUR","","exact","exact","90","'Gibson Les Paul Custom' ebony, year only","","true","","https://www.kleinanzeigen.de/s-anzeige/gibson-les-paul-custom-1969-70-ebony-black-beauty-transition/2895992312-74-9266"
"c64015f0-9d76-404a-9d82-bb913599f9a7","rhodes-mark-i-stage-73","Rhodes Mark I Stage 73 från 1977","22100","SEK","","exact","exact","95","'Rhodes Mark I Stage 73' with year","","true","","https://www.blocket.se/recommerce/forsale/item/26671743"
"c65dd09d-27f1-481b-ab8b-e9a6f4ac451b","yamaha-dx7","Yamaha DX7 Vol 1 Master Group, Keyboard & Plucked Group, Voice Data ROM","513","DKK","","accessory","accessory","95","'Voice Data ROM' cartridge for DX7, not the synth","","false","admin_rejected","https://reverb.com/item/100783740-yamaha-dx7-vol-1-master-group-keyboard-plucked-group-voice-data-rom"
"c68ef1d6-fce3-4cbf-bdea-790e14b83884","roland-juno-60","Roland Juno 60","18849","EUR","","exact","exact","94","'Roland Juno 60'","","true","","https://www.kleinanzeigen.de/s-anzeige/roland-juno-60/3502545976-74-984"
"c696c59c-3e72-4d2c-8280-1ece849ec620","roland-juno-6","Roland Juno-6 Polyphonic Synthesizer - Serviced","10763","DKK","","exact","exact","95","'Roland Juno-6' synth, serviced","","true","","https://reverb.com/item/101210294-roland-juno-6-polyphonic-synthesizer-serviced"
"c6a97ad8-52ff-4ae2-8e22-eb5139a3c5c9","gibson-les-paul-special","Gibson Custom Shop 1957 Les Paul Special Single Cut Murphy Lab Ultra Light Aged TV Yellow (094)","30595","DKK","","abstain","skipped","75","'Custom Shop 1957 Murphy Lab' reissue tier vs factory Les Paul Special","","","","https://reverb.com/item/97537925-gibson-custom-shop-1957-les-paul-special-single-cut-murphy-lab-ultra-light-aged-tv-yellow-094"
"c6aed1c3-a69d-4cb5-889a-b1e323ea9c49","roland-juno-6","Roland Juno-6 synthesizer keyboard","740","NOK","","exact","exact","95","'Roland Juno-6 synthesizer keyboard'","","true","","https://www.finn.no/recommerce/forsale/item/476345963"
"c6c5be98-9a17-4af6-8fed-9fc13bd453bb","gibson-les-paul-studio","Gibson Les Paul Studio Tobacco Burst Electric Guitar","18287","DKK","","exact","exact","95","'Gibson Les Paul Studio', finish only","","true","","https://reverb.com/item/99016184-gibson-les-paul-studio-tobacco-burst-electric-guitar"
"c6ff6385-afea-4035-ab08-63a356036529","gibson-les-paul-studio","GIBSON LES PAUL STUDIO SATIN FB (2012) – ORIGINALZUSTAND","7078","EUR","","exact","exact","90","'Gibson Les Paul Studio Satin' 2012, finish/year","","true","","https://www.kleinanzeigen.de/s-anzeige/gibson-les-paul-studio-satin-fb-2012-originalzustand/3516923150-74-4303"
"c723a1cf-e156-4892-93cf-a94eee052a7e","neve-portico-ii-master-buss-processor","Rupert Neve Designs Portico II Master Buss Processor Black w/ Box","26092","DKK","","exact","exact","94","'Portico II Master Buss Processor' with box","","true","","https://reverb.com/item/101548231-rupert-neve-designs-portico-ii-master-buss-processor-black-w-box"
"c7281e82-b283-41fa-bba2-1dc4252b9586","gibson-es-335-dot","1982 Gibson ES-335 Dot Electric Guitar Patrick Swayze’s Personal Guitar! #3080","48922","DKK","","exact","exact","90","'Gibson ES-335 Dot' 1982, provenance only","","true","","https://reverb.com/item/99787146-1982-gibson-es-335-dot-electric-guitar-patrick-swayze-s-personal-guitar-3080"
"c7430ed4-5d4f-4d54-8438-a0ff43bc034e","neumann-u87ai","Neumann U 87 Ai Condenser Microphone. Excellent U87Ai U87. 96346","15821","DKK","","exact","exact","96","'Neumann U 87 Ai Condenser Microphone'","","true","","https://reverb.com/item/100889211-neumann-u-87-ai-condenser-microphone-excellent-u87ai-u87-96346"
"c746bdcc-b027-445e-971d-f18c4caa8bba","gibson-les-paul-custom","Gibson Les Paul Custom 70s Tobacco Sunburst","24054","DKK","","exact","exact","88","'Gibson Les Paul Custom' 70s, finish only","","true","","https://reverb.com/item/101960505-gibson-les-paul-custom-70s-tobacco-sunburst"
"c7566774-3334-4932-87f7-a696e12d4f57","gibson-es-335-dot","Gibson ES-335 Dot Reissue Sunburst 1989","21182","DKK","","exact","exact","78","'ES-335 Dot Reissue' is the Dot model, year/finish only","","true","","https://reverb.com/item/99574657-gibson-es-335-dot-reissue-sunburst-1989"
"c779fbf0-96b3-4053-b0c7-bed75ab3f178","roland-sh-101","Roland SH-101 32-Key Monophonic Synthesizer 1982 - 1986 - Gray","4366","DKK","","exact","exact","95","'Roland SH-101' monophonic synth","","true","","https://reverb.com/item/91082328-roland-sh-101-32-key-monophonic-synthesizer-1982-1986-gray"
"c794bb5e-23bf-43f4-9c94-2f3867519f09","gibson-j-45","Gibson J-45 Special - Satin Ebony","13039","DKK","","exact","exact","63","'Gibson J-45 Special' appointment variant of J-45","","true","","https://reverb.com/item/101871574-gibson-j-45-special-satin-ebony"
"c7acb689-8665-4fae-8a10-32f2c33ff9f9","emu-sp-1200","E-MU Systems SP-1200 8-Voice Drum Sampler 1987 - 1996 - Black","45950","DKK","","exact","exact","95","'E-MU Systems SP-1200' drum sampler","","true","","https://reverb.com/item/101415021-e-mu-systems-sp-1200-8-voice-drum-sampler-1987-1996-black"
"c7acbf2c-0a99-4d57-9a3d-7e41b5ae7466","yamaha-dx7","[SALE Ends Aug 31] YAMAHA DATA CARTRIDGE RAM4 Memory Card for DX7 DX7II TX802 RX5 RX7","514","DKK","part_or_accessory:cartridge","accessory","accessory","97","'DATA CARTRIDGE RAM4 Memory Card for DX7'","","false","admin_rejected","https://reverb.com/item/100701171-sale-ends-aug-31-yamaha-data-cartridge-ram4-memory-card-for-dx7-dx7ii-tx802-rx5-rx7"
"c7af3de7-95ba-4283-a5c0-9a8c132bc51e","manley-voxbox","Manley Labs VOXBOX All Tube Channel Strip. Vox Box. MINT 2025!","26900","DKK","","exact","exact","94","'Manley Labs VOXBOX' channel strip","","true","","https://reverb.com/item/100652244-manley-labs-voxbox-all-tube-channel-strip-vox-box-mint-2025"
"c84601e9-2740-4e56-bdfd-46aee2386010","moog-source","Moog Source PRO SERVICED / WARANTY !","15463","DKK","","exact","exact","90","'Moog Source', serviced","","true","","https://reverb.com/item/91949941-moog-source-pro-serviced-waranty"
"c84d3ec8-2fab-4a9b-8a37-9b3229cc1bff","fender-american-professional-ii-stratocaster","Fender American Professional II Stratocaster Roasted Pine Maple Fingerboard (374)","12655","DKK","","exact","exact","94","'Fender American Professional II Stratocaster'","","true","","https://reverb.com/item/91913490-fender-american-professional-ii-stratocaster-roasted-pine-maple-fingerboard-374"
"c8518a1f-e9f6-4fe8-be55-0e39b20ba431","gibson-les-paul-custom","1997 Gibson Les Paul Custom Shop Plain Top","25912","DKK","","abstain","skipped","65","'Les Paul Custom Shop Plain Top' ambiguous between Custom model and Custom Shop build","","","","https://reverb.com/item/93873558-1997-gibson-les-paul-custom-shop-plain-top"
"c85f6bff-9d0f-43bf-a848-fd42e37d1183","roland-juno-106","Roland Juno-106 – 1980s – Full original parts – Fully Serviced – Warranty","13277","DKK","","exact","exact","95","'Roland Juno-106' serviced, original parts","","true","","https://reverb.com/item/99894368-roland-juno-106-1980s-full-original-parts-fully-serviced-warranty"
"c8ad1747-058e-4d8c-ba7a-568d239ea260","fender-american-professional-ii-stratocaster","Fender American Professional II Stratocaster Roasted Pine Rosewood Fingerboard (464)","12655","DKK","","exact","exact","94","'American Professional II Stratocaster' with finish/fingerboard detail only","","true","","https://reverb.com/item/55567420-fender-american-professional-ii-stratocaster-roasted-pine-rosewood-fingerboard-464"
"c92b48d9-6058-41db-a707-f005628939a5","wurlitzer-200a","Wurlitzer 200a","43955","EUR","","exact","exact","95","'Wurlitzer 200a' matches model exactly","","true","","https://www.kleinanzeigen.de/s-anzeige/wurlitzer-200a/3512698999-74-1209"
"c9bb94b5-d3ba-4960-83d1-5491acb779a9","roland-juno-106","Roland Juno-106 61-Key Programmable Polyphonic Synthesizer 1984 - 1985 - Black","13364","DKK","","exact","exact","95","'Roland Juno-106' named directly","","true","","https://reverb.com/item/98313855-roland-juno-106-61-key-programmable-polyphonic-synthesizer-1984-1985-black"
"c9c5ed67-728b-4ca1-b9c9-cdf46cf8b57d","fender-american-vintage-52-telecaster","Fender American Vintage '52 Telecaster 2013 Butterscotch Blonde","10296","DKK","","exact","exact","95","'American Vintage '52 Telecaster', year/finish only","","true","","https://reverb.com/item/101455455-fender-american-vintage-52-telecaster-2013-butterscotch-blonde"
"c9c6d4b5-885e-4db8-a02d-9308e59665ca","fender-american-vintage-52-telecaster","Fender American Vintage '52 Telecaster - 2015","9025","DKK","","exact","exact","95","'American Vintage '52 Telecaster' with year","","true","","https://reverb.com/item/99558368-fender-american-vintage-52-telecaster-2015"
"c9ca6206-a875-450a-8ff1-fab36cc7130c","gibson-les-paul-custom","Gibson Custom Shop Adam Jones 1979 Signature V2 Les Paul Custom, Owned and Played by Adam Jones","323586","DKK","","abstain","skipped","70","'Custom Shop Adam Jones Signature V2' artist-owned build, different tier","","","","https://reverb.com/item/97645489-gibson-custom-shop-adam-jones-1979-signature-v2-les-paul-custom-owned-and-played-by-adam-jones"
"ca06f702-1b0d-444d-83ab-45670f80adc9","fender-mustang-bass","Fender - 2024 American Performer Mustang Bass 3 Color Sunburst w/Bag - USED","5481","DKK","","abstain","skipped","65","'American Performer Mustang Bass' is a distinct line tier","","","","https://reverb.com/item/101620042-fender-2024-american-performer-mustang-bass-3-color-sunburst-w-bag-used"
"ca2acb4e-9b62-4e04-9c52-e85ba35bb1ea","yamaha-dx7","Yamaha DX7 / DX—7 Synthesizer","2608","EUR","","exact","exact","94","'Yamaha DX7 Synthesizer'","","true","","https://www.kleinanzeigen.de/s-anzeige/yamaha-dx7-dx-7-synthesizer/3514014654-74-9504"
"ca3cf73b-5813-4950-9632-892f857cc17a","neumann-u87ai","Neumann U 87 Ai Condenser Microphone. Mid 90s. U87Ai U87. 88559","15310","DKK","","exact","exact","95","'Neumann U 87 Ai Condenser Microphone'","","true","","https://reverb.com/item/100720618-neumann-u-87-ai-condenser-microphone-mid-90s-u87ai-u87-88559"
"ca4e8c9c-c001-46c6-bf9a-21f2bec824de","roland-juno-60","Roland Juno-60 & Kenton Pro DCB MIDI","17301","DKK","","exact","exact","90","'Roland Juno-60' sold with Kenton MIDI kit","","true","","https://reverb.com/item/100825225-roland-juno-60-kenton-pro-dcb-midi"
"ca5297db-9ae4-4d27-8251-1a22d92751be","yamaha-dx7","Yamaha DX7","4800","DKK","","exact","exact","93","'Yamaha DX7'","","true","","https://www.dba.dk/recommerce/forsale/item/24708724"
"ca5c8df2-3bf7-4b49-873f-cb2d5d28b1cb","gibson-hummingbird","Gibson Hummingbird Original Heritage Cherry Sunburst","26037","DKK","","exact","exact","92","'Gibson Hummingbird Original' with finish","","true","","https://reverb.com/item/82587199-gibson-hummingbird-original-heritage-cherry-sunburst"
"cabb85a0-d4c7-4d57-a365-517d550aa8c0","sequential-prophet-10","Sequential Prophet-10 - strøken","23400","NOK","","exact","exact","92","'Sequential Prophet-10' named","","true","","https://www.finn.no/recommerce/forsale/item/475529550"
"cb4d7196-1005-43f2-a871-a9315ac4d4e0","roland-juno-106","Roland Juno-106 61-Key Programmable Polyphonic Synthesizer 1984 - 1985 - Black","15620","DKK","","exact","exact","95","'Roland Juno-106' named directly","","true","","https://reverb.com/item/84575779-roland-juno-106-61-key-programmable-polyphonic-synthesizer-1984-1985-black"
"cb5dbf3a-d379-47c2-b698-bc1feed6ff2e","gibson-les-paul-special","Gibson Les Paul Special Vintage Cherry w/case","11735","DKK","","exact","exact","93","'Gibson Les Paul Special' with case bundled","","true","","https://reverb.com/item/76895350-gibson-les-paul-special-vintage-cherry-w-case"
"cb69e80d-68f1-4e3b-bb55-004aff33d712","yamaha-dx7","Yamaha DX7 Synthesizer in Topzustand Vintage 80s","4992","EUR","","exact","exact","94","'Yamaha DX7 Synthesizer' vintage condition note","","true","","https://www.kleinanzeigen.de/s-anzeige/yamaha-dx7-synthesizer-in-topzustand-vintage-80s/3483154003-74-9503"
"cb7eadb5-9766-4b89-8d6c-f89cc57bdbdf","roland-tr-606","Roland TR-606 Drumatix 1980s - Silver","2579","DKK","","exact","exact","95","'Roland TR-606 Drumatix'","","true","","https://reverb.com/item/90193956-roland-tr-606-drumatix-1980s-silver"
"cba5c959-3219-4caa-9ffc-1bc401d2a83f","gibson-es-335-dot","Gibson ES-335 Dot 1986 Natural","28199","DKK","","exact","exact","93","'Gibson ES-335 Dot' with year and finish","","true","","https://reverb.com/item/100131701-gibson-es-335-dot-1986-natural"
"cbbfa35a-d75e-44e3-8335-41f6ee561957","roland-juno-60","Roland Juno-60 61-Key Polyphonic Synthesizer 1982 - 1984 - Black","22258","DKK","","exact","exact","95","'Roland Juno-60' named","","true","","https://reverb.com/item/101063522-roland-juno-60-61-key-polyphonic-synthesizer-1982-1984-black"
"cbf23e7f-640c-4c7a-a982-99e58f8f6954","neumann-u87ai","Like New* Neumann U 87 Ai Studio Set 2010 - Present - Nickel","15649","DKK","","exact","exact","88","'U 87 Ai Studio Set' is the mic with accessories","","true","","https://reverb.com/item/101703598-like-new-neumann-u-87-ai-studio-set-2010-present-nickel"
"cbfa219e-3f99-4d19-be01-d2ba5fdd2e13","neumann-u87ai","Neumann U 87 Ai Studio Set 2010 - Present - Nickel","11603","DKK","","exact","exact","88","'U 87 Ai Studio Set' mic plus mount/case","","true","","https://reverb.com/item/100370924-neumann-u-87-ai-studio-set-2010-present-nickel"
"cbfd14ff-452c-42e9-82a9-aed871d9d1a4","gibson-les-paul-special","Gibson Les Paul Special - TV (#277)","10484","DKK","","exact","exact","90","'Gibson Les Paul Special' with TV finish designation","","true","","https://reverb.com/item/94891404-gibson-les-paul-special-tv-277"
"cc00df46-307d-439a-93d3-dab4dcfc0548","gibson-hummingbird","Gibson Murphy Lab Light Aged 1960 Hummingbird in Heritage Cherry Sunburst","42917","DKK","","abstain","skipped","70","'Murphy Lab Light Aged 1960 Hummingbird' Custom Shop tier","","","","https://reverb.com/item/94053427-gibson-murphy-lab-light-aged-1960-hummingbird-in-heritage-cherry-sunburst"
"cc1a7171-996d-4a5d-b601-77df491c5a14","fender-american-professional-ii-stratocaster","Fender American Professional II Stratocaster 2022 - Miami Blue","11707","DKK","","exact","exact","95","'American Professional II Stratocaster' with year/colour","","true","","https://reverb.com/item/100896839-fender-american-professional-ii-stratocaster-2022-miami-blue"
"cc7fad3f-377a-47a9-93c8-ed38ce041203","ua-1176ln","Universal Audio 1176LN Limiting Amplifier Reissue 2001 - Present - Black","17963","DKK","","exact","exact","88","1176LN Limiting Amplifier, current reissue","","true","","https://reverb.com/item/101520341-universal-audio-1176ln-limiting-amplifier-reissue-2001-present-black"
"cc94a5da-fcfd-41fd-9748-9650bc96e0fe","gibson-les-paul-studio","Gibson Les Paul Studio - KH (#327)","10850","DKK","","exact","exact","90","'Les Paul Studio' with stock number suffix","","true","","https://reverb.com/item/97916546-gibson-les-paul-studio-kh-327"
"ccb61685-8e0c-4c6e-8b23-a579ff6c9f44","roland-juno-106","Roland Juno 106 Synthesizer Keyboard Analog poly vintage Synth","","EUR","","exact","exact","93","'Juno 106' synthesizer","","true","","https://www.kleinanzeigen.de/s-anzeige/roland-juno-106-synthesizer-keyboard-analog-poly-vintage-synth/3501030311-74-2039"
"ccb7c49e-1c87-4939-88c9-e655a7995763","sequential-prophet-5","Prophet 5 rev4 selges!","22800","NOK","","exact","exact","80","'Prophet 5 rev4' is the Prophet-5","","true","","https://www.finn.no/recommerce/forsale/item/472875644"
"ccd8b305-796f-4858-86aa-16c6511658e9","fender-american-professional-ii-stratocaster","Fender American Professional II Stratocaster HSS neuwertig","","EUR","","exact","exact","85","American Professional II Stratocaster, HSS pickup config","","true","","https://www.kleinanzeigen.de/s-anzeige/fender-american-professional-ii-stratocaster-hss-neuwertig/3508182240-74-9491"
"cce608a3-e878-444f-a041-f569438fce45","gibson-les-paul-custom","Gibson Custom Made to Measure Les Paul Custom Electric Guitar - Ebony, VOS 2026 - VOS","29347","DKK","","abstain","skipped","70","'Gibson Custom Made to Measure ... VOS' Custom Shop tier","","","","https://reverb.com/item/101716470-gibson-custom-made-to-measure-les-paul-custom-electric-guitar-ebony-vos-2026-vos"
"cceb0099-25dc-4664-af6a-0d6716aefbf4","gibson-j-45","GIBSON J-45 Standard 2017 Vintage Sunburst [13086085] (09/17)","13776","DKK","","exact","exact","90","'J-45 Standard' acoustic","","true","","https://reverb.com/item/101938174-gibson-j-45-standard-2017-vintage-sunburst-13086085-09-17"
"cd06f952-4487-4f71-b6d0-9d43360efabe","roland-re-201","BOSS Roland Space Echo RE-201 Delay/Reverb","","EUR","","exact","exact","93","'Space Echo RE-201' unit","","true","","https://www.kleinanzeigen.de/s-anzeige/boss-roland-space-echo-re-201-delay-reverb/3512914811-74-3168"
"cd7455ec-5de4-4980-826a-14fe3b85413d","korg-ms-20","KORG MS 20 replica","","EUR","","abstain","skipped","65","'MS 20 replica' — clone/kit, not clearly the original","","","","https://www.kleinanzeigen.de/s-anzeige/korg-ms-20-replica/3507922079-74-6459"
"cdb50931-5922-41a7-87f8-c26f4273432b","fender-american-professional-ii-stratocaster","Fender American Professional II Stratocaster HSS - Miami Blue w/Rosewood","12328","DKK","","exact","exact","88","American Professional II Stratocaster HSS, finish only","","true","","https://reverb.com/item/78348463-fender-american-professional-ii-stratocaster-hss-miami-blue-w-rosewood"
"cdc5bac4-0744-4c07-8bea-f7d2c64c39f3","gibson-les-paul-standard-50s","Gibson Les Paul Standard '50s Double Trouble - VU (#112)","17627","DKK","","exact","exact","72","'Les Paul Standard '50s' with finish name 'Double Trouble'","","true","","https://reverb.com/item/95605802-gibson-les-paul-standard-50s-double-trouble-vu-112"
"cdf304fa-78d9-4ac0-8b80-81554330037b","gibson-les-paul-custom","2022 Gibson Custom Shop '57 Reissue R7 Les Paul Custom Ebony","28942","DKK","","abstain","skipped","72","'Custom Shop '57 Reissue R7' tier not in catalogue","","","","https://reverb.com/item/99260906-2022-gibson-custom-shop-57-reissue-r7-les-paul-custom-ebony"
"ce0e1e87-1f3a-425d-9fef-52bde35d2c48","roland-re-501","RE-501 SRE-555 Roland Space Echo Full Service Kit with Green Felts, Tension Spring and Green Roller","922","DKK","","accessory","accessory","95","'Full Service Kit with Green Felts, Tension Spring'","","false","admin_rejected","https://reverb.com/item/10457371-re-501-sre-555-roland-space-echo-full-service-kit-with-green-felts-tension-spring-and-green-roller"
"ce2af1b1-915b-4da2-b42b-0d54d0035f4e","gibson-les-paul-studio","Gibson Les Paul Studio Electric Guitar Blueberry Burst","8871","DKK","","exact","exact","92","'Les Paul Studio' guitar, finish only","","true","","https://reverb.com/item/98822175-gibson-les-paul-studio-electric-guitar-blueberry-burst"
"ce2d1e3b-0a99-4950-9ac3-50c027904bee","gibson-hummingbird","2026 Gibson Hummingbird Original - Heritage Cherry Sunburst","20867","DKK","","exact","exact","82","'Hummingbird Original' standard line","","true","","https://reverb.com/item/101213823-2026-gibson-hummingbird-original-heritage-cherry-sunburst"
"ce3b8a88-d8dd-4ec9-8e4b-68f8199b2429","fender-telecaster-custom","2022 Fender American Vintage AVRI II 1977 Telecaster Custom USA","14148","EUR","","abstain","skipped","65","'American Vintage II 1977 Telecaster Custom' reissue line","","","","https://www.kleinanzeigen.de/s-anzeige/2022-fender-american-vintage-avri-ii-1977-telecaster-custom-usa/3418336972-74-12892"
"ce75dc55-6b3e-47df-9ae4-06efd31ac852","manley-voxbox","Manley Voxbox","28896","DKK","","exact","exact","93","'Manley Voxbox'","","true","","https://reverb.com/item/101081030-manley-voxbox"
"ce8afea7-6a18-46f9-87b0-2595131fe414","fender-american-vintage-52-telecaster","Fender American Vintage '52 Telecaster 2000s Butterscotch Blonde","9479","DKK","","exact","exact","92","'American Vintage '52 Telecaster'","","true","","https://reverb.com/item/101549811-fender-american-vintage-52-telecaster-2000s-butterscotch-blonde"
"ce9b518c-2f48-493c-990a-a4914bc0848b","moog-minimoog","Moog Minimoog Model D 44-Key Monophonic Synthesizer 1971 - 1982 - Black / Wood","38650","DKK","","exact","exact","72","'Minimoog Model D 1971-1982' vintage original, not the reissue","","true","","https://reverb.com/item/99587553-moog-minimoog-model-d-44-key-monophonic-synthesizer-1971-1982-black-wood"
"cea345e1-cff4-4db8-b1a9-238c8df9399b","gibson-les-paul-custom","Gibson Custom Shop 1957 Les Paul Custom Black Beauty VOS – 2-pickup","35400","NOK","","abstain","skipped","72","'Custom Shop 1957 ... VOS' Custom Shop tier","","","","https://www.finn.no/recommerce/forsale/item/476823576"
"ceceedf7-c58f-40f1-8630-f153a38d2bc5","fender-american-professional-ii-stratocaster","Fender American Professional II Stratocaster - MN RPN (#884)","14650","DKK","","exact","exact","90","'American Professional II Stratocaster' with stock code","","true","","https://reverb.com/item/56895064-fender-american-professional-ii-stratocaster-mn-rpn-884"
"cf9bf7b9-758a-4255-8521-255a2b34eb7f","fender-american-professional-ii-stratocaster","Fender American Professional II Stratocaster Miami Blue Rosewood Fingerboard (728)","12002","DKK","","exact","exact","92","'American Professional II Stratocaster' finish/fingerboard only","","true","","https://reverb.com/item/91952392-fender-american-professional-ii-stratocaster-miami-blue-rosewood-fingerboard-728"
"cfab15cd-c9b3-4f3f-af6c-c5f40152fb91","gibson-les-paul-studio","Gibson Les Paul Studio Faded 2016 - Satin Ebony","8046","EUR","","exact","exact","62","'Les Paul Studio Faded' satin variant of Studio","","true","","https://www.kleinanzeigen.de/s-anzeige/gibson-les-paul-studio-faded-2016-satin-ebony/3499383813-74-1734"
"caaed919-9a64-4ddc-8713-23b3556a1054","korg-ms-20","Korg - MS-20 MINI SYNTH ANALOGICO MONOFONICO","4322","DKK","","wrong","wrong","93","'MS-20 MINI' is a different model from MS-20","","false","admin_rejected","https://reverb.com/item/36535677-korg-ms-20-mini-synth-analogico-monofonico"
"d0197633-3fea-46a0-a465-823543e95e2c","roland-juno-60","Roland Juno 60 Tausch Leica M8 M9","","EUR","","exact","exact","62","'Juno 60' offered with trade ('Tausch') for cameras","","true","","https://www.kleinanzeigen.de/s-anzeige/roland-juno-60-tausch-leica-m8-m9/3502545976-74-984"
"d0239e66-4540-4668-aa30-860ddc8a46aa","fender-american-professional-ii-stratocaster","Fender American Professional II Stratocaster - Olympic White - 2nd Hand","13019","DKK","","exact","exact","92","'American Professional II Stratocaster', used condition","","true","","https://reverb.com/item/99931265-fender-american-professional-ii-stratocaster-olympic-white-2nd-hand"
"d0298e15-bc71-4a9e-8fe7-f5f66a8fc5cb","gibson-j-45","Gibson J-45 Standard Vintage Sunburst 2024 LEFTY","14351","DKK","","exact","exact","92","'Gibson J-45 Standard'; handedness/year irrelevant","","true","","https://reverb.com/item/100479495-gibson-j-45-standard-vintage-sunburst-2024-lefty"
"d0442710-4038-4282-8d56-8da357e01488","gibson-j-45","Gibson 50s J-45 Original Vintage Sunburst","19251","DKK","","exact","exact","70","'50s J-45 Original' is a J-45 variant, no sibling claims it","","true","","https://reverb.com/item/36157019-gibson-50s-j-45-original-vintage-sunburst"
"d04abd73-dc02-4524-b6b9-6af550fafc34","roland-sh-101","Roland SH-101 RED + Modulation Grip - RED","15620","DKK","","exact","exact","90","'Roland SH-101' complete synth bundled with mod grip","","true","","https://reverb.com/item/100472689-roland-sh-101-red-modulation-grip-red"
"d0651a53-94ac-4346-8e8a-50f8554017a9","gibson-es-335-dot","Gibson Used Gibson ES-335 Dot Reissue (Cherry) [SN.91775315]","22059","DKK","","exact","exact","80","'ES-335 Dot Reissue' with serial, same Dot model","","true","","https://reverb.com/item/92938420-gibson-used-gibson-es-335-dot-reissue-cherry-sn-91775315"
"d0921ef8-5d8b-48e5-8614-cede2ece7eac","fender-telecaster-thinline","Fender Telecaster Thinline 1977 - Black","44978","DKK","","exact","exact","88","'Fender Telecaster Thinline 1977'","","true","","https://reverb.com/item/95439631-fender-telecaster-thinline-1977-black"
"d0ce0dbb-5449-430b-905a-2ed73b0bfaba","gibson-j-45","Gibson J-45 Standard Limited Edition Long Scale Acoustic-Electric Vintage Sunburst","22172","DKK","","exact","exact","70","'J-45 Standard Limited Edition Long Scale' still a J-45","","true","","https://reverb.com/item/101623740-gibson-j-45-standard-limited-edition-long-scale-acoustic-electric-vintage-sunburst"
"d0f66e02-9955-411f-bb37-1da628be236f","moog-source","Power Source for Yamaha SY55","211","DKK","","wrong","wrong","92","'Power Source for Yamaha SY55' — word 'Source' unrelated to Moog Source","","false","admin_rejected","https://reverb.com/item/87250980-power-source-for-yamaha-sy55"
"d136e660-b2b4-4ad8-bb3c-28b7e0e338f8","gibson-les-paul-studio","Gibson Les Paul studio","5700","NOK","","exact","exact","88","'Gibson Les Paul studio'","","true","","https://www.finn.no/recommerce/forsale/item/474465243"
"d1554fa3-8d60-484b-9a3f-5b4c8f5c2995","roland-sh-101","Roland SH-101 32-Key Monophonic Synthesizer 1982 - 1986 - Blue","9132","DKK","","exact","exact","93","'Roland SH-101 32-Key Monophonic Synthesizer'","","true","","https://reverb.com/item/101965840-roland-sh-101-32-key-monophonic-synthesizer-1982-1986-blue"
"d17773f7-065a-4381-b0fa-fec670b1359d","gibson-les-paul-standard-60s","Gibson Les Paul Standard '60s,  Left-Handed Electric Guitar - Bourbon Burst","18338","DKK","","exact","exact","92","'Les Paul Standard '60s' left-handed","","true","","https://reverb.com/item/94254186-gibson-les-paul-standard-60s-left-handed-electric-guitar-bourbon-burst"
"d178a430-7d0a-41a6-b063-257d53f63d71","ua-1176ln","Urei Universal Audio 1176LN Rev. F Limiting Amplifier 1970s - Black Panel","38731","DKK","","abstain","skipped","55","vintage Urei Rev F original vs catalogue's UA 1176LN tier unclear","","","","https://reverb.com/item/101859489-urei-universal-audio-1176ln-rev-f-limiting-amplifier-1970s-black-panel"
"d17fe978-fd29-40ab-b864-656ee7887778","fender-telecaster-thinline","Fender American Vintage II 1972 Telecaster Thinline 3-Color Sunburst (469)","18264","DKK","","abstain","skipped","55","'American Vintage II 1972 Thinline' reissue line tier not represented","","","","https://reverb.com/item/64061676-fender-american-vintage-ii-1972-telecaster-thinline-3-color-sunburst-469"
"d1c2fbd8-4357-4e35-a288-bcd1612bd4bb","gibson-les-paul-studio","Gibson Les Paul Studio 2017 E-Gitarre","6854","EUR","","exact","exact","90","'Gibson Les Paul Studio 2017'","","true","","https://www.kleinanzeigen.de/s-anzeige/gibson-les-paul-studio-2017-e-gitarre/3517455481-74-4693"
"d1d567f3-09a4-4599-baad-b1c8aad31cee","gibson-es-335-dot","1982 Gibson ES-335 Dot Natural Refret","32773","EUR","","exact","exact","88","'Gibson ES-335 Dot' with refret (service history)","","true","","https://www.kleinanzeigen.de/s-anzeige/1982-gibson-es-335-dot-natural-refret/3509484947-74-2162"
"d1f86286-8278-40ad-ba8c-48168ba5da19","gibson-les-paul-studio","Gibson Les Paul Studio 2016 T Wine Red (Kein G-Force ab Werk!)","","EUR","","exact","exact","88","'Les Paul Studio 2016 T Wine Red'","","true","","https://www.kleinanzeigen.de/s-anzeige/gibson-les-paul-studio-2016-t-wine-red-kein-g-force-ab-werk-/3508088795-74-258"
"d1f9e4ac-a227-456c-8940-deda07d62060","fender-mustang-bass","Fender Mustang Bass 2000s - Vintage White, Crafted in Japan, CIJ, Rosewood, Short Scale + Gig Bag","7495","DKK","","exact","exact","85","'Fender Mustang Bass' CIJ with gig bag","","true","","https://reverb.com/item/101837586-fender-mustang-bass-2000s-vintage-white-crafted-in-japan-cij-rosewood-short-scale-gig-bag"
"d216942f-c736-4240-b276-84ca909b1af5","neve-portico-ii-master-buss-processor","Rupert Neve Designs Portico II Master Buss Processor Black","20873","DKK","","exact","exact","93","'Portico II Master Buss Processor'","","true","","https://reverb.com/item/101885824-rupert-neve-designs-portico-ii-master-buss-processor-black"
"d22b93de-a7c1-40fb-a3f9-0563a36a8777","fender-telecaster-thinline","Fender American Professional II Telecaster Thinline Limited","","EUR","","abstain","skipped","55","'American Professional II Thinline Limited' sub-line tier unclear","","","","https://www.kleinanzeigen.de/s-anzeige/fender-american-professional-ii-telecaster-thinline-limited/3499454183-74-3458"
"d22d0d04-7abf-4616-a8fb-cfeb7ca76c84","fender-mustang-bass","Fender JMJ Road Worn Mustang Bass + Hard Case, Pro Setup","9702","DKK","","abstain","skipped","55","'JMJ Road Worn' signature sub-model not in catalogue","","","","https://reverb.com/item/100759806-fender-jmj-road-worn-mustang-bass-hard-case-pro-setup"
"d2350b0d-1a25-4170-b67d-ce6caf322116","roland-juno-106","Roland Juno-106 61-Key Programmable Polyphonic Synthesizer 1984","7698","DKK","","exact","exact","93","'Roland Juno-106' 61-key synthesizer","","true","","https://reverb.com/item/100928562-roland-juno-106-61-key-programmable-polyphonic-synthesizer-1984"
"d235762a-44be-468e-b65f-819b7129fae4","roland-tr-707","TR-707 Rhythm Composer HKA Rev2 Mod + Cymbals","5349","DKK","","exact","exact","85","'TR-707 Rhythm Composer' unit with modification","","true","","https://reverb.com/item/94115706-tr-707-rhythm-composer-hka-rev2-mod-cymbals"
"d2493f73-3f60-42d0-9ec3-1ca1859f347e","gibson-les-paul-studio","Gibson Les Paul Studio Double Trouble - HS (#274)","12207","DKK","","exact","exact","62","'Les Paul Studio' with extra finish/variant wording","","true","","https://reverb.com/item/101706369-gibson-les-paul-studio-double-trouble-hs-274"
"d254be3c-fd98-48bd-a547-546affd56e4e","gibson-les-paul-special","Gibson Original Collection Les Paul Special","11713","DKK","","exact","exact","85","'Original Collection Les Paul Special'","","true","","https://reverb.com/item/96485731-gibson-original-collection-les-paul-special"
"d2574f88-e7ac-4377-b6a8-d3c2b46172e3","gibson-les-paul-studio","Gibson Les Paul Studio Tobacco Burst","5960","EUR","","exact","exact","90","'Les Paul Studio Tobacco Burst'","","true","","https://www.kleinanzeigen.de/s-anzeige/gibson-les-paul-studio-tobacco-burst/3516457195-74-6185"
"d290d0aa-ef5d-4b8a-b902-95466cabb189","gibson-es-335-dot","Gibson USA ES-335 Dot '17","16275","DKK","","exact","exact","88","'Gibson USA ES-335 Dot '17'","","true","","https://reverb.com/item/98554318-gibson-usa-es-335-dot-17"
"d30e9970-dae6-4ac1-b6e0-aeaaa23aa252","gibson-les-paul-custom","Gibson Les Paul Custom 2024","27950","SEK","","exact","exact","90","'Gibson Les Paul Custom' with year only","","true","","https://www.blocket.se/recommerce/forsale/item/25954470"
"d347219e-2f52-4bec-af30-450744e0d1f7","gibson-les-paul-custom","Gibson Les Paul Custom Shop 1958 (R8) Historic Collection 70th Anniversary Iced Tea Burst 2022","50936","DKK","","wrong","wrong","72","'Custom Shop 1958 (R8) Historic Collection' is a '58 Standard reissue, not a Les Paul Custom","","false","admin_rejected","https://reverb.com/item/82308919-gibson-les-paul-custom-shop-1958-r8-historic-collection-70th-anniversary-iced-tea-burst-2022"
"d36a57c8-835b-4a1c-b63c-c70bade00b1b","roland-tr-707","Roland TR-727 TR-707","390","DKK","","abstain","skipped","55","title names both TR-727 and TR-707; unclear which/whether bundle","","","","https://reverb.com/item/92931827-roland-tr-727-tr-707"
"d36de01e-bbbb-467f-ba46-27df9f5238fc","neumann-u87ai","Neumann U 87 Ai Condenser Microphone. U87Ai U87. 169724","16079","DKK","","exact","exact","95","'U 87 Ai Condenser Microphone' with serial","","true","","https://reverb.com/item/101313735-neumann-u-87-ai-condenser-microphone-u87ai-u87-169724"
"d37bb0be-4ae5-4a8b-9140-89a6e785ee59","gibson-les-paul-studio","E-Gitarre Gibson Les Paul Studio 2016 Black Edition","8195","EUR","","exact","exact","85","'Les Paul Studio 2016 Black Edition' finish variant","","true","","https://www.kleinanzeigen.de/s-anzeige/e-gitarre-gibson-les-paul-studio-2016-black-edition/3515898745-74-2137"
"d3821388-42e1-49ef-860b-19f94311ffeb","fender-american-vintage-52-telecaster","1982 Fender American Vintage '52 Telecaster 1952 Reissue Fullerton AVRI USA First Year Blackguard w/COA","27377","DKK","","exact","exact","88","'American Vintage '52 Telecaster ... AVRI' matches candidate line","","true","","https://reverb.com/item/101268165-1982-fender-american-vintage-52-telecaster-1952-reissue-fullerton-avri-usa-first-year-blackguard-w-coa"
"d3d514bf-d37a-4cdb-9390-262f1251357c","roland-tr-808","Roland TR-808 Rhythm Composer (Soundgas Modified/Midi)","57374","DKK","","exact","exact","90","'TR-808 Rhythm Composer' with reversible MIDI mod","","true","","https://reverb.com/item/101907649-roland-tr-808-rhythm-composer-soundgas-modified-midi"
"d3dcb9a2-17eb-431e-9e33-06ac82617a1e","fender-american-vintage-52-telecaster","1993 Fender American Vintage '52 Telecaster Butterscotch, Near-Mint w/ Tweed Case","15655","DKK","","exact","exact","90","'American Vintage '52 Telecaster' with case","","true","","https://reverb.com/item/93653378-1993-fender-american-vintage-52-telecaster-butterscotch-near-mint-w-tweed-case"
"d4051dd4-38c7-4b30-afd9-98d0a925881b","korg-ms-20","Korg MS-20 controller","1300","SEK","","abstain","skipped","55","'MS-20 controller' may denote Legacy USB controller, not the synth","","","","https://www.blocket.se/recommerce/forsale/item/26626596"
"d4476a35-6e51-490f-bbd4-877a90f838eb","fender-jim-root-jazzmaster","Fender Certified Pre-Owned Jim Root Jazzmaster V4, Ebony Fingerboard, Flat White (T1) (75111)","9851","DKK","","exact","exact","92","'Jim Root Jazzmaster' pre-owned, ebony board","","true","","https://reverb.com/item/94781719-fender-certified-pre-owned-jim-root-jazzmaster-v4-ebony-fingerboard-flat-white-t1-75111"
"d44a0b45-5d0e-440e-a71f-11c64e506b48","roland-juno-60","Roland Juno-60 61-Key Polyphonic Synthesizer 1982 - 1984 - Black","18264","DKK","","exact","exact","95","'Juno-60 61-Key Polyphonic Synthesizer'","","true","","https://reverb.com/item/101908900-roland-juno-60-61-key-polyphonic-synthesizer-1982-1984-black"
"d4766d37-f89d-42e0-8b5a-82d817d23400","gibson-les-paul-special","Gibson Les Paul Special DC 2005 - TV Yellow","9804","EUR","","exact","exact","65","'Les Paul Special DC' double-cut configuration of same model","","true","","https://www.kleinanzeigen.de/s-anzeige/gibson-les-paul-special-dc-2005-tv-yellow/3515841905-74-1734"
"d4a60009-c787-4185-bfff-c43ab49acedc","gibson-les-paul-custom","Gibson Les Paul Custom Black Beauty – Gibson Custom Shop – 2010","","EUR","","exact","exact","82","'Les Paul Custom Black Beauty' Custom Shop build of the model","","true","","https://www.kleinanzeigen.de/s-anzeige/gibson-les-paul-custom-black-beauty-gibson-custom-shop-2010/3508616279-74-9095"
"d4b0ce0d-fb72-4881-bdc4-e5d172aca69e","roland-jupiter-4","Roland Jupiter 4 49-Key Synthesizer 1978 - 1982 - Black + SERVICED","31978","DKK","","exact","exact","93","'Jupiter 4 49-Key Synthesizer', serviced","","true","","https://reverb.com/item/100986839-roland-jupiter-4-49-key-synthesizer-1978-1982-black-serviced"
"d4bf486d-d4ea-4314-8c7d-a3d222cee121","gibson-es-335-dot","Gibson ES-335 Dot Vintage Burst","22850","DKK","","exact","exact","93","'ES-335 Dot' with finish only","","true","","https://reverb.com/item/58137643-gibson-es-335-dot-vintage-burst"
"d4baa9e7-8d71-4f7b-80ba-4070e2cb05de","roland-juno-6","Roland Juno-6 Serviced works GREAT! U.S. voltage. Local Pickup California","11089","DKK","","exact","exact","92","'Roland Juno-6 Serviced'","","true","","https://reverb.com/item/101967442-roland-juno-6-serviced-works-great-u-s-voltage-local-pickup-california"
"d4d75c9b-fe94-451b-adf9-6ab31f96fb13","gibson-les-paul-studio","Gibson Les Paul Studio Ebony + DiMarzio Super Distortions","4368","DKK","","exact","exact","88","'Les Paul Studio' with replacement pickups","","true","","https://reverb.com/item/101044317-gibson-les-paul-studio-ebony-dimarzio-super-distortions"
"d506da6b-fc3b-43eb-a15e-3f32e3cb27ad","fender-american-vintage-52-telecaster","Fender American Vintage '52 Telecaster (1992) - Butterscotch Blonde #16504","13039","DKK","","exact","exact","92","'American Vintage '52 Telecaster' with year/finish","","true","","https://reverb.com/item/99408633-fender-american-vintage-52-telecaster-1992-butterscotch-blonde-16504"
"d55ab218-b6cf-47d1-a5af-817889c8fe46","roland-tr-808","Roland TR-808 Rhythm Composer 1982 - Black","31934","DKK","","exact","exact","95","'TR-808 Rhythm Composer 1982'","","true","","https://reverb.com/item/87932136-roland-tr-808-rhythm-composer-1982-black"
"d595abd1-86e8-48cc-947b-df5198eebc83","gibson-les-paul-studio","Gibson Les Paul Studio Double Trouble - Dirty Lemon Burst","8662","DKK","","exact","exact","66","'Les Paul Studio' with nickname/finish descriptor","","true","","https://reverb.com/item/98822111-gibson-les-paul-studio-double-trouble-dirty-lemon-burst"
"d5dde7f1-e16c-4c00-8f3b-11b865a1966d","yamaha-dx7","Strøken Yamaha DX7 mk1 (1983) – m/originale manualer og koffert","4800","NOK","","exact","exact","90","'Yamaha DX7 mk1' with manuals and case","","true","","https://www.finn.no/recommerce/forsale/item/472873934"
"d60739e8-1473-4af9-a1af-927c0a29971e","gibson-j-45","Gibson J-45 Standard Acoustic - Vintage Sunburst","19562","DKK","","exact","exact","88","'J-45 Standard Acoustic'","","true","","https://reverb.com/item/101343939-gibson-j-45-standard-acoustic-vintage-sunburst"
"d61503e7-052f-474a-a11c-ff6f563c8f6e","neumann-u87ai","Neumann U 87 Ai Large Diaphragm Multipattern Condenser Microphone 1986 - Present - Nickel","11741","DKK","","exact","exact","95","'U 87 Ai Large Diaphragm Condenser Microphone'","","true","","https://reverb.com/item/100485717-neumann-u-87-ai-large-diaphragm-multipattern-condenser-microphone-1986-present-nickel"
"d7044d52-650e-4de0-9be2-248b90c1a63e","gibson-les-paul-studio","2021 Gibson Les Paul Studio Tangerine Burst | USA 3,65kg","8933","EUR","","exact","exact","92","'Gibson Les Paul Studio' 2021 with finish/weight","","true","","https://www.kleinanzeigen.de/s-anzeige/2021-gibson-les-paul-studio-tangerine-burst-usa-3-65kg/3394099651-74-12892"
"d74b2838-4bb1-4d65-9d67-25fd7b8bc735","gibson-les-paul-special","Gibson Les Paul Special DC 2005 - TV Yellow","9804","EUR","","exact","exact","65","'Les Paul Special DC' double-cut configuration of same model","","true","","https://www.kleinanzeigen.de/s-anzeige/gibson-les-paul-special-dc-2005-tv-yellow/3315490121-74-1734"
"d75b8d03-82ee-4c56-92c0-1805b508abf0","fender-american-vintage-52-telecaster","1984 Fender American Vintage '52 Telecaster Fullerton Plant 1982 - 1984 - Butterscotch Blonde","13698","DKK","","exact","exact","92","'American Vintage '52 Telecaster' named in full","","true","","https://reverb.com/item/91501494-1984-fender-american-vintage-52-telecaster-fullerton-plant-1982-1984-butterscotch-blonde"
"d784e920-d1e9-4095-ac54-77a822636951","yamaha-dx7","Yamaha DX7 II-FD Synthesizer Legende, Flaggschiff der 80er","4463","EUR","","wrong","wrong","80","'DX7 II-FD' is a distinct later model, not the DX7","","false","admin_rejected","https://www.kleinanzeigen.de/s-anzeige/yamaha-dx7-ii-fd-synthesizer-legende-flaggschiff-der-80er/3490705922-74-3168"
"d824fd2c-6f81-4967-9058-2251080a5aa6","gibson-les-paul-custom","Les Paul Custom - kopi","1500","DKK","","wrong","wrong","85","'kopi' = copy, not a Gibson Les Paul Custom","","false","admin_rejected","https://www.dba.dk/recommerce/forsale/item/24435955"
"d83b947b-49e2-41bb-8422-5358e2429e78","gibson-j-45","Gibson Custom Shop 1942 Banner J-45 Vintage Sunburst w/ Hardshell Case 2023 - Vintage Sunburst","21212","DKK","","abstain","skipped","60","'Custom Shop 1942 Banner J-45' is a distinct tier build","","","","https://reverb.com/item/100788863-gibson-custom-shop-1942-banner-j-45-vintage-sunburst-w-hardshell-case-2023-vintage-sunburst"
"d84fd334-f9ba-4240-8979-b3ba0a9168b1","gibson-sj-200-original","Gibson SJ-200 Original Vintage Sunburst","37175","DKK","","exact","exact","93","'SJ-200 Original' named exactly","","true","","https://reverb.com/item/101138864-gibson-sj-200-original-vintage-sunburst"
"d8766ba9-2e09-4e62-96bc-c23874c9f6b1","gibson-les-paul-special","Gibson Les Paul Special Double Cut Vintage Cherry","11944","DKK","","exact","exact","62","'Les Paul Special Double Cut' is a body variant of the Special","","true","","https://reverb.com/item/95564250-gibson-les-paul-special-double-cut-vintage-cherry"
"d8c840e0-5ff3-4fd6-aa2c-11d4e3c9cf17","manley-voxbox","Manley Voxbox","29873","DKK","","exact","exact","94","'Manley Voxbox' complete unit","","true","","https://reverb.com/item/92476544-manley-voxbox"
"d8cdeef5-1158-43f6-a1f2-3210023d58fe","gibson-es-335-dot","2009 Gibson Custom ES-335 Dot - Figured Light Burst – OHSC & COA","22031","DKK","","exact","exact","62","'Gibson Custom ES-335 Dot' names the model","","true","","https://reverb.com/item/99536362-2009-gibson-custom-es-335-dot-figured-light-burst-ohsc-coa"
"d8fd6281-7afb-4dba-aa39-39e926975af7","roland-sh-101","Roland SH-101 Legendary Analog Mono Synth 1982 BLUE!!! With MGS1 Mod Grip","12394","DKK","","exact","exact","90","'Roland SH-101' synth with mod grip included","","true","","https://reverb.com/item/102044494-roland-sh-101-legendary-analog-mono-synth-1982-blue-with-mgs1-mod-grip"
"d95c2200-57a3-4b5e-826c-f76cbaf2dff1","gibson-les-paul-special","2015 Gibson Les Paul Special DC 100 LTD | USA P90 45,7mm Sattel","","EUR","","exact","exact","58","'Les Paul Special DC' limited run of the Special","","true","","https://www.kleinanzeigen.de/s-anzeige/2015-gibson-les-paul-special-dc-100-ltd-usa-p90-45-7mm-sattel/3433830769-74-12892"
"d987ab32-4568-40ad-8d14-7b52e10297a2","gibson-j-45","2023 Gibson J-45 Standard Vintage Sunburst Acoustic-Electric w/OHSC","16927","DKK","","exact","exact","90","'J-45 Standard' acoustic-electric","","true","","https://reverb.com/item/101973864-2023-gibson-j-45-standard-vintage-sunburst-acoustic-electric-w-ohsc"
"da08e02a-1f0c-406c-a949-e57155ccfa3d","gibson-les-paul-special","Gibson Les Paul Special årgang 1990","13500","DKK","","exact","exact","88","'Gibson Les Paul Special' 1990","","true","","https://www.dba.dk/recommerce/forsale/item/24472081"
"da530cbd-b092-47f3-873d-0a5838314951","korg-mono-poly","Korg Mono/Poly 1980s - Blue","9447","DKK","","exact","exact","92","'Korg Mono/Poly' 1980s unit","","true","","https://reverb.com/item/101442708-korg-mono-poly-1980s-blue"
"da5e6e2b-b816-40ec-8926-e09f20be8eb6","gibson-les-paul-studio","Gibson Les Paul Studio Ebony Gold Hardware 2025","","EUR","","exact","exact","92","'Les Paul Studio' with finish/hardware only","","true","","https://www.kleinanzeigen.de/s-anzeige/gibson-les-paul-studio-ebony-gold-hardware-2025/3484501025-74-1449"
"da634b97-9ab1-472c-9548-b47be49be24b","gibson-j-45","Gibson 1968 J-45 Tobacco Sunburst Logo P.G","58053","DKK","","exact","exact","85","'1968 J-45' vintage example","","true","","https://reverb.com/item/101243232-gibson-1968-j-45-tobacco-sunburst-logo-p-g"
"da872ebe-d516-4acd-9244-13a11db3553e","neumann-u87ai","Neumann U 87 Ai Condenser Microphone. MINT U87Ai U87. 93859","23168","DKK","","exact","exact","94","'U 87 Ai condenser microphone'","","true","","https://reverb.com/item/101437337-neumann-u-87-ai-condenser-microphone-mint-u87ai-u87-93859"
"db2d512c-0c9e-4fc2-9acd-0f0258a01ab7","neumann-u87ai","Neumann U 87 Ai Set Z - FREE Overnight Shipping","20835","DKK","","exact","exact","88","'U 87 Ai Set Z' = mic with mount/case bundle","","true","","https://reverb.com/item/100680686-neumann-u-87-ai-set-z-free-overnight-shipping"
"db37b83a-9553-4494-8915-966a4095cf4d","fender-telecaster-custom","Fender Telecaster Custom mit Bigsby Tremolo","","EUR","","exact","exact","85","'Telecaster Custom' with Bigsby fitted","","true","","https://www.kleinanzeigen.de/s-anzeige/fender-telecaster-custom-mit-bigsby-tremolo-/3508169197-74-10418"
"db666f09-6bbb-46bf-982d-a28f1f3cc693","gibson-hummingbird","Gibson Hummingbird Original Acoustic-Electric Guitar - Regular Heritage Cherry Sunburst","16330","DKK","","exact","exact","88","'Hummingbird Original' acoustic-electric","","true","","https://reverb.com/item/96127886-gibson-hummingbird-original-acoustic-electric-guitar-regular-heritage-cherry-sunburst"
"dba697e4-d742-4a6f-ac99-129a347cc480","fender-mustang-bass","Fender Mustang Bass MIJ","8153","DKK","","exact","exact","85","'Fender Mustang Bass' MIJ origin only","","true","","https://reverb.com/item/101580482-fender-mustang-bass-mij"
"dbdea9bc-2612-492b-b2b0-a3cd6d8c47fc","moog-source","Moog Source Mid 1980’s","1305","DKK","","exact","exact","92","'Moog Source' mid-80s unit","","true","","https://reverb.com/item/90124933-moog-source-mid-1980-s"
"dbf73e4a-949a-4d82-95b1-e537ef3f36df","fender-telecaster-thinline","Fender Classic Series 69 Reissue Telecaster Thinline 2002 - Black","7802","DKK","","abstain","skipped","60","'Classic Series 69 Reissue' is a separate tier line","","","","https://reverb.com/item/100911179-fender-classic-series-69-reissue-telecaster-thinline-2002-black"
"dc13f077-39c2-4012-a9ba-b5c8d95e1392","fender-american-professional-ii-stratocaster","Fender American Professional II Stratocaster Miami Blue Rosewood Fingerboard (750)","12002","DKK","","exact","exact","94","'American Professional II Stratocaster' named exactly","","true","","https://reverb.com/item/91952558-fender-american-professional-ii-stratocaster-miami-blue-rosewood-fingerboard-750"
"dc19d173-1477-4b4a-927b-ca41f094469e","gibson-hummingbird","Gibson Hummingbird Original Heritage Cherry Sunburst Acoustic-Electric Guitar","47965","DKK","","exact","exact","88","'Hummingbird Original' acoustic-electric","","true","","https://reverb.com/item/92173645-gibson-hummingbird-original-heritage-cherry-sunburst-acoustic-electric-guitar"
"dc64749b-fd80-449e-9158-642599f708ee","fender-american-vintage-52-telecaster","Fender American Vintage '52 Telecaster 1997 Butterscotch Blonde w/ OHSC, Case Candy","15323","DKK","","exact","exact","92","'American Vintage '52 Telecaster' with case","","true","","https://reverb.com/item/97064098-fender-american-vintage-52-telecaster-1997-butterscotch-blonde-w-ohsc-case-candy"
"dc8bba22-cc06-4493-80ff-5ea44728cc8d","roland-sh-101","Roland MGS-1 Gray *Grip for SH-101*","1298","DKK","","accessory","accessory","94","'MGS-1 Grip for SH-101' is a handle accessory","","false","admin_rejected","https://reverb.com/item/101690200-roland-mgs-1-gray-grip-for-sh-101"
"dcb240f3-3658-467b-99a4-15d5896e12d5","korg-ms-20","Korg MS-20 Mini","","EUR","","wrong","wrong","92","'MS-20 Mini' is a different model than MS-20","","false","admin_rejected","https://www.kleinanzeigen.de/s-anzeige/korg-ms-20-mini/3507540503-74-3011"
"dcbb3af4-d61e-4030-afb1-791b3f33bf73","neumann-u87ai","Neumann U 87 Ai Condenser Microphone. Excellent U87Ai U87. 96346","15734","DKK","","exact","exact","95","'Neumann U 87 Ai Condenser Microphone'","","true","","https://reverb.com/item/101437688-neumann-u-87-ai-condenser-microphone-excellent-u87ai-u87-96346"
"dccb2019-e3d5-48db-8997-46ae5a8319c4","gibson-es-335-dot","2006 Gibson ES-335 Dot Figured Sunburst Semi-Hollow w/OHSC","24755","DKK","","exact","exact","93","'Gibson ES-335 Dot' with case, finish only variation","","true","","https://reverb.com/item/99006610-2006-gibson-es-335-dot-figured-sunburst-semi-hollow-w-ohsc"
"dccf31d5-daf1-44ca-a87a-b0790ead0b99","sequential-prophet-10","Sequential Prophet-10 Polyphonic Analog Keyboard Synthesizer - Carry Bag Kit","23389","DKK","","exact","exact","76","Prophet-10 keyboard synthesizer bundled with carry bag","","true","","https://reverb.com/item/36052077-sequential-prophet-10-polyphonic-analog-keyboard-synthesizer-carry-bag-kit"
"dcd12e7d-a9de-4e40-9716-85824d3bdf9a","gibson-les-paul-studio","Gibson Les Paul Studio Electric Guitar Cherry Sunburst","8662","DKK","","exact","exact","94","'Gibson Les Paul Studio' with colour only","","true","","https://reverb.com/item/98822174-gibson-les-paul-studio-electric-guitar-cherry-sunburst"
"dce578a8-1992-4a2c-9656-bddd83d9fe24","sequential-prophet-5","Sequential Prophet-5 Module 5-voice Polyphonic Analog Synthesizer","17612","DKK","","wrong","wrong","70","'Prophet-5 Module' desktop module, not the keyboard","","false","admin_rejected","https://reverb.com/item/38252127-sequential-prophet-5-module-5-voice-polyphonic-analog-synthesizer"
"dcee13c9-a3c9-4c44-9f88-080fbaf5ae65","ua-1176ln","Urei Universal Audio 1176LN Rev. D - MATCHED PAIR","195690","DKK","","exact","exact","66","'1176LN Rev. D' units, identity matches (pair)","","true","","https://reverb.com/item/92907784-urei-universal-audio-1176ln-rev-d-matched-pair"
"dd1a1a8e-6979-47a0-8edd-09de12269321","gibson-les-paul-special","Gibson Les Paul Special Double Cut 2015 - Trans Yellow","5703","DKK","","abstain","skipped","52","'Les Paul Special Double Cut' body variant not represented","","","","https://reverb.com/item/101828408-gibson-les-paul-special-double-cut-2015-trans-yellow"
"dd22f162-db0e-4cc5-b6bb-e2ee7a2587c4","roland-juno-6","Roland Juno-6 61-Key Polyphonic Synthesizer 1982 - 1984 (w/ Tubbutec Juno-66 Midi Upgrade)","15981","DKK","","exact","exact","92","'Roland Juno-6' with reversible MIDI mod","","true","","https://reverb.com/item/101384745-roland-juno-6-61-key-polyphonic-synthesizer-1982-1984-w-tubbutec-juno-66-midi-upgrade"
"dd2734c0-52ea-424a-a879-ae69a43e01af","yamaha-dx7","YAMAHA TX7 TONE GENERATOR FM EXPANDER desktop module form of Yamaha's DX7","1794","DKK","","wrong","wrong","93","'Yamaha TX7 tone generator', not a DX7","","false","admin_rejected","https://reverb.com/item/100949957-yamaha-tx7-tone-generator-fm-expander-desktop-module-form-of-yamaha-s-dx7"
"dd28c728-26e2-45da-a9f7-a456cf8273ea","gibson-les-paul-special","Gibson Les Paul Special TV Yellow","","EUR","","exact","exact","90","'Gibson Les Paul Special TV Yellow'","","true","","https://www.kleinanzeigen.de/s-anzeige/gibson-les-paul-special-tv-yellow/3509777522-74-345"
"dd3d3939-8772-4def-be92-614716ec7c21","fender-american-vintage-52-telecaster","Fender American Vintage '52 Telecaster Butterscotch Blonde (Pre-owned, 2015)","15473","DKK","","exact","exact","94","'American Vintage '52 Telecaster' named exactly","","true","","https://reverb.com/item/98519721-fender-american-vintage-52-telecaster-butterscotch-blonde-pre-owned-2015"
"dd63ecbe-1178-40b4-960a-850a0fad3682","gibson-hummingbird","Gibson USED ​​Gibson Hummingbird Standard (Vintage Sunburst)","19703","DKK","","exact","exact","88","'Gibson Hummingbird Standard' used","","true","","https://reverb.com/item/100854600-gibson-used-gibson-hummingbird-standard-vintage-sunburst"
"dd9663de-9484-40f5-ae7a-5773b429b61f","fender-telecaster-thinline","Fender Vintera II '60s Telecaster Thinline Maple Fingerboard Guitar - Black","7828","DKK","","abstain","skipped","60","'Vintera II '60s' reissue line tier vs generic Thinline row","","","","https://reverb.com/item/77812564-fender-vintera-ii-60s-telecaster-thinline-maple-fingerboard-guitar-black"
"de06081e-b1ac-4cbc-a0a2-c826bb09c89c","fender-jim-root-jazzmaster","Fender Jim Root Jazzmaster V4 Ebony Fingerboard Flat White","15003","DKK","","exact","exact","92","'Fender Jim Root Jazzmaster' with finish/board detail","","true","","https://reverb.com/item/66231913-fender-jim-root-jazzmaster-v4-ebony-fingerboard-flat-white"
"de0b201e-2e3e-4688-80f0-f8a05807bd3b","manley-voxbox","Manley Labs VOXBOX Tube Channel Strip- Purple(mint)","21526","DKK","","exact","exact","93","'Manley Labs VOXBOX' channel strip","","true","","https://reverb.com/item/101870154-manley-labs-voxbox-tube-channel-strip-purple-mint"
"de6ae78b-3255-4d1b-8868-2e0148990714","gibson-j-45","Gibson Southern Jumbo Original - J45 J-45 Mahogany Slope Shoulder - Acoustic Electric Original - Vintage Sunburst","16121","DKK","","wrong","wrong","82","'Southern Jumbo Original' is a different model, J-45 only referenced","","false","admin_rejected","https://reverb.com/item/101512643-gibson-southern-jumbo-original-j45-j-45-mahogany-slope-shoulder-acoustic-electric-original-vintage-sunburst"
"de720bc6-2e51-4a6c-a735-63103b675e9e","wurlitzer-200a","Wurlitzer 207 Piano 200A - jetzt mit Elektrik.nur noch bis 20.09.","7","EUR","","abstain","skipped","58","title names both '207' and '200A' ambiguously","","","","https://www.kleinanzeigen.de/s-anzeige/wurlitzer-207-piano-200a-jetzt-mit-elektrik-nur-noch-bis-20-09-/3271118974-74-9423"
"de74446a-f87a-4aac-8748-f90b659bc5b7","gibson-es-335-dot","Gibson ES-335 Dot 2010 - Cherry Red Memphis Factory PAF's","22758","DKK","","exact","exact","93","'Gibson ES-335 Dot 2010'","","true","","https://reverb.com/item/93437127-gibson-es-335-dot-2010-cherry-red-memphis-factory-paf-s"
"deb51d4d-83fa-45da-8f10-94d79c8a7bdc","neumann-u87ai","Neumann U 87 Ai Large Diaphragm Multipattern Condenser Microphone 1986 - Present - Nickel","14795","DKK","","exact","exact","95","'Neumann U 87 Ai' condenser mic, nickel","","true","","https://reverb.com/item/89814032-neumann-u-87-ai-large-diaphragm-multipattern-condenser-microphone-1986-present-nickel"
"dec9666d-8181-4bc2-9e33-125f46c347c1","gibson-les-paul-studio","Gibson Les Paul Studio Session","14081","EUR","","abstain","skipped","55","'Les Paul Studio Session' sub-model unclear","","","","https://www.kleinanzeigen.de/s-anzeige/gibson-les-paul-studio-session/3494848160-74-26489"
"df5bd496-0788-4c79-a7f4-be71958f0bcc","gibson-es-335-dot","2003 Gibson ES-335 Dot - Cherry Red","22749","DKK","","exact","exact","93","'Gibson ES-335 Dot' 2003 Cherry","","true","","https://reverb.com/item/99289148-2003-gibson-es-335-dot-cherry-red"
"df5de72f-cb6b-4408-97d8-439a83f37331","gibson-j-45","Gibson 1942 Banner J-45 Light Aged Acoustic - Vintage Sunburst","41396","DKK","","abstain","skipped","62","'1942 Banner J-45 Light Aged' historic/Custom Shop reissue tier","","","","https://reverb.com/item/73159212-gibson-1942-banner-j-45-light-aged-acoustic-vintage-sunburst"
"df88a6bc-34b0-4a06-b730-264f9a742544","gibson-les-paul-custom","Gibson Les Paul Custom Ebony - 2011","29249","SEK","","exact","exact","93","'Gibson Les Paul Custom Ebony'","","true","","https://www.blocket.se/recommerce/forsale/item/26246161"
"dfa17fb3-7d0c-401e-be52-91d2ec704075","fender-telecaster-thinline","Fender American Vintage II 1972 Telecaster Thinline Maple Fingerboard 3-Color Sunburst (221)","18264","DKK","","abstain","skipped","60","'American Vintage II 1972' reissue line vs generic Telecaster Thinline row","","","","https://reverb.com/item/62520539-fender-american-vintage-ii-1972-telecaster-thinline-maple-fingerboard-3-color-sunburst-221"
"dfa3631d-ff0d-4274-8488-27b13960fd3d","yamaha-dx7","original Yamaha Data Cartridge RAM4 for RX5 RX7 DX7 II DX11 TX802 DMP7/ RAM 4","507","DKK","part_or_accessory:cartridge","accessory","accessory","96","'Data Cartridge RAM4 for ... DX7'","","false","admin_rejected","https://reverb.com/item/100049618-original-yamaha-data-cartridge-ram4-for-rx5-rx7-dx7-ii-dx11-tx802-dmp7-ram-4"
"dfaed4fa-17fd-4aaa-b4a2-84613a961956","gibson-les-paul-standard-60s","Gibson Les Paul Standard '60s - SC (#153)","18904","DKK","","exact","exact","92","'Les Paul Standard '60s'","","true","","https://reverb.com/item/98590590-gibson-les-paul-standard-60s-sc-153"
"dfb14daf-65dc-4b50-ab63-b49b3d3cf866","gibson-les-paul-custom","Rittor Music Gibson Les Paul Custom Player's Book [Revised Edition]","149","DKK","","accessory","accessory","94","'Player's Book' publication, not a guitar","","false","admin_rejected","https://reverb.com/item/88236621-rittor-music-gibson-les-paul-custom-player-s-book-revised-edition"
"e00497a8-592e-49c0-b913-63a2976d2c34","korg-polysix","Original switch cap for the Korg PolySix, MonoPoly, Trident, etc (1980-1990) Gray","49","DKK","","accessory","accessory","96","'Original switch cap for the Korg PolySix'","","false","admin_rejected","https://reverb.com/item/101959929-original-switch-cap-for-the-korg-polysix-monopoly-trident-etc-1980-1990-gray"
"e082e0ca-1a0d-4007-885a-08300d2d67d4","gibson-es-335-dot","Gibson ES-335 Dot 2020 - 2026 - Vintage Burst","18264","DKK","","exact","exact","93","'Gibson ES-335 Dot' with finish/year only","","true","","https://reverb.com/item/99789854-gibson-es-335-dot-2020-2026-vintage-burst"
"e0a5cb0a-5c9b-4e88-b37a-5d8da19b0c97","gibson-es-335-dot","Gibson ES-335 Dot 2021 - Vintage Burst","22649","DKK","","exact","exact","93","'Gibson ES-335 Dot 2021'","","true","","https://reverb.com/item/65979577-gibson-es-335-dot-2021-vintage-burst"
"e0b2675d-5e28-41dc-92ac-99e0ed415e72","gibson-les-paul-standard-60s","Gibson Les Paul Standard '60s Electric Guitar Bourbon Burst","17932","DKK","","exact","exact","93","'Les Paul Standard '60s' plus colour","","true","","https://reverb.com/item/100779291-gibson-les-paul-standard-60s-electric-guitar-bourbon-burst"
"e0f7bebe-8fc7-4281-858c-ddfa61ee1a6d","gibson-es-335-dot","Gibson Memphis ES-335 Dot Reissue Figured Cherry Gibson [00079701] (06/24)","18877","DKK","","exact","exact","72","'Memphis ES-335 Dot Reissue' is the Dot model","","true","","https://reverb.com/item/98636590-gibson-memphis-es-335-dot-reissue-figured-cherry-gibson-00079701-06-24"
"e1268461-1f30-4688-855f-ace0f0464dcd","gibson-les-paul-studio","Gibson Les Paul Studio Double Trouble Guitar w/ Softshell Case - Cherry Sunburst","10430","DKK","","abstain","skipped","55","'Les Paul Studio Double Trouble' unclear sub-model","","","","https://reverb.com/item/96755332-gibson-les-paul-studio-double-trouble-guitar-w-softshell-case-cherry-sunburst"
"e1370cbc-204a-418c-a9bc-b45292aa7a89","fender-mustang-bass","1971 Fender Mustang Bass Competition Burgundy","27364","DKK","","exact","exact","88","'Fender Mustang Bass' with Competition finish","","true","","https://reverb.com/item/97997094-1971-fender-mustang-bass-competition-burgundy"
"e1450b1e-4d74-4ccc-beeb-33ec8a66c740","fender-american-vintage-52-telecaster","Fender American Vintage '52 Telecaster 1990s - Butterscotch Blonde","13698","DKK","","exact","exact","93","'American Vintage '52 Telecaster'","","true","","https://reverb.com/item/78519394-fender-american-vintage-52-telecaster-1990s-butterscotch-blonde"
"e16d7843-1ed3-4254-8b42-408da5709bb4","fender-american-professional-ii-stratocaster","Fender American Professional II Stratocaster Olympic White |","11101","EUR","","exact","exact","93","'American Professional II Stratocaster'","","true","","https://www.kleinanzeigen.de/s-anzeige/fender-american-professional-ii-stratocaster-olympic-white-/3447888807-74-21520"
"e17add8d-8ff4-48cb-8703-00bc820878e9","gibson-les-paul-custom","Gibson Les Paul Custom Shop 59 Reissue R9 2006 - Cherry Sunburst","27311","DKK","","wrong","wrong","80","'Custom Shop 59 Reissue R9' is a Standard reissue, not Les Paul Custom","","false","admin_rejected","https://reverb.com/item/101496549-gibson-les-paul-custom-shop-59-reissue-r9-2006-cherry-sunburst"
"e1f1a1ba-cd53-4099-b78f-a80c3dc9ef3d","yamaha-dx7","Yamaha DX7","5923","EUR","","exact","exact","90","'Yamaha DX7'","","true","","https://www.kleinanzeigen.de/s-anzeige/yamaha-dx7/3495059578-74-3107"
"e22ca4bd-dc55-4f77-a734-0500fed99550","gibson-j-45","Gibson J-45 Standard Left Handed in Vintage Sunburst #21736049","21216","DKK","","exact","exact","90","'Gibson J-45 Standard', handedness irrelevant","","true","","https://reverb.com/item/101917949-gibson-j-45-standard-left-handed-in-vintage-sunburst-21736049"
"e2390730-bb29-4c4d-87c9-67ef7ca8620a","gibson-les-paul-custom","2010 Gibson Les Paul Custom 74 Randy Rhoads VOS","","EUR","","abstain","skipped","60","'74 Randy Rhoads VOS' Custom Shop signature tier","","","","https://www.kleinanzeigen.de/s-anzeige/2010-gibson-les-paul-custom-74-randy-rhoads-vos/3208879374-74-7584"
"e24129cd-15f4-4728-988f-1f77cd0aeab6","wurlitzer-200a","Wurlitzer 207 Piano 200A - jetzt mit Elektrik.nur noch bis 15.09.","","EUR","","abstain","skipped","55","'Wurlitzer 207' and '200A' both named, ambiguous","","","","https://www.kleinanzeigen.de/s-anzeige/wurlitzer-207-piano-200a-jetzt-mit-elektrik-nur-noch-bis-15-09-/3271118974-74-9423"
"e24cbd61-6293-4536-949f-91aef5181c7b","gibson-les-paul-special","GIBSON Les Paul Special USA. Roadworn. Håndmalt av kunstner Mai Britt Kjeserud.","5100","NOK","","exact","exact","78","'Gibson Les Paul Special USA', custom paint is finish only","","true","","https://www.finn.no/recommerce/forsale/item/375228081"
"e28cc709-fae8-4f00-b41c-7836a6a8eeb6","fender-telecaster-thinline","Fender American Vintage II 1972 Telecaster Thinline - 3 Color Sunburst","18264","DKK","","abstain","skipped","60","'American Vintage II 1972 Telecaster Thinline' reissue tier","","","","https://reverb.com/item/80100069-fender-american-vintage-ii-1972-telecaster-thinline-3-color-sunburst"
"e2be4629-1259-4547-a076-86ca01358570","gibson-les-paul-standard-50s","Gibson Les Paul Standard '50s Plus Top (2003) Honey Burst","","EUR","","abstain","skipped","55","2003 'Standard '50s Plus Top' may be older Standard Plus line","","","","https://www.kleinanzeigen.de/s-anzeige/gibson-les-paul-standard-50s-plus-top-2003-honey-burst/3507693872-74-3020"
"e2c1eda2-5952-4e5a-ab5f-e0d65616d5c1","gibson-es-335-dot","Video Demo Vintage 1993 Gibson Black Gold ES-335 Dot Pro Setup Original Hardshell Case","22830","DKK","","exact","exact","85","'ES-335 Dot' with case included","","true","","https://reverb.com/item/87770248-video-demo-vintage-1993-gibson-black-gold-es-335-dot-pro-setup-original-hardshell-case"
"e2f0d341-accf-4c44-a0c9-b79bb7b6da87","gibson-hummingbird","Gibson Hummingbird Walnut AG Acoustic-Electric 2018","14812","DKK","","exact","exact","72","'Gibson Hummingbird' with Walnut finish variant","","true","","https://reverb.com/item/91516227-gibson-hummingbird-walnut-ag-acoustic-electric-2018"
"e3365bee-7ed9-480c-84e4-8c4266d311ba","gibson-les-paul-studio","Gibson Les Paul Studio LTD, U.S.A (2009) Silverburst *Neuwertig*","9648","EUR","","exact","exact","78","'Les Paul Studio LTD' Silverburst finish edition","","true","","https://www.kleinanzeigen.de/s-anzeige/gibson-les-paul-studio-ltd-u-s-a-2009-silverburst-neuwertig-/3517239421-74-2107"
"e36f9f34-df90-4a32-a44c-b149c440c99a","roland-juno-60","Made on Earth Analog Chorus 60 aus Roland Juno 60 106 + CV Input","3651","EUR","","wrong","wrong","85","'Made on Earth Analog Chorus 60' module, not the Juno-60 synth","","false","admin_rejected","https://www.kleinanzeigen.de/s-anzeige/made-on-earth-analog-chorus-60-aus-roland-juno-60-106-cv-input/3485825636-74-3138"
"e3ae6279-b894-42e0-9019-ec49b469f666","fender-telecaster-custom","2023 Fender Custom Shop Ltd. 60s Telecaster Custom Heavy Relic","32028","EUR","","abstain","skipped","65","'Custom Shop Ltd. Heavy Relic' names a Custom Shop tier build","","","","https://www.kleinanzeigen.de/s-anzeige/2023-fender-custom-shop-ltd-60s-telecaster-custom-heavy-relic/3252214074-74-2162"
"e3b17475-6130-430f-ba87-5671e0c735f8","gibson-les-paul-studio","Gibson Les Paul Studio 1995","","EUR","","exact","exact","92","'Gibson Les Paul Studio' with year only","","true","","https://www.kleinanzeigen.de/s-anzeige/gibson-les-paul-studio-1995/3503481233-74-942"
"e3c400b6-3603-4f98-92a4-21bf0fca9d2d","gibson-es-335-dot","Gibson ES-335 Dot Plain Cherry 2011 [12771708] (06/11)","20838","DKK","","exact","exact","93","'ES-335 Dot' plus finish/serial details","","true","","https://reverb.com/item/98085086-gibson-es-335-dot-plain-cherry-2011-12771708-06-11"
"e3f92e49-024e-41cf-ace0-bbc598f228f5","roland-re-201","[SALE Ends Mar 3] Roland SRE-555 RE-501 Chorus Echo Flagship 4-Heads RE-201 Tape Delay Spring Reverb CE-1 Chorus WORKING AS-IS","11250","DKK","","wrong","wrong","82","item offered is SRE-555/RE-501 Chorus Echo; RE-201 only a keyword","roland-re-501","false","admin_rejected","https://reverb.com/item/93500599-sale-ends-mar-3-roland-sre-555-re-501-chorus-echo-flagship-4-heads-re-201-tape-delay-spring-reverb-ce-1-chorus-working-as-is"
"e435bc57-332b-44b7-a0c1-eea53c9bebb5","gibson-j-45","2025 Gibson J-45 50's Original Vintage Sunburst w/case","13673","DKK","","exact","exact","70","'Gibson J-45' acoustic with case","","true","","https://reverb.com/item/100717935-2025-gibson-j-45-50-s-original-vintage-sunburst-w-case"
"e4456b56-bce7-4258-8bca-7b9c01e96a65","fender-mustang-bass","1968 Fender Mustang Bass In Dakota Red - Refinish","23925","DKK","","exact","exact","92","'Fender Mustang Bass', refinish is condition only","","true","","https://reverb.com/item/94350717-1968-fender-mustang-bass-in-dakota-red-refinish"
"e44f4e4c-3fdb-415f-8bd3-fcc351525d56","neumann-u87ai","*Neumann U 87 Ai sans suspension","13827","DKK","","exact","exact","90","'Neumann U 87 Ai' microphone, just lacking shock mount","","true","","https://reverb.com/item/92467511-neumann-u-87-ai-sans-suspension"
"e452ae07-d121-4b26-ab65-057b3599b8e0","gibson-les-paul-standard-50s","Gibson Les Paul Standard '50s - TO (#208)","15804","DKK","","exact","exact","93","'Les Paul Standard '50s' verbatim","","true","","https://reverb.com/item/102041636-gibson-les-paul-standard-50s-to-208"
"e472bcb3-d827-4923-8a0d-e6f14390c080","gibson-les-paul-standard-60s","Gibson Les Paul Standard '60s Demo Electric Guitar - ICED TEA","14735","DKK","","exact","exact","93","'Les Paul Standard '60s' demo unit","","true","","https://reverb.com/item/69992556-gibson-les-paul-standard-60s-demo-electric-guitar-iced-tea"
"e48d866a-f563-4170-bb79-a382aceaf000","gibson-les-paul-custom","Gibson Les Paul Custom (1971), Cherry Sunburst, Pat Sticker T-Top","","EUR","","exact","exact","91","'Gibson Les Paul Custom (1971)'","","true","","https://www.kleinanzeigen.de/s-anzeige/gibson-les-paul-custom-1971-cherry-sunburst-pat-sticker-t-top/3387146354-74-8098"
"e4ab6f85-343c-4152-b5cd-26c588634c06","gibson-les-paul-studio","2011 Gibson Les Paul Studio GH Ebony Black Beauty Gold Hardware","","EUR","","exact","exact","92","'Gibson Les Paul Studio' with gold hardware spec","","true","","https://www.kleinanzeigen.de/s-anzeige/2011-gibson-les-paul-studio-gh-ebony-black-beauty-gold-hardware/3372952380-74-4862"
"e5088d35-5171-4736-ac13-6b7997c05d37","gibson-les-paul-custom","Gibson Les Paul Custom Shop VOS R8 2011 - Heather Poly","23228","DKK","","wrong","wrong","72","'VOS R8' is a Historic '58 Standard reissue, not a Les Paul Custom","","false","admin_rejected","https://reverb.com/item/96942037-gibson-les-paul-custom-shop-vos-r8-2011-heather-poly"
"e51f1622-efd4-4a4a-a1e6-f64caab4de5f","yamaha-dx7","Yamaha DX7 MK I *with case*","2929","DKK","","exact","exact","92","'Yamaha DX7 MK I' with case","","true","","https://reverb.com/item/101690590-yamaha-dx7-mk-i-with-case"
"e53d7ddf-8a3e-4ae5-969f-ad0d73a8b313","fender-telecaster-thinline","Fender American Vintage II 1972 Telecaster Thinline Lake Placid Blue (946)","18264","DKK","","exact","exact","70","'1972 Telecaster Thinline' reissue of the candidate model","","true","","https://reverb.com/item/63450153-fender-american-vintage-ii-1972-telecaster-thinline-lake-placid-blue-946"
"e54360d0-e712-4ced-afcb-6de4999345b9","gibson-les-paul-special","Gibson Les Paul Special 2001 - Red","10145","DKK","","exact","exact","92","'Gibson Les Paul Special 2001'","","true","","https://reverb.com/item/100598838-gibson-les-paul-special-2001-red"
"e547a727-a697-4c60-9adb-6e97d973afc7","fender-telecaster-thinline","Fender Telecaster Thinline 1974 - Natural","27144","DKK","","exact","exact","93","'Fender Telecaster Thinline 1974'","","true","","https://reverb.com/item/101884948-fender-telecaster-thinline-1974-natural"
"e548aa8f-7a94-406c-82b4-a3ebb7865a66","fender-telecaster-custom","Fender 62&#039;s Telecaster Custom Shop LTD (Abigail Ybarra)","33518","EUR","","abstain","skipped","60","'Custom Shop LTD' tier, unclear if Telecaster Custom model","","","","https://www.kleinanzeigen.de/s-anzeige/fender-62-s-telecaster-custom-shop-ltd-abigail-ybarra-/3337046494-74-1656"
"e5523aee-233c-4e84-9b9d-babdc31db7a1","korg-polysix","Korg Polysix Analog Polyphonic Synthesizer with Kiwisix","11671","DKK","","exact","exact","88","'Korg Polysix' with Kiwisix upgrade mod","","true","","https://reverb.com/item/101294572-korg-polysix-analog-polyphonic-synthesizer-with-kiwisix"
"e57a3504-a0d7-46ae-b35a-550f49137206","gibson-les-paul-studio","Gibson Les Paul Studio 2009 USA – Sehr guter Zustand","5208","EUR","","exact","exact","92","'Gibson Les Paul Studio 2009 USA'","","true","","https://www.kleinanzeigen.de/s-anzeige/gibson-les-paul-studio-2009-usa-sehr-guter-zustand/3496603154-74-8354"
"e5a69e81-5616-48a7-878f-1c1a7be7cc62","roland-re-201","Roland Space Echo RE 201","12293","EUR","","exact","exact","93","'Roland Space Echo RE 201'","","true","","https://www.kleinanzeigen.de/s-anzeige/roland-space-echo-re-201/3505195810-74-1399"
"e5b0a672-318c-4da6-be70-29b77d1c5981","roland-re-501","Roland RE-501 Chorus Echo","17612","DKK","","exact","exact","94","'Roland RE-501 Chorus Echo'","","true","","https://reverb.com/item/60024337-roland-re-501-chorus-echo"
"e5eae353-b4f4-4bee-94ee-7dfd3bfc4426","gibson-j-45","Gibson J-45 Standard - Vintage Sunburst #46086","19562","DKK","","exact","exact","92","'Gibson J-45 Standard'","","true","","https://reverb.com/item/101417950-gibson-j-45-standard-vintage-sunburst-46086"
"e5f4dd6b-f072-4dc1-b885-f03c66b3d7e6","roland-tr-606","Roland TR-06 Boutique Series TR-606 Rhythm Performer","3109","DKK","","wrong","wrong","90","'TR-06 Boutique' is a modern reissue module, not TR-606","","false","admin_rejected","https://reverb.com/item/44707733-roland-tr-06-boutique-series-tr-606-rhythm-performer"
"e6382c7a-a7bf-432c-a293-cc3aea658c6b","gibson-j-45","Mint Gibson J-45 Standard Acoustic-Electric Heritage Cherry Sunburst","19432","DKK","","exact","exact","92","'Gibson J-45 Standard' acoustic-electric","","true","","https://reverb.com/item/90968667-mint-gibson-j-45-standard-acoustic-electric-heritage-cherry-sunburst"
"e67d08dd-da15-4e48-9095-b5c0fc24e79f","roland-juno-60","Roland Juno-60 61-Key Polyphonic Synthesizer 1982 - 1984 - Black","35122","DKK","","exact","exact","94","'Roland Juno-60 61-Key Polyphonic Synthesizer'","","true","","https://reverb.com/item/68206289-roland-juno-60-61-key-polyphonic-synthesizer-1982-1984-black"
"e686d992-a3f3-467f-b744-5fd4adcfee57","gibson-les-paul-special","Gibson Custom 1957 Les Paul Special Single Cut Reissue VOS - TV (#714)","24834","DKK","","abstain","skipped","70","'Gibson Custom 1957 ... Reissue VOS' names a Custom Shop reissue tier","","","","https://reverb.com/item/92096957-gibson-custom-1957-les-paul-special-single-cut-reissue-vos-tv-714"
"e69fd247-b60d-4c33-b87e-8e79f6708872","roland-tr-707","Roland TR-707 Rhythm Composer 1985 - White","3914","DKK","","exact","exact","95","'Roland TR-707 Rhythm Composer' matches model exactly","","true","","https://reverb.com/item/101794831-roland-tr-707-rhythm-composer-1985-white"
"e6b90887-da2f-4b98-8f26-4e1a49f2412c","moog-model-d","Moog Model D SR Case","3038","DKK","","accessory","accessory","93","'SR Case' — case sold alone, not the synth","","false","admin_rejected","https://reverb.com/item/81616950-moog-model-d-sr-case"
"e6ed70ff-1d07-4493-a29f-672263a4c674","korg-ms-20","Korg MS-20 FS Monophonic Analog Synthesizer 2020 - Present - Blue","7061","DKK","","abstain","skipped","65","'MS-20 FS' reissue, 2020-present, distinct tier from vintage MS-20","","","","https://reverb.com/item/100458962-korg-ms-20-fs-monophonic-analog-synthesizer-2020-present-blue"
"e6efb4d9-758a-4090-a880-d26ca313fb14","roland-re-501","Roland RE-501 Chorus Echo 1980 - 1984 - Black Tade delay with Reverb, and spare Roland replacement  tape.","12879","DKK","","exact","exact","93","'Roland RE-501 Chorus Echo' with spare tape included","","true","","https://reverb.com/item/95500418-roland-re-501-chorus-echo-1980-1984-black-tade-delay-with-reverb-and-spare-roland-replacement-tape"
"e6f22a2e-843f-4462-8ea9-342ed8c77b69","gibson-les-paul-custom","Gibson Les Paul Custom Ebony Custom Shop mit 57 Custombucker","33518","EUR","","exact","exact","75","'Les Paul Custom Ebony' — Custom Shop build of the candidate model","","true","","https://www.kleinanzeigen.de/s-anzeige/gibson-les-paul-custom-ebony-custom-shop-mit-57-custombucker/2916114475-74-1449"
"e6fb0347-5796-4455-b8ae-bb0fd6c463f7","ua-1176ln","Vintage Urei 1176LN Rev H Limiting Amplifier. Universal Audio 1176 compressor. Just serviced","20219","DKK","","exact","exact","80","'Urei 1176LN Rev H' — the 1176LN limiting amplifier itself, serviced","","true","","https://reverb.com/item/101063096-vintage-urei-1176ln-rev-h-limiting-amplifier-universal-audio-1176-compressor-just-serviced"
"e6ff4579-6df7-41c7-8cee-1240614a679a","neve-portico-ii-master-buss-processor","Rupert Neve Designs Portico II Master Buss Processor 2012 - Present - Shelford Blue","29846","DKK","","exact","exact","92","'Portico II Master Buss Processor' matches model name","","true","","https://reverb.com/item/79352101-rupert-neve-designs-portico-ii-master-buss-processor-2012-present-shelford-blue"
"e74841f7-33c5-43d1-9509-5d51568ab1a5","gibson-hummingbird","Gibson Custom Shop Early 1960`s Hummingbird CS 2015","15825","DKK","","abstain","skipped","68","'Custom Shop Early 1960`s Hummingbird CS' — Custom Shop tier","","","","https://reverb.com/item/101783510-gibson-custom-shop-early-1960-s-hummingbird-cs-2015"
"e76c19c3-26bc-43c6-87f0-e5c64f34f4a8","gibson-les-paul-studio","Gibson Les Paul Studio Faded Worn Brown – 2012 – Made in USA","7078","EUR","","exact","exact","72","'Les Paul Studio Faded Worn Brown' — Studio with faded finish","","true","","https://www.kleinanzeigen.de/s-anzeige/gibson-les-paul-studio-faded-worn-brown-2012-made-in-usa/3491245144-74-4660"
"e771b3dd-73f0-48bf-aca4-d3cd229da9cd","gibson-hummingbird","Gibson Hummingbird Standard EC - Heritage Cherry Sunburst","25334","DKK","","exact","exact","72","'Hummingbird Standard EC' — Hummingbird with electronics/cutaway","","true","","https://reverb.com/item/86072223-gibson-hummingbird-standard-ec-heritage-cherry-sunburst"
"e774142d-180c-4e88-9328-a620ff66a7d8","moog-minimoog","Moog Minimoog Voyager Performer Edition 44-Key Monophonic Synthesizer 2002 - 2015 - White Cabinet","24787","DKK","","wrong","wrong","88","'Minimoog Voyager Performer Edition' is a distinct later model","","false","admin_rejected","https://reverb.com/item/102013416-moog-minimoog-voyager-performer-edition-44-key-monophonic-synthesizer-2002-2015-white-cabinet"
"e77aeff5-9904-4308-9d80-16cc15589747","gibson-hummingbird","Gibson Custom Shop Dealer Select 1960 Hummingbird Ebony Murphy Lab Heavy Aged 21966127","53808","DKK","","abstain","skipped","70","'Custom Shop Dealer Select 1960 ... Murphy Lab Heavy Aged' — Custom Shop tier","","","","https://reverb.com/item/101303357-gibson-custom-shop-dealer-select-1960-hummingbird-ebony-murphy-lab-heavy-aged-21966127"
"e7826131-ed19-4178-b237-be214e3b0791","gibson-les-paul-custom","Gibson Les Paul Custom shop aka ""BeBo"" Limited edition","32499","SEK","","abstain","skipped","60","'Custom shop aka BeBo Limited edition' — unclear which model/tier","","","","https://www.blocket.se/recommerce/forsale/item/25871597"
"e7bda0f6-65b3-4936-a1e5-730d91f29684","fender-american-professional-ii-stratocaster","Fender American Professional II Stratocaster HH Mahagony LTD.","","EUR","","exact","exact","75","'American Professional II Stratocaster HH' limited pickup/wood variant","","true","","https://www.kleinanzeigen.de/s-anzeige/fender-american-professional-ii-stratocaster-hh-mahagony-ltd-/3494493902-74-9026"
"e7bfe428-6f72-4be3-bcc9-6735960949f7","gibson-les-paul-custom","Orville by Gibson Les Paul Custom 1989","","EUR","","wrong","wrong","88","'Orville by Gibson' is a different (Japanese) brand line","","false","admin_rejected","https://www.kleinanzeigen.de/s-anzeige/orville-by-gibson-les-paul-custom-1989/3502046797-74-18712"
"e833989f-a7b9-4dc5-8f21-4435807d80e4","gibson-les-paul-studio","Original GIBSON e-Gitarre les Paul Studio","","EUR","","exact","exact","85","'GIBSON e-Gitarre les Paul Studio'","","true","","https://www.kleinanzeigen.de/s-anzeige/original-gibson-e-gitarre-les-paul-studio/3507597121-74-19779"
"e8417513-0299-4eff-a610-c7c4df8935bf","fender-american-professional-ii-stratocaster","Fender American Professional II Stratocaster HSS Maple Fingerboard 3-Color Sunburst (718)","12328","DKK","","exact","exact","93","'American Professional II Stratocaster HSS' matches model","","true","","https://reverb.com/item/64574854-fender-american-professional-ii-stratocaster-hss-maple-fingerboard-3-color-sunburst-718"
"e86e535a-efd8-401f-a44c-17b467674309","gibson-es-335-dot","Gibson ES-335 Dot 1992 Cherry Red MINT UNPLAYED","22138","DKK","","exact","exact","93","'Gibson ES-335 Dot 1992 Cherry'","","true","","https://reverb.com/item/99686246-gibson-es-335-dot-1992-cherry-red-mint-unplayed"
"e8a985b3-ee13-4a26-a3cf-e7a0c9694020","manley-voxbox","Manley Labs Voxbox 2024 - Bleu","35117","DKK","","exact","exact","92","'Manley Labs Voxbox'","","true","","https://reverb.com/item/88119787-manley-labs-voxbox-2024-bleu"
"e8bb4eb3-633b-4abb-833e-f256a8f36d07","gibson-es-335-dot","Gibson ES-335 Dot / October 2023 / Sixties Cherry Finish / EXCELLENT Condition","15208","DKK","","exact","exact","93","'Gibson ES-335 Dot' with finish and date only","","true","","https://reverb.com/item/100638350-gibson-es-335-dot-october-2023-sixties-cherry-finish-excellent-condition"
"e8e75bff-6bc5-410d-9e7b-319c20e0e643","fender-telecaster-thinline","Fender Vintera II 60s Telecaster Thinline 2023 + Seymour Duncan","","EUR","","abstain","skipped","65","'Vintera II 60s Telecaster Thinline' — separate reissue line tier","","","","https://www.kleinanzeigen.de/s-anzeige/fender-vintera-ii-60s-telecaster-thinline-2023-seymour-duncan/3504839966-74-4321"
"e90ab901-1b63-48b1-b0be-14eadf41b0dd","gibson-les-paul-studio","Gibson Les Paul Studio Session Guitar w/ Softshell Case - Iguana Burst","13039","DKK","","exact","exact","62","'Les Paul Studio Session' variant with softshell case","","true","","https://reverb.com/item/96755334-gibson-les-paul-studio-session-guitar-w-softshell-case-iguana-burst"
"e9131456-3525-43c8-b0eb-221c6210e4d7","gibson-les-paul-studio","Gibson Les Paul Studio elektrisk gitar sunburst","7200","NOK","","exact","exact","88","'Gibson Les Paul Studio elektrisk gitar'","","true","","https://www.finn.no/recommerce/forsale/item/476466737"
"e9137ade-635d-4926-a08d-4190959c0a05","gibson-les-paul-studio","Gibson Les Paul Studio Ebony","10430","DKK","","exact","exact","92","'Gibson Les Paul Studio Ebony' — finish only","","true","","https://reverb.com/item/100748622-gibson-les-paul-studio-ebony"
"e94abe26-6597-4540-9772-4142a08c12fc","fender-american-vintage-52-telecaster","Fender American Vintage '52 Telecaster Fullerton Plant 1982 - 1984 - Butterscotch Blonde","35144","DKK","","exact","exact","93","'American Vintage '52 Telecaster' named exactly; year/finish only","","true","","https://reverb.com/item/100508030-fender-american-vintage-52-telecaster-fullerton-plant-1982-1984-butterscotch-blonde"
"e957740d-cfa0-41c1-8257-8e994797a1bd","gibson-sg-standard-large-guard-with-maestro-vibrola","Gibson SG Standard ""Large Guard"" with Maestro Vibrola 1969 - Walnut","27346","DKK","","exact","exact","94","'SG Standard Large Guard with Maestro Vibrola' matches candidate name","","true","","https://reverb.com/item/101282494-gibson-sg-standard-large-guard-with-maestro-vibrola-1969-walnut"
"e96b2f8c-dede-4e1d-87ee-06c360a38bef","gibson-hummingbird","Gibson Hummingbird Standard; Vintage Cherry Sunburst Acoustic Guitar","25037","DKK","","exact","exact","85","'Gibson Hummingbird Standard' acoustic, finish only extra","","true","","https://reverb.com/item/100715634-gibson-hummingbird-standard-vintage-cherry-sunburst-acoustic-guitar"
"e975db57-a8bc-4895-a919-066853fefcbc","fender-american-professional-ii-stratocaster","Fender American Professional II Stratocaster 3-Color Sunburst Maple Fingerboard (129)","11980","DKK","","exact","exact","94","'American Professional II Stratocaster' with finish/fingerboard detail","","true","","https://reverb.com/item/91952385-fender-american-professional-ii-stratocaster-3-color-sunburst-maple-fingerboard-129"
"e9bb58f1-2bd1-404f-9071-99fc551e3fe8","roland-sh-101","ROLAND SH 101","11913","EUR","","exact","exact","90","'ROLAND SH 101' names the model","","true","","https://www.kleinanzeigen.de/s-anzeige/roland-sh-101/3505022060-74-7659"
"e9c95066-7dae-4728-aed8-b33f7525a6a2","gibson-les-paul-custom","2001 Gibson Les Paul Custom Ebony 4,2kg with Original Case","","EUR","","exact","exact","92","'Gibson Les Paul Custom' plus case and year","","true","","https://www.kleinanzeigen.de/s-anzeige/2001-gibson-les-paul-custom-ebony-4-2kg-with-original-case/3508873343-74-1396"
"e9cf9b03-65ef-41a1-9ac2-85dd1a9c1163","fender-american-professional-ii-stratocaster","Fender American Professional II Stratocaster Roasted Pine Rosewood Fingerboard (479)","12631","DKK","","exact","exact","93","'American Professional II Stratocaster' Roasted Pine finish variant","","true","","https://reverb.com/item/91898591-fender-american-professional-ii-stratocaster-roasted-pine-rosewood-fingerboard-479"
"e9d71689-0317-4742-a2c5-ecaea2ed426d","gibson-es-335-dot","Rare 1995 Gibson ES-335 Dot Long Guard Yamano-Order Cherry w/ 57 Classic PAFs, Case & Hangtags !","26092","DKK","","exact","exact","80","'Gibson ES-335 Dot' with year/market and case","","true","","https://reverb.com/item/100526472-rare-1995-gibson-es-335-dot-long-guard-yamano-order-cherry-w-57-classic-pafs-case-hangtags"
"e9d7e3f5-87aa-4cb4-a1a0-ebcb34c4c2ce","fender-american-professional-ii-stratocaster","Fender - American Professional II Stratocaster Neck- 22 Narrow Tall Frets- 9.5 Radius- Maple","5777","DKK","","accessory","accessory","95","'Stratocaster Neck' sold as a part","","false","admin_rejected","https://reverb.com/item/84739286-fender-american-professional-ii-stratocaster-neck-22-narrow-tall-frets-9-5-radius-maple"
"e9e45240-ffbe-407b-b261-b773dea92c41","fender-telecaster-custom","Rare 1978 Fender Telecaster Custom with Original Black Finish and Rosewood Fretboard","29354","DKK","","exact","exact","92","'1978 Fender Telecaster Custom' black finish","","true","","https://reverb.com/item/101187195-rare-1978-fender-telecaster-custom-with-original-black-finish-and-rosewood-fretboard"
"e9e6d443-9223-49ab-97f7-5dc0f09f0347","roland-sh-101","Roland SH-101","","EUR","","exact","exact","92","'Roland SH-101' exact model name","","true","","https://www.kleinanzeigen.de/s-anzeige/roland-sh-101/3512964817-74-17428"
"ea2af1c1-117d-48f2-9a2e-2c3b48b2efde","roland-tr-606","Roland TR-606 Drumatix","4566","DKK","","exact","exact","95","'TR-606 Drumatix' is the model's own name","","true","","https://reverb.com/item/101284084-roland-tr-606-drumatix"
"ea6b0e0b-6e6d-4e85-9438-81319e55a4f7","fender-telecaster-custom","1978 Fender Telecaster Custom – Black – Made in USA 4kg Tausch","26001","EUR","","exact","exact","88","'1978 Fender Telecaster Custom – Black – Made in USA'","","true","","https://www.kleinanzeigen.de/s-anzeige/1978-fender-telecaster-custom-black-made-in-usa-4kg-tausch/3496527630-74-8079"
"ea6f5a48-c30a-41e6-9eae-2fdf7fd920aa","roland-juno-106","Roland Juno-106 Analog Polyphonic Synthesizer","80233","DKK","","exact","exact","93","'Roland Juno-106' synthesizer","","true","","https://reverb.com/item/30653293-roland-juno-106-analog-polyphonic-synthesizer"
"ea73ff77-cac7-48e4-b5ab-a4fd5de7e01c","fender-mustang-bass","Fender Mustang Bass 1967 - Blue","40769","DKK","","exact","exact","90","'Fender Mustang Bass 1967' vintage model","","true","","https://reverb.com/item/101501950-fender-mustang-bass-1967-blue"
"ea932f04-35ea-4261-b394-742086e9a490","gibson-les-paul-custom","Gibson Les Paul Custom Shop R8 1958 Fool's Gold LTD Historic 2016","","EUR","","wrong","wrong","75","'Custom Shop R8 1958 Historic' reissue Standard, not a Les Paul Custom","","false","admin_rejected","https://www.kleinanzeigen.de/s-anzeige/gibson-les-paul-custom-shop-r8-1958-fool-s-gold-ltd-historic-2016/2663156442-74-1449"
"eabfae75-375c-4608-9faa-8c36fd0e228c","roland-juno-106","Roland Juno-106 61-Key Programmable Polyphonic Synthesizer 1984 - 1985 - Black","9919","DKK","","exact","exact","93","'Roland Juno-106' 61-key programmable polyphonic","","true","","https://reverb.com/item/101182357-roland-juno-106-61-key-programmable-polyphonic-synthesizer-1984-1985-black"
"eb00015f-3401-41ea-ae93-a98029c59a2e","fender-mustang-bass","Fender Player II Mustang Bass PJ with Maple Fingerboard (Cactus Gray)","5457","DKK","","abstain","skipped","60","'Player II Mustang Bass PJ' is a distinct modern budget sub-model","","","","https://reverb.com/item/100680955-fender-player-ii-mustang-bass-pj-with-maple-fingerboard-cactus-gray"
"eb0bd8e9-0fb1-4705-86dc-fb6d9e2ce5a2","moog-source","Moog Source Monophonic Analog Synthesizer — Excellent — Studio Owned (1981–1985)","10611","DKK","","exact","exact","92","'Moog Source' monophonic analog synth","","true","","https://reverb.com/item/101476908-moog-source-monophonic-analog-synthesizer-excellent-studio-owned-1981-1985"
"eb271df5-0274-4170-ae51-89cc76ce046e","gibson-les-paul-studio","El guitar 2009 Gibson Les Paul Studio Ebony/gold Hardware","9500","DKK","","exact","exact","90","'Gibson Les Paul Studio' ebony/gold hardware","","true","","https://www.dba.dk/recommerce/forsale/item/24354170"
"eb91c33d-c42a-480c-a4ea-401577e03ce2","roland-tr-707","Roland TR-707","3451","DKK","","exact","exact","95","'Roland TR-707' exact model","","true","","https://reverb.com/item/100675591-roland-tr-707"
"eb95ce20-b462-46ee-b804-9eed3107c32f","moog-model-d","Moog Music Model D ATA Flightcase (RES-RC-008)","7076","DKK","","accessory","accessory","95","'ATA Flightcase' sold alone for Model D","","false","admin_rejected","https://reverb.com/item/64123161-moog-music-model-d-ata-flightcase-res-rc-008"
"ebb7656e-3d28-4a06-b151-8ca3a40ac1e7","roland-tr-808","Roland TR-808 Collector’s Bundle","60065","DKK","","exact","exact","72","'Roland TR-808' unit sold as a bundle with extras","","true","","https://reverb.com/item/94077896-roland-tr-808-collector-s-bundle"
"ebc77ca6-76ba-405a-8af4-19f681419989","gibson-es-335-dot","2008 Gibson ES-335 Dot - Sunburst","16628","DKK","","exact","exact","93","'Gibson ES-335 Dot' 2008 sunburst","","true","","https://reverb.com/item/97843258-2008-gibson-es-335-dot-sunburst"
"ec8153d4-d93e-414c-896d-14085b1d9ca2","korg-ms-20","Korg MS-20 - fully serviced (see description)","16401","DKK","","exact","exact","90","'Korg MS-20' serviced, not Mini","","true","","https://reverb.com/item/101958676-korg-ms-20-fully-serviced-see-description"
"ec8d0ddd-94f2-4892-a532-ed58a0b130b4","gibson-les-paul-standard-60s","Gibson Les Paul Standard '60s - BY (#076)","18932","DKK","","exact","exact","93","'Les Paul Standard '60s' named exactly","","true","","https://reverb.com/item/97916460-gibson-les-paul-standard-60s-by-076"
"ece26754-9104-4df8-ad2a-212c7560f501","gibson-les-paul-studio","Gibson Les Paul Studio - vintage elguitar","7900","DKK","","exact","exact","88","'Gibson Les Paul Studio' electric guitar","","true","","https://www.dba.dk/recommerce/forsale/item/24824171"
"ece7b620-d72b-4e27-8993-163bc2701474","roland-sh-101","Roland SH-101 Monophonic Analog  with owners manual Synthesizer","12896","DKK","","exact","exact","92","SH-101 synthesizer sold with owner's manual","","true","","https://reverb.com/item/101287132-roland-sh-101-monophonic-analog-with-owners-manual-synthesizer"
"ed15e303-f669-42f6-ac2f-98f0a83d6b8a","gibson-es-335-dot","Gibson ES-335 Dot 2020 - 2026 - Vintage Ebony","20026","DKK","","exact","exact","92","'ES-335 Dot' with finish/year only","","true","","https://reverb.com/item/97812444-gibson-es-335-dot-2020-2026-vintage-ebony"
"ed65822d-49bc-49e0-aee3-13169b0ec476","yamaha-dx7","Yamaha dx7 Original display","298","EUR","","accessory","accessory","93","'Original display' part for DX7","","false","admin_rejected","https://www.kleinanzeigen.de/s-anzeige/yamaha-dx7-original-display/3485410468-74-3491"
"edc6799c-5ea7-474b-8a53-ecf24d06b815","roland-juno-106","Roland Juno-106 61-Key Programmable Polyphonic Synthesizer 1984 - 1985 - Black","11741","DKK","","exact","exact","94","'Juno-106' polyphonic synthesizer","","true","","https://reverb.com/item/101897044-roland-juno-106-61-key-programmable-polyphonic-synthesizer-1984-1985-black"
"eddc2b8f-193c-4aa4-999a-93b75b067e95","gibson-es-335-dot","Gibson ES-335 Dot 2007 - Vintage Sunburst","19500","DKK","","exact","exact","93","'ES-335 Dot' with year and finish","","true","","https://reverb.com/item/98064183-gibson-es-335-dot-2007-vintage-sunburst"
"edaa2aac-2190-4c67-abeb-723e4b2b1473","gibson-j-45","Gibson Acoustic Limited Edition J-45 Standard Acoustic Guitar - Natural Gloss with Cherry Sides","19408","DKK","","exact","exact","70","'J-45 Standard' limited edition finish variant","","true","","https://reverb.com/item/86666549-gibson-acoustic-limited-edition-j-45-standard-acoustic-guitar-natural-gloss-with-cherry-sides"
"ee0eb461-1fe3-4821-af57-267a8292790d","gibson-hummingbird","Gibson Hummingbird Custom Koa (#136)","59299","DKK","","abstain","skipped","60","'Hummingbird Custom Koa' premium sub-model not in catalogue","","","","https://reverb.com/item/93387283-gibson-hummingbird-custom-koa-136"
"ee689790-f5b9-4c4c-bfb9-d2fd580a23fd","wurlitzer-200a","Wurlitzer 200A 64-Key Electric Piano 1974 - 1983 - Black","35844","DKK","","exact","exact","94","'Wurlitzer 200A' electric piano","","true","","https://reverb.com/item/101412941-wurlitzer-200a-64-key-electric-piano-1974-1983-black"
"ee7f3e75-7fa6-4c47-bc98-2cfa0743c05c","roland-juno-6","Roland Juno-6 61-Key Polyphonic Synthesizer 1982 - 1984 - Black","13843","DKK","","exact","exact","94","'Juno-6' polyphonic synthesizer","","true","","https://reverb.com/item/101049558-roland-juno-6-61-key-polyphonic-synthesizer-1982-1984-black"
"ee7f6bf4-4cf7-448c-bda0-d4ee1b75c841","fender-american-professional-ii-stratocaster","2023 Fender American Professional II Stratocaster","","EUR","","exact","exact","94","'American Professional II Stratocaster' named","","true","","https://www.kleinanzeigen.de/s-anzeige/2023-fender-american-professional-ii-stratocaster/3463725266-74-2162"
"ee827caf-9e9b-4833-a8f4-c2922dd3eb11","roland-juno-106","1986 Roland Juno-106 61-Key Polyphonic Analog Synthesizer","12394","DKK","","exact","exact","94","'Juno-106' with year only","","true","","https://reverb.com/item/101876296-1986-roland-juno-106-61-key-polyphonic-analog-synthesizer"
"ee9c9980-75d2-43f1-8e61-f93fb5d7d677","gibson-les-paul-custom","Gibson Les Paul Custom - Ebony - 2001 - 2nd Hand","34051","DKK","","exact","exact","92","'Les Paul Custom' with finish/year/condition","","true","","https://reverb.com/item/101328198-gibson-les-paul-custom-ebony-2001-2nd-hand"
"eea4e18c-1051-4483-8b02-be7aed02ba55","gibson-j-45","Gibson J-45 Standard Acoustic-Electric Heritage Cherry Sunburst","19432","DKK","","exact","exact","88","'J-45 Standard' acoustic-electric finish variant","","true","","https://reverb.com/item/87617513-gibson-j-45-standard-acoustic-electric-heritage-cherry-sunburst"
"eec0cd75-d473-4800-86f8-e61981531bfe","gibson-les-paul-studio","Gibson Les Paul Studio 2008 – mit Originalkoffer","6705","EUR","","exact","exact","90","'Les Paul Studio' with original case","","true","","https://www.kleinanzeigen.de/s-anzeige/gibson-les-paul-studio-2008-mit-originalkoffer/3497093532-74-5669"
"eeeb065d-49e9-4f62-bf66-7fc08350e40e","gibson-j-45","Gibson J-45 Standard - Vintage Sunburst","19562","DKK","","exact","exact","90","'J-45 Standard' with finish only","","true","","https://reverb.com/item/101341202-gibson-j-45-standard-vintage-sunburst"
"eef79b46-178c-4d26-9a3b-a1e9a4526d07","gibson-hummingbird","Gibson Custom Shop 1960 Hummingbird Murphy Lab Heavy Aged  Heritage Cherry Sunburst (058)","50221","DKK","","abstain","skipped","65","'Custom Shop 1960 Murphy Lab' tier not represented","","","","https://reverb.com/item/101136633-gibson-custom-shop-1960-hummingbird-murphy-lab-heavy-aged-heritage-cherry-sunburst-058"
"ef01fb63-7ad8-49aa-8641-6d16a1c528e3","gibson-es-335-dot","2012 Gibson Memphis ES-335 Dot Figured Vintage Sunburst w/ OHSC & COA","22146","DKK","","exact","exact","78","'Memphis ES-335 Dot Figured' factory ES-335 Dot","","true","","https://reverb.com/item/101805387-2012-gibson-memphis-es-335-dot-figured-vintage-sunburst-w-ohsc-coa"
"ef242616-0a02-4a48-a41a-f810cfe4ea48","gibson-les-paul-studio","Gibson Les Paul Studio - Left Handed - Ebony - 2nd Hand","9007","DKK","","exact","exact","90","'Les Paul Studio' left-handed, condition only","","true","","https://reverb.com/item/99281158-gibson-les-paul-studio-left-handed-ebony-2nd-hand"
"ef86fd2f-cd65-48d8-9413-7657c738b79d","fender-telecaster-thinline","1986 Fender MIJ TN-70 Telecaster Thinline | Vintage Japan 2,87kg","11168","EUR","","abstain","skipped","60","'MIJ TN-70' Japanese reissue tier of Thinline","","","","https://www.kleinanzeigen.de/s-anzeige/1986-fender-mij-tn-70-telecaster-thinline-vintage-japan-2-87kg/3471125540-74-12892"
"efc51cd3-55bc-4a69-8da2-664b6193e265","gibson-les-paul-standard-50s","Gibson - Les Paul Standard '50s Electric Guitar - Heritage Cherry Sunburst - x0330","18132","DKK","","exact","exact","93","'Les Paul Standard '50s' named exactly","","true","","https://reverb.com/item/100446884-gibson-les-paul-standard-50s-electric-guitar-heritage-cherry-sunburst-x0330"
"f08a040a-57dc-46e8-b2b8-4d3f1f8544e5","ua-1176ln","Universal Audio 1176LN Limiting Amplifier Reissue 2001 - Present - Black","10689","DKK","","exact","exact","72","'1176LN Limiting Amplifier' current reissue","","true","","https://reverb.com/item/101572303-universal-audio-1176ln-limiting-amplifier-reissue-2001-present-black"
"f0a97308-399a-429a-aeea-87da62ea7e99","yamaha-dx7","Yamaha DX7 II FD Digital Synthesizer w/ DX100 #58880","6490","DKK","","wrong","wrong","80","'DX7 II FD' is a different model than DX7","","false","admin_rejected","https://reverb.com/item/95060729-yamaha-dx7-ii-fd-digital-synthesizer-w-dx100-58880"
"f0b9bbd6-d182-4859-aa88-7de0d3cca665","gibson-hummingbird","Gibson Hummingbird Original Heritage Cherry Sunburst w/case","25765","DKK","","exact","exact","88","'Hummingbird Original' with case","","true","","https://reverb.com/item/72713955-gibson-hummingbird-original-heritage-cherry-sunburst-w-case"
"f0bd8211-97fa-44a0-a1c5-5e6aa8559bd9","gibson-es-335-dot","Gibson ES-335 Dot - Goldtop","18618","DKK","","exact","exact","90","'ES-335 Dot' with finish only","","true","","https://reverb.com/item/100986200-gibson-es-335-dot-goldtop"
"f10276f9-fc95-48e5-851a-218ee461f699","martin-d-28","Martin D-28 Standard Series Left-Handed Acoustic Guitar w/Case","22830","DKK","","exact","exact","92","'D-28 Standard Series', handedness and case irrelevant","","true","","https://reverb.com/item/101580483-martin-d-28-standard-series-left-handed-acoustic-guitar-w-case"
"f11e4428-cfc8-40a5-b6ec-08cab3744795","roland-re-501","Roland RE-501 Chorus Echo 1980 - 1984 - Black Roland boss ce1 delay multi effect tape","13482","DKK","","exact","exact","92","'RE-501 Chorus Echo' named directly","","true","","https://reverb.com/item/97537605-roland-re-501-chorus-echo-1980-1984-black-roland-boss-ce1-delay-multi-effect-tape"
"f11f133a-afe6-4e72-af7f-5b6f540797c4","fender-american-professional-ii-stratocaster","Fender American Professional II Stratocaster – Miami Blue w/Maple","12002","DKK","","exact","exact","94","'American Professional II Stratocaster' plus finish/neck wood","","true","","https://reverb.com/item/82364040-fender-american-professional-ii-stratocaster-miami-blue-w-maple"
"f168c344-0f0e-4833-99c0-0f187f10442b","gibson-j-45","Gibson J-45 Standard 2020 - Present Vintage Sunburst","11720","DKK","","exact","exact","88","'J-45 Standard' current production","","true","","https://reverb.com/item/101219379-gibson-j-45-standard-2020-present-vintage-sunburst"
"f18291b8-1ce5-4fb8-b020-7da3fb119c5c","gibson-hummingbird","Gibson Hummingbird Original Heritage Cherry Sunburst","26085","DKK","","exact","exact","85","'Hummingbird Original' with finish","","true","","https://reverb.com/item/74958208-gibson-hummingbird-original-heritage-cherry-sunburst"
"f184a46a-8700-4ffb-8ba5-ff07d158c5c2","gibson-es-335-dot","Gibson ES-335 Dot 2013 Vintage Sunburst","24549","DKK","","exact","exact","93","'ES-335 Dot' with year and finish","","true","","https://reverb.com/item/85235805-gibson-es-335-dot-2013-vintage-sunburst"
"f184f0cb-795c-4c7a-8a8b-d9aa6c11b786","gibson-les-paul-studio","Gibson Les Paul Studio Deluxe 2013 - Honey Burst","8154","DKK","","abstain","skipped","60","'Les Paul Studio Deluxe' named sub-model not in catalogue","","","","https://reverb.com/item/94307809-gibson-les-paul-studio-deluxe-2013-honey-burst"
"f1abfdc7-eaef-43fe-a286-6f9edce08f1b","sequential-prophet-5","Sequential Prophet 5 Desktop (Rev 4)","12350","SEK","","wrong","wrong","70","'Prophet 5 Desktop' module, not the keyboard","","false","admin_rejected","https://www.blocket.se/recommerce/forsale/item/18691352"
"f20745ac-e87b-478e-88fc-5f81a1a969bc","gibson-es-335-dot","1998 Gibson ES-335 Dot Left-Handed - Cherry Red","26286","DKK","","exact","exact","92","'ES-335 Dot' left-handed, year/finish only","","true","","https://reverb.com/item/100048314-1998-gibson-es-335-dot-left-handed-cherry-red"
"f20b4162-04ea-4162-85ef-1dad88675ae6","gibson-sj-200-original","Gibson 1957 SJ-200 Murphy Lab Light Aged - Dark Natural","62243","DKK","","abstain","skipped","65","'1957 SJ-200 Murphy Lab' Custom Shop tier vs Original","","","","https://reverb.com/item/92146074-gibson-1957-sj-200-murphy-lab-light-aged-dark-natural"
"f22d647d-7cb0-4194-a47f-49ea31cbdb50","fender-telecaster-custom","Fender Telecaster custom shop","0","NOK","","abstain","skipped","60","'Telecaster custom shop' ambiguous between Custom Shop build and Telecaster Custom","","","","https://www.finn.no/recommerce/forsale/item/475657908"
"f2342b4b-aa42-4fef-8600-22e3a08f70aa","neve-portico-ii-master-buss-processor","Rupert Neve Designs Portico II Master Buss Processor","24818","DKK","","exact","exact","93","'Portico II Master Buss Processor'","","true","","https://reverb.com/item/100416899-rupert-neve-designs-portico-ii-master-buss-processor"
"f237ed76-b208-4ef2-b0a4-55ab667622c9","fender-american-professional-ii-stratocaster","Fender American Professional II Stratocaster HSS Rosewood Fingerboard (Mercury) Electric Guitar","12984","DKK","","exact","exact","90","'American Professional II Stratocaster HSS' pickup config variant","","true","","https://reverb.com/item/99091282-fender-american-professional-ii-stratocaster-hss-rosewood-fingerboard-mercury-electric-guitar"
"f274f158-64d1-46b0-b985-ca3d3aa5ec2c","moog-minimoog","Moog Minimoog Voyager Old School 44-Key Monophonic Synthesizer 2008 - 2009 - Ash Cabinet","15003","DKK","","wrong","wrong","85","'Minimoog Voyager Old School', not the original Minimoog","","false","admin_rejected","https://reverb.com/item/101466042-moog-minimoog-voyager-old-school-44-key-monophonic-synthesizer-2008-2009-ash-cabinet"
"f280aa34-f3a0-46cd-b67a-217fa5477a4d","gibson-es-335-dot","NEW! Gibson ES-335 Dot ( Gloss ) Vintage Burst - Semi-Hollow - Authorized Dealer - 8.3 lbs - G07262","22824","DKK","","exact","exact","93","'ES-335 Dot (Gloss)' semi-hollow","","true","","https://reverb.com/item/98492107-new-gibson-es-335-dot-gloss-vintage-burst-semi-hollow-authorized-dealer-8-3-lbs-g07262"
"f2f0f63f-6fe8-4246-b48f-1b7152e158c4","roland-juno-106","ROLAND Juno-106 Synthesizer Keyboard 61 Tasten - super Zustand","12591","EUR","","exact","exact","93","'Juno-106 Synthesizer Keyboard'","","true","","https://www.kleinanzeigen.de/s-anzeige/roland-juno-106-synthesizer-keyboard-61-tasten-super-zustand/3513411215-74-2164"
"f31f90a7-1c93-4eae-a121-67f354d26a52","gibson-les-paul-studio","GIBSON Les Paul Studio Ltd GEM Series Amethyst Good Wood Era","7443","EUR","","abstain","skipped","55","'Les Paul Studio Ltd GEM Series' limited edition variant","","","","https://www.kleinanzeigen.de/s-anzeige/gibson-les-paul-studio-ltd-gem-series-amethyst-good-wood-era/3495176956-74-17640"
"f32a2d02-efeb-4b36-88ac-127012ab8aad","fender-telecaster-thinline","Fender American Vintage II 1972 Telecaster Thinline - 3 Color Sunburst","18264","DKK","","abstain","skipped","62","'American Vintage II 1972 Telecaster Thinline' reissue tier","","","","https://reverb.com/item/78302797-fender-american-vintage-ii-1972-telecaster-thinline-3-color-sunburst"
"f3dc538a-dbe2-496b-ad91-c190a48a77f9","roland-re-501","Roland Roland RE 501 Tape Echo 1982 - Great","12495","DKK","","exact","exact","88","'Roland RE 501 Tape Echo'","","true","","https://reverb.com/item/101558167-roland-roland-re-501-tape-echo-1982-great"
"f3f70f21-f733-4a94-9acb-69c973613721","roland-juno-106","(Serviced) Roland Juno-106 61-Key Programmable Polyphonic Synthesizer","13013","DKK","","exact","exact","93","'Juno-106' serviced unit, service history irrelevant","","true","","https://reverb.com/item/100196504-serviced-roland-juno-106-61-key-programmable-polyphonic-synthesizer"
"f4151320-cd59-46a2-ad66-491ad2fa5db1","gibson-es-335-dot","Gibson ES-335 Dot 1988 - Cherry","37258","DKK","","exact","exact","93","'ES-335 Dot 1988 Cherry'","","true","","https://reverb.com/item/93429536-gibson-es-335-dot-1988-cherry"
"f46ef905-0c09-4b22-af04-95b7c176e51a","gibson-sj-200-original","Gibson SJ-200 Original 2019 - 2026 - Vintage Sunburst","31608","DKK","","exact","exact","93","'SJ-200 Original' with finish","","true","","https://reverb.com/item/101760115-gibson-sj-200-original-2019-2026-vintage-sunburst"
"f476b3ff-35b4-4693-bb56-784e4010fafc","gibson-les-paul-studio","Gibson Les Paul Studio Electric Guitar Cherry Sunburst","10430","DKK","","exact","exact","92","'Les Paul Studio' with finish only","","true","","https://reverb.com/item/100748615-gibson-les-paul-studio-electric-guitar-cherry-sunburst"
"f4858316-bc22-4f39-9623-a3fe82d8755c","gibson-les-paul-studio","Gibson Les Paul Studio Cherry Sunburst Electric Guitar","18287","DKK","","exact","exact","92","'Les Paul Studio' with finish only","","true","","https://reverb.com/item/93119785-gibson-les-paul-studio-cherry-sunburst-electric-guitar"
"f4ab03da-9df2-476f-b3bb-aa279643f809","gibson-les-paul-special","Gibson Les Paul Special, 1998, Good Wood Ära, SKB Case","6176","EUR","","exact","exact","90","'Gibson Les Paul Special' with year and case bundle","","true","","https://www.kleinanzeigen.de/s-anzeige/gibson-les-paul-special-1998-good-wood-aera-skb-case/3501788836-74-12929"
"f4ab6f8c-9170-4b2a-bd3f-95cb036abc72","tube-tech-cl1b","Tube-Tech CL 1B Mono Opto Compressor 2010s - Blue","46206","DKK","","exact","exact","95","'Tube-Tech CL 1B Mono Opto Compressor'","","true","","https://reverb.com/item/93669669-tube-tech-cl-1b-mono-opto-compressor-2010s-blue"
"f4e364e7-a881-4a82-8f48-a1fae119dda0","fender-mustang-bass","1973 Fender Mustang Bass - Sunburst - Clean Amazing Player - HSC","24601","DKK","","exact","exact","92","'1973 Fender Mustang Bass'","","true","","https://reverb.com/item/98522255-1973-fender-mustang-bass-sunburst-clean-amazing-player-hsc"
"f5277f18-a469-418c-9955-5ca427e1a762","roland-tr-909","Roland TR-909 Rhythm Composer Electronic Drum Machine (Vintage)","55666","DKK","","exact","exact","95","'Roland TR-909 Rhythm Composer'","","true","","https://reverb.com/item/101333350-roland-tr-909-rhythm-composer-electronic-drum-machine-vintage"
"f52e709c-8209-472c-aa0e-fa401e51def3","neve-portico-ii-master-buss-processor","Rupert Neve Designs Portico II Master Buss Processor 2012 - Present - Shelford Blue","29287","DKK","","exact","exact","93","'Portico II Master Buss Processor' by Rupert Neve Designs","","true","","https://reverb.com/item/81808610-rupert-neve-designs-portico-ii-master-buss-processor-2012-present-shelford-blue"
"f546b7ce-4f0b-42f7-905f-9d1a35df93c9","gibson-les-paul-custom","Gibson Les Paul Custom 1982","","EUR","","exact","exact","92","'Gibson Les Paul Custom 1982'","","true","","https://www.kleinanzeigen.de/s-anzeige/gibson-les-paul-custom-1982/3504052365-74-986"
"f590df4c-ae44-4d6e-85c8-0a9e52838d65","gibson-es-335-dot","Gibson ES-335 Dot Series 2006","14912","DKK","","exact","exact","92","'Gibson ES-335 Dot' with year","","true","","https://reverb.com/item/92979708-gibson-es-335-dot-series-2006"
"f5b040c9-b529-4575-b7bc-fbc15b38d8f8","gibson-les-paul-custom","1972 Gibson Les Paul Custom Ebony Black Beauty Gold Hardware USA","","EUR","","exact","exact","92","'1972 Gibson Les Paul Custom' Black Beauty finish description","","true","","https://www.kleinanzeigen.de/s-anzeige/1972-gibson-les-paul-custom-ebony-black-beauty-gold-hardware-usa/3463353433-74-4862"
"f5c0ddba-14b9-445d-9e72-d7d1d69828e7","rhodes-mark-ii-stage-73","1982 Rhodes Mark II Stage 73 ""Poppy""","39383","DKK","","exact","exact","90","'Rhodes Mark II Stage 73'","","true","","https://reverb.com/item/101879484-1982-rhodes-mark-ii-stage-73-poppy"
"f5c3f3c5-56ba-4ef3-8c6f-cc0fccfb81f3","fender-mustang-bass","Fender American Performer Mustang Bass - 3-Colour Sunburst - 2nd Hand","9007","DKK","","abstain","skipped","60","'American Performer' sub-line of Mustang Bass, different tier","","","","https://reverb.com/item/101901623-fender-american-performer-mustang-bass-3-colour-sunburst-2nd-hand"
"f5d8736f-ab9d-4fa6-980e-80defee5a09b","moog-source","Moog THE SOURCE cover","586","DKK","part_or_accessory:cover","accessory","accessory","95","'cover' for Moog The Source","","false","admin_rejected","https://reverb.com/item/99574469-moog-the-source-cover"
"f611aafa-8bf1-4d9f-b257-e5fb24f0f4e8","neumann-u87ai","Neumann U 87 Ai Large Diaphragm Multipattern Condenser Microphone","15229","DKK","","exact","exact","95","'Neumann U 87 Ai' condenser microphone","","true","","https://reverb.com/item/101122644-neumann-u-87-ai-large-diaphragm-multipattern-condenser-microphone"
"f69d84ce-556d-408b-a7f3-9ab90078f87c","gibson-j-45","Gibson USED ​​50s J-45 Original (Vintage Sunburst) Gibson","13486","DKK","","exact","exact","65","'50s J-45 Original' Gibson acoustic","","true","","https://reverb.com/item/101476794-gibson-used-50s-j-45-original-vintage-sunburst-gibson"
"f6ad2343-5c11-4375-9964-038d61cef272","gibson-les-paul-custom","Gibson Les Paul custom fra 1961","75000","DKK","","exact","exact","85","'Gibson Les Paul custom' from 1961","","true","","https://www.dba.dk/recommerce/forsale/item/24572224"
"f6aebb35-8a23-4929-8b0e-6af389d83f0e","moog-minimoog","Moog Contact Strip Grandmother, Matriarch, Minimoog Voyager, Minimoog Voyager XL","130","DKK","","accessory","accessory","95","'Contact Strip' part for Moog synths","","false","admin_rejected","https://reverb.com/item/89697111-moog-contact-strip-grandmother-matriarch-minimoog-voyager-minimoog-voyager-xl"
"f6c9bf3d-e6f5-400c-9ead-0d8ddc72ee2a","fender-american-professional-ii-stratocaster","Fender American Professional II Stratocaster - MN OWT (#687)","12343","DKK","","exact","exact","94","'Fender American Professional II Stratocaster'","","true","","https://reverb.com/item/96053869-fender-american-professional-ii-stratocaster-mn-owt-687"
"f6ff3d4d-6ef8-40c5-81ed-ba84b9f2e220","fender-telecaster-custom","Fender Japan Traditional 70s Reissue Telecaster Custom 2021 - Bla","","EUR","","abstain","skipped","58","'Japan Traditional 70s Reissue' Telecaster Custom, different line/tier","","","","https://www.kleinanzeigen.de/s-anzeige/fender-japan-traditional-70s-reissue-telecaster-custom-2021-bla/3505570004-74-1734"
"f73ad6cc-6a4b-49e2-b31d-4fe1a6f2840b","tube-tech-cl1b","Tube-Tech CL 1B Mono Opto Compressor NEW in the box. CL1B CL-1B Tube Tech. USA 23073","34601","DKK","","exact","exact","95","'Tube-Tech CL 1B' new in box","","true","","https://reverb.com/item/100888895-tube-tech-cl-1b-mono-opto-compressor-new-in-the-box-cl1b-cl-1b-tube-tech-usa-23073"
"f73c6f8f-11d8-4563-bb41-7af0c417029e","martin-d-28","Martin D-28 Dreadnought Acoustic Guitar Natural","22830","DKK","","exact","exact","93","'Martin D-28 Dreadnought Acoustic'","","true","","https://reverb.com/item/100795041-martin-d-28-dreadnought-acoustic-guitar-natural"
"f7489da9-45cc-4fbc-a581-72fd89aafff2","gibson-les-paul-custom","Gibson Les Paul Custom - 1989","19500","SEK","","exact","exact","92","'Gibson Les Paul Custom - 1989'","","true","","https://www.blocket.se/recommerce/forsale/item/26131306"
"f74aec9c-8729-44e3-9f97-67c5ffe1c41d","gibson-j-45","Gibson 1942 Banner J-45 Heavy Aged - Acoustic Guitar","39406","DKK","","abstain","skipped","60","'1942 Banner J-45 Heavy Aged' custom aged reissue tier","","","","https://reverb.com/item/90593233-gibson-1942-banner-j-45-heavy-aged-acoustic-guitar"
"f7851f0b-834a-4a22-adfa-bfe54e31dfc7","fender-jim-root-jazzmaster","Fender Jim Root Jazzmaster EB Flat Black","13756","DKK","","exact","exact","94","'Fender Jim Root Jazzmaster' flat black","","true","","https://reverb.com/item/42529603-fender-jim-root-jazzmaster-eb-flat-black"
"f791d51b-03c0-42a4-813c-e432c6b286db","roland-tr-606","Roland TR-606 Massive R2Drum2 MOD","6000","DKK","","exact","exact","78","'Roland TR-606' with aftermarket mod","","true","","https://reverb.com/item/94731153-roland-tr-606-massive-r2drum2-mod"
"f792ca6e-d312-4e08-b42b-4f09244e8815","manley-voxbox","Manley Labs VOXBOX Channel Strip Combo Microphone Preamp ,PRE AMP  / in box //ARMENS//","37493","DKK","","exact","exact","92","'Manley Labs VOXBOX' channel strip","","true","","https://reverb.com/item/35258889-manley-labs-voxbox-channel-strip-combo-microphone-preamp-pre-amp-in-box-armens"
"f79308f5-f1a7-4ad2-abbe-8b41658abf7e","ua-1176ln","Urei Universal Audio 1176LN Rev. F Limiting Amplifier","37500","DKK","","exact","exact","88","'1176LN Rev. F Limiting Amplifier'","","true","","https://reverb.com/item/93644975-urei-universal-audio-1176ln-rev-f-limiting-amplifier"
"f7a5ef17-2ac1-4d7a-a815-da7951c426dc","gibson-les-paul-studio","Gibson Les Paul Studio 2008 Alpine White - 490R/498T w/ hardcase","8188","EUR","","exact","exact","93","'Les Paul Studio' with finish/year and included case","","true","","https://www.kleinanzeigen.de/s-anzeige/gibson-les-paul-studio-2008-alpine-white-490r-498t-w-hardcase/3494594051-74-9438"
"f7c99073-9f53-4590-a85c-72adc07c3e36","yamaha-dx7","Yamaha DX7 Programmable Algorithm Synthesizer 1983 - 1987 - Black","4240","DKK","","exact","exact","95","'Yamaha DX7' synthesizer, no sub-model qualifier","","true","","https://reverb.com/item/101147407-yamaha-dx7-programmable-algorithm-synthesizer-1983-1987-black"
"f8329ad9-0f21-4ed1-91b5-18402df326d3","yamaha-dx7","Yamaha DX7 - 6 Cartridges & Flightcase","5215","EUR","part_or_accessory:cartridges","exact","exact","88","DX7 unit sold with cartridges and flightcase bundled","","true","","https://www.kleinanzeigen.de/s-anzeige/yamaha-dx7-6-cartridges-flightcase/3486997230-74-3545"
"f83bce7c-acba-4b95-bd06-c2698d8aeb44","fender-american-professional-ii-stratocaster","Fender American Professional II Stratocaster HSS, Rosewood Fingerboard, Miami Blue (609)","12328","DKK","","exact","exact","90","'American Professional II Stratocaster' HSS pickup configuration","","true","","https://reverb.com/item/57777668-fender-american-professional-ii-stratocaster-hss-rosewood-fingerboard-miami-blue-609"
"f844dabf-cbc3-4f60-b9ab-bb2b9447b19e","gibson-les-paul-studio","Gibson Les Paul Studio Deluxe II 2013 - Heritage Cherry Sunburst, Good, SKU: 1197G","7068","DKK","","abstain","skipped","60","'Studio Deluxe II' named sub-model not represented in catalogue","","","","https://reverb.com/item/101142705-gibson-les-paul-studio-deluxe-ii-2013-heritage-cherry-sunburst-good-sku-1197g"
"f85f6745-ff6d-40c0-aa6a-3bd49cf0cb81","fender-american-professional-ii-stratocaster","Fender American Professional II Stratocaster - MN DKN (#772)","12825","DKK","","exact","exact","92","'American Professional II Stratocaster' with fingerboard/finish codes","","true","","https://reverb.com/item/93143216-fender-american-professional-ii-stratocaster-mn-dkn-772"
"f86ab45f-cd33-46dc-82de-6497e47c7e88","roland-juno-60","Roland Juno-60 61-Key Polyphonic Synthesizer 1982 - 1984 - Black","15981","DKK","","exact","exact","95","'Roland Juno-60 61-Key Polyphonic Synthesizer'","","true","","https://reverb.com/item/101686569-roland-juno-60-61-key-polyphonic-synthesizer-1982-1984-black"
"f8a036f6-9e1f-4aca-ae7f-58cefdbbaac8","korg-polysix","Original switch cap for the Korg PolySix, MonoPoly, Trident, etc (1980-1990) Beige / White","49","DKK","","accessory","accessory","96","'Original switch cap for the Korg PolySix'","","false","admin_rejected","https://reverb.com/item/101959751-original-switch-cap-for-the-korg-polysix-monopoly-trident-etc-1980-1990-beige-white"
"f8b430a7-aed3-458c-a956-4604149d35cf","roland-juno-60","Roland Juno-60 61-Key Polyphonic Synthesizer 1982 - 1984 - Black","21915","DKK","","exact","exact","95","'Roland Juno-60 61-Key Polyphonic Synthesizer'","","true","","https://reverb.com/item/93656652-roland-juno-60-61-key-polyphonic-synthesizer-1982-1984-black"
"f8dab2b3-1dcf-4449-9477-387f50373ae7","gibson-j-45","Gibson '50s J-45 Original 2019 - Present - Vintage Sunburst","13559","DKK","","exact","exact","72","'J-45 Original' current-line J-45","","true","","https://reverb.com/item/101011088-gibson-50s-j-45-original-2019-present-vintage-sunburst"
"f8fb523a-fb72-4eb9-8656-2d67a6902969","gibson-les-paul-special","2022 GIBSON LES PAUL SPECIAL TRIBUTE HUMBUCKER","7821","DKK","","abstain","skipped","62","'Special Tribute Humbucker' budget-tier sub-model","","","","https://reverb.com/item/94613407-2022-gibson-les-paul-special-tribute-humbucker"
"f90105ea-20ee-4ef3-bf7b-37425bbde008","gibson-les-paul-special","Gibson Les Paul Special faded.","5100","NOK","","exact","exact","82","'Les Paul Special' with faded finish","","true","","https://www.finn.no/recommerce/forsale/item/427824402"
"f937c008-b426-4b8f-a40f-28f086f8b2fa","gibson-les-paul-standard-50s","Gibson Les Paul Standard '50s - TO (#195)","15804","DKK","","exact","exact","95","'Les Paul Standard '50s' exact name","","true","","https://reverb.com/item/99686317-gibson-les-paul-standard-50s-to-195"
"f9a954b0-39fb-40c6-b04e-f7151bc86097","gibson-les-paul-studio","Gibson Les Paul Studio 2017 i nyskick","7800","SEK","","exact","exact","92","'Gibson Les Paul Studio 2017'","","true","","https://www.blocket.se/recommerce/forsale/item/26396917"
"f9c1e573-bfb4-4405-9274-112532c06fdf","neumann-u87ai","Neumann U 87 Ai Large Diaphragm Multipattern Condenser Microphone 1986 - Present - Nickel","14018","DKK","","exact","exact","95","'Neumann U 87 Ai' condenser microphone","","true","","https://reverb.com/item/101698112-neumann-u-87-ai-large-diaphragm-multipattern-condenser-microphone-1986-present-nickel"
"f9c73154-2532-46ff-a7b7-80acbc6cf5df","sequential-prophet-5","Sequential Prophet-5 Module Analog Synthesizer","17612","DKK","","wrong","wrong","75","'Prophet-5 Module' desktop module, not the keyboard","","false","admin_rejected","https://reverb.com/item/53850281-sequential-prophet-5-module-analog-synthesizer"
"f9caf783-007c-46fb-9d19-74eda54f65a6","gibson-es-335-dot","2020 Gibson ES-335 Dot","17294","DKK","","exact","exact","94","'Gibson ES-335 Dot' with year","","true","","https://reverb.com/item/101055182-2020-gibson-es-335-dot"
"fa115d8a-8724-4988-b44a-4e455f255bc9","neumann-u87ai","Neumann U 87 Ai mt Large Diaphragm Multipattern Condenser Microphone 1986 - Present - Matte Black","11839","DKK","","exact","exact","93","'U 87 Ai mt' is matte black finish variant","","true","","https://reverb.com/item/101268080-neumann-u-87-ai-mt-large-diaphragm-multipattern-condenser-microphone-1986-present-matte-black"
"fa1f39b7-73d7-497b-8d13-dc3479e6b6e0","gibson-hummingbird","2021 Gibson Hummingbird Original Heritage Cherry Sunburst LR Baggs w/ OHSC","18910","DKK","","exact","exact","88","'Hummingbird Original' with case included","","true","","https://reverb.com/item/101503454-2021-gibson-hummingbird-original-heritage-cherry-sunburst-lr-baggs-w-ohsc"
"fa301021-4188-4c87-9216-d297c451e777","roland-tr-909","Roland TR-909 Rhythm Composer - White","45628","DKK","","exact","exact","95","'Roland TR-909 Rhythm Composer'","","true","","https://reverb.com/item/100563008-roland-tr-909-rhythm-composer-white"
"fa3f6e0d-2205-4e55-8b7e-109b83df9270","gibson-les-paul-custom","Gibson Les Paul Custom Lite 1988","18525","SEK","","wrong","wrong","74","'Les Paul Custom Lite' is a distinct thin-body model","","false","admin_rejected","https://www.blocket.se/recommerce/forsale/item/22137032"
"fa731594-ab75-446f-b654-b48cec185928","roland-juno-60","Roland Juno-60 61-Key Polyphonic Synthesizer 1983 - Black with JSQ-60 sequencer","22580","DKK","","exact","exact","88","Juno-60 bundled with JSQ-60 sequencer","","true","","https://reverb.com/item/96608423-roland-juno-60-61-key-polyphonic-synthesizer-1983-black-with-jsq-60-sequencer"
"fa9a7a25-3e70-4f5c-a02e-0226f6689c1e","gibson-les-paul-studio","Gibson Les Paul Studio, Lemon Burst","","EUR","","exact","exact","92","'Les Paul Studio' with finish only","","true","","https://www.kleinanzeigen.de/s-anzeige/gibson-les-paul-studio-lemon-burst/3505069934-74-877"
"fabfcd14-2099-42d9-8965-1517e3b31943","gibson-hummingbird","2026 Gibson Hummingbird Standard Acoustic Electric Vintage Sunburst w/OHSC","22146","DKK","","exact","exact","85","'Hummingbird Standard' acoustic with case","","true","","https://reverb.com/item/101416619-2026-gibson-hummingbird-standard-acoustic-electric-vintage-sunburst-w-ohsc"
"fadb32a5-c0f9-469f-a166-ce1ba06e66cc","moog-source","ARMOR moog Source FRP Flight Case","2311","DKK","","accessory","accessory","95","'FRP Flight Case' for Moog Source sold alone","","false","admin_rejected","https://reverb.com/item/101398983-armor-moog-source-frp-flight-case"
"faf25693-5863-4064-a6c0-e6d3b8f72260","fender-telecaster-thinline","Fender American Vintage II 1972 Telecaster Thinline Maple Fingerboard - Aged Natural","18264","DKK","","abstain","skipped","62","'American Vintage II 1972' reissue line vs generic Telecaster Thinline row","","","","https://reverb.com/item/68963601-fender-american-vintage-ii-1972-telecaster-thinline-maple-fingerboard-aged-natural"
"fb1b7f04-530a-409f-808b-f7243b87522c","manley-voxbox","Manley Labs VOXBOX late 90s - Silver","22824","DKK","","exact","exact","94","'Manley Labs VOXBOX' named directly","","true","","https://reverb.com/item/101378095-manley-labs-voxbox-late-90s-silver"
"fb2e2fb6-5f98-4cee-83d8-f5b2cf58053c","fender-american-professional-ii-stratocaster","Fender American Professional II Stratocaster elgitarr silver","9685","SEK","","exact","exact","95","'American Professional II Stratocaster' named, colour only extra","","true","","https://www.blocket.se/recommerce/forsale/item/26063719"
"fb3dafd5-7714-48bf-a689-acf422290b73","gibson-j-45","Gibson J-45 50s Faded Round Shoulder Acoustic Electric Guitar W/Case","16301","DKK","","exact","exact","72","'Gibson J-45 50s Faded' factory J-45 variant with case","","true","","https://reverb.com/item/97890957-gibson-j-45-50s-faded-round-shoulder-acoustic-electric-guitar-w-case"
"fb53c112-62a7-4ade-8687-29694b6ee2c0","neumann-u87ai","Neumann U 87 Ai Multi-Pattern Microphone (Nickel)","24461","DKK","","exact","exact","95","'Neumann U 87 Ai' microphone, nickel finish","","true","","https://reverb.com/item/18943123-neumann-u-87-ai-multi-pattern-microphone-nickel"
"fb8f0886-96b2-44dd-99cc-243f97c9f61e","gibson-les-paul-special","Gibson Custom Shop 1957 Les Paul Special Single Cut Reissue - TV Yellow","27340","DKK","","abstain","skipped","65","'Custom Shop 1957 ... Reissue' tier differs from factory Les Paul Special","","","","https://reverb.com/item/82738148-gibson-custom-shop-1957-les-paul-special-single-cut-reissue-tv-yellow"
"fbd68b7f-257a-4511-b200-84618c488807","korg-ms-20","KORG MS 20 IC","1863","EUR","","abstain","skipped","55","'MS 20 IC' could name an IC chip rather than the synth","","","","https://www.kleinanzeigen.de/s-anzeige/korg-ms-20-ic/3507922079-74-6459"
"fc6869cd-75cf-4a40-9843-8867bf394374","roland-juno-60","Roland Juno-60 61-Key Polyphonic Synthesizer 1982 - 1984 - Black","39138","DKK","","exact","exact","95","'Roland Juno-60 61-Key Polyphonic Synthesizer'","","true","","https://reverb.com/item/101032807-roland-juno-60-61-key-polyphonic-synthesizer-1982-1984-black"
"fc791306-21dc-4ebc-bdee-e04cdddc3300","gibson-j-45","New Gibson J-45 Standard Natural Top w/Cherry Back & Sides #23194061","19562","DKK","","exact","exact","90","'Gibson J-45 Standard' with serial","","true","","https://reverb.com/item/101672260-new-gibson-j-45-standard-natural-top-w-cherry-back-sides-23194061"
"fc951f58-efff-48eb-8466-07145194e5cf","gibson-j-45","Gibson Custom 1942 Banner J-45 Reissue Murphy Lab Light Aged Vintage Sunburst ~ As New!","31956","DKK","","abstain","skipped","68","'Gibson Custom 1942 Banner J-45 Reissue Murphy Lab' is a distinct high-tier build","","","","https://reverb.com/item/101190673-gibson-custom-1942-banner-j-45-reissue-murphy-lab-light-aged-vintage-sunburst-as-new"
"fcf98dfd-9f14-4e30-a14f-2ed969c182bd","wurlitzer-200a","Wurlitzer 200A E-Piano Vintage inkl. Füße & Pedal / no rhodes","35388","EUR","","exact","exact","92","'Wurlitzer 200A E-Piano' complete with legs and pedal","","true","","https://www.kleinanzeigen.de/s-anzeige/wurlitzer-200a-e-piano-vintage-inkl-fuesse-pedal-no-rhodes/3489487462-74-3507"
"fd3e2a48-2867-4ff1-9277-01f65d11ab1a","gibson-es-335-dot","Gibson ES-335 Dot Burst Vintage!","30332","DKK","","exact","exact","92","'Gibson ES-335 Dot' with burst finish","","true","","https://reverb.com/item/85841878-gibson-es-335-dot-burst-vintage"
"fd5121cc-e959-471b-9994-e19192c88496","neumann-u87ai","Neumann U 87 Ai Condenser Microphone With EA 87 Mount. Mint, like new! U87Ai U87. 184528","17000","DKK","","exact","exact","94","'Neumann U 87 Ai' mic bundled with EA 87 mount","","true","","https://reverb.com/item/101113102-neumann-u-87-ai-condenser-microphone-with-ea-87-mount-mint-like-new-u87ai-u87-184528"
"fd53cd20-179d-4f77-b1b0-3a82ed77d361","gibson-hummingbird","Gibson Hummingbird Studio Rosewood - Satin Rosewood Burst","12878","DKK","","wrong","wrong","62","'Hummingbird Studio Rosewood' is a separate Studio-series model","","false","admin_rejected","https://reverb.com/item/95718463-gibson-hummingbird-studio-rosewood-satin-rosewood-burst"
"fd6d4b75-d1f9-4426-832c-aa39789bc3cf","gibson-les-paul-studio","Gibson Les Paul Studio Session Honeyburst","13039","DKK","","abstain","skipped","55","'Les Paul Studio Session' names an unclear sub-variant","","","","https://reverb.com/item/100779167-gibson-les-paul-studio-session-honeyburst"
"fd87f2b3-46a1-43ce-87ce-dcd480be5055","gibson-es-335-dot","Gibson ES-335 Dot Olive Drab","17410","DKK","","exact","exact","94","'Gibson ES-335 Dot' with colour only","","true","","https://reverb.com/item/74534997-gibson-es-335-dot-olive-drab"
"fd881d0f-940f-492f-8092-4d0b96fd9c6c","martin-d-28","Martin D-28 Authentic 1937 VTS Guatemalan Rosewood (104)","56750","DKK","","abstain","skipped","66","'D-28 Authentic 1937 VTS' is a far higher-tier line than plain D-28","","","","https://reverb.com/item/87177978-martin-d-28-authentic-1937-vts-guatemalan-rosewood-104"
"fd989b45-0fcf-417a-b10f-bb032522c8d2","fender-american-vintage-52-telecaster","2016 Fender American Vintage '52 Telecaster Left-Handed","14224","DKK","","exact","exact","93","'American Vintage '52 Telecaster', handedness irrelevant","","true","","https://reverb.com/item/94166915-2016-fender-american-vintage-52-telecaster-left-handed"
"fda39450-7e79-4236-8319-862ab98d381a","gibson-es-335-dot","Gibson ES-335 Dot 2020 - 2026 - Sixties Cherry","19990","DKK","","exact","exact","95","'Gibson ES-335 Dot' Sixties Cherry","","true","","https://reverb.com/item/101525664-gibson-es-335-dot-2020-2026-sixties-cherry"
"fdb087b6-4679-49f0-bc2d-4da981478bcb","yamaha-dx7","Grey Matter E! Card für Yamaha DX7 (erste Version/Mark I)","589","EUR","","accessory","accessory","94","'Grey Matter E! Card für Yamaha DX7' is an expansion card","","false","admin_rejected","https://www.kleinanzeigen.de/s-anzeige/grey-matter-e-card-fuer-yamaha-dx7-erste-version-mark-i-/3502213009-74-20568"
"fdbfd5cf-1d4c-4b08-b00c-b9c585eccfa8","roland-tr-606","Roland TR-06 Authentic TR-606 Boutique Series Rhythm MacHine and So Much More.","3131","DKK","","wrong","wrong","88","'TR-06 Boutique' is a modern reissue unit, not the TR-606","","false","admin_rejected","https://reverb.com/item/84762677-roland-tr-06-authentic-tr-606-boutique-series-rhythm-machine-and-so-much-more"
"fe3352c9-9734-4f63-93dd-70a3e74f9132","roland-tr-707","Roland TR-707 Rhythm Composer 1985 White","3718","DKK","","exact","exact","95","'Roland TR-707 Rhythm Composer 1985'","","true","","https://reverb.com/item/54298043-roland-tr-707-rhythm-composer-1985-white"
"fe76dd3b-92fb-44c5-a9c5-3b2e3740756c","moog-minimoog","Moog Minimoog Voyager RME Rack Mount Edition Monophonic Synthesizer 2005 - 2015 - Black","20874","DKK","","wrong","wrong","85","'Minimoog Voyager RME Rack Mount' is not the Minimoog","","false","admin_rejected","https://reverb.com/item/102037119-moog-minimoog-voyager-rme-rack-mount-edition-monophonic-synthesizer-2005-2015-black"
"fea03437-79a6-4c92-bd5f-2f9987b606a6","korg-ms-20","Korg MS-20 1970s (Serviced / Warranty)","19134","DKK","","exact","exact","92","'Korg MS-20 1970s', service history irrelevant","","true","","https://reverb.com/item/101265124-korg-ms-20-1970s-serviced-warranty"
"fea0eaa7-e6d4-4bb8-8a75-b686c5b85773","gibson-les-paul-custom","Gibson Les Paul Custom Ultima Darkness Justin Hawkins","","EUR","","wrong","wrong","70","'Les Paul Custom Ultima ... Justin Hawkins' signature Ultima model","","false","admin_rejected","https://www.kleinanzeigen.de/s-anzeige/gibson-les-paul-custom-ultima-darkness-justin-hawkins-/3511117496-74-8080"
"fec8b554-5ffc-4232-881c-166da93a3468","gibson-les-paul-special","1955 Gibson Les Paul Special Limed Mahogany (TV Yellow) — Original P-90s, Original Case & Gibson GA-5 Amp","192195","DKK","","exact","exact","72","'Les Paul Special' with bundled case and amp; year/bundle don't change identity","","true","","https://reverb.com/item/100638913-1955-gibson-les-paul-special-limed-mahogany-tv-yellow-original-p-90s-original-case-gibson-ga-5-amp"
"fee1d489-958d-4394-b6b4-dba76fb8b15f","neumann-u87ai","Neumann U 87 Ai Condenser Microphone With EA 87 Mount. Mint, like new! U87Ai U87. 184528","17331","DKK","","exact","exact","95","'U 87 Ai' microphone with mount included","","true","","https://reverb.com/item/100542705-neumann-u-87-ai-condenser-microphone-with-ea-87-mount-mint-like-new-u87ai-u87-184528"
"fee3f335-0761-4099-9943-7dcf3ca84a05","gibson-j-45","Gibson 1942 Banner J-45 Custom Shop Historic Collection 2022 - Vintage Sunburst","24787","DKK","","abstain","skipped","70","'Custom Shop Historic Collection 1942 Banner' J-45 is a different tier than factory J-45","","","","https://reverb.com/item/101422627-gibson-1942-banner-j-45-custom-shop-historic-collection-2022-vintage-sunburst"
"ff0347a7-4d51-41c5-ae6d-a9f36f57bf71","fender-telecaster-thinline","Fender American Vintage II 1972 Telecaster Thinline Guitar - Candy Apple Red","18264","DKK","","abstain","skipped","60","'American Vintage II 1972' reissue tier of Telecaster Thinline","","","","https://reverb.com/item/98106664-fender-american-vintage-ii-1972-telecaster-thinline-guitar-candy-apple-red"
"ff0f087c-7f83-47bb-a552-6006c31fdd29","moog-minimoog","Moog Minimoog 1973 - All original and stunning condition","76534","DKK","","exact","exact","85","'Moog Minimoog 1973' original instrument","","true","","https://reverb.com/item/81376765-moog-minimoog-1973-all-original-and-stunning-condition"
"ff7311dd-427b-4034-a81e-40f52695448b","gibson-les-paul-special","Gibson Les Paul Special Double Cut TV Yellow","13372","DKK","","exact","exact","92","'Les Paul Special Double Cut' matches candidate model","","true","","https://reverb.com/item/95564236-gibson-les-paul-special-double-cut-tv-yellow"
"ff9d356c-2b90-47c3-9e1d-5979f4b93076","gibson-les-paul-custom","Gibson Custom Shop &#039;57 Reissue Les Paul Custom - TV-Silver","37243","EUR","","abstain","skipped","70","'Custom Shop '57 Reissue' Les Paul Custom tier differs from factory row","","","","https://www.kleinanzeigen.de/s-anzeige/gibson-custom-shop-57-reissue-les-paul-custom-tv-silver/3498350971-74-3545"
"ffa2cd56-75a4-4db5-bb62-0fc0603cbd11","fender-american-vintage-52-telecaster","Fender American Vintage '52 Telecaster Reissue - 2003","15522","DKK","","exact","exact","93","'American Vintage '52 Telecaster Reissue' names the candidate line","","true","","https://reverb.com/item/99414702-fender-american-vintage-52-telecaster-reissue-2003"
"ffb9466c-fc9c-499f-82bb-51fbf61dacf7","gibson-les-paul-special","Gibson Custom Shop '60 Reissue Les Paul Special Doublecut TV Yellow 2008","24950","DKK","","abstain","skipped","70","'Custom Shop '60 Reissue' Les Paul Special is a different build tier","","","","https://reverb.com/item/96999743-gibson-custom-shop-60-reissue-les-paul-special-doublecut-tv-yellow-2008"
"ffcb57de-4e37-409b-8804-972719b1e967","moog-source","Moog Source w/Encore MIDI Plus Xtras Tour-Ready!!!","14769","DKK","","exact","exact","90","'Moog Source' with reversible Encore MIDI mod","","true","","https://reverb.com/item/101185083-moog-source-w-encore-midi-plus-xtras-tour-ready"
"ffe5ff39-2162-4429-9fdf-6f45f0ed1538","fender-american-vintage-52-telecaster","Fender American Vintage '52 Telecaster - Butterscotch Blonde","9752","DKK","","exact","exact","95","'American Vintage '52 Telecaster' exact model name","","true","","https://reverb.com/item/100750811-fender-american-vintage-52-telecaster-butterscotch-blonde"
"ffeced7b-eb03-44b1-9fea-d4fbf43ad59c","fender-american-professional-ii-stratocaster","Fender American Professional II Stratocaster HSS Rosewood Fingerboard Electric Guitar - Olympic White","12984","DKK","","exact","exact","92","'American Professional II Stratocaster' HSS variant of same model","","true","","https://reverb.com/item/89767713-fender-american-professional-ii-stratocaster-hss-rosewood-fingerboard-electric-guitar-olympic-white"
"fff59abe-33ce-4ea6-bdf8-26ae856f3095","gibson-les-paul-studio","2013 Gibson Les Paul Studio Wine Red 3,34 kg","","EUR","","exact","exact","93","'Gibson Les Paul Studio' with year and colour only","","true","","https://www.kleinanzeigen.de/s-anzeige/2013-gibson-les-paul-studio-wine-red-3-34-kg/3515256896-74-2162"
"fff63a10-b8c7-45eb-8e53-2b0fdd6640d8","gibson-es-335-dot","Gibson ES-335 Dot 2020 - 2026 - Sixties Cherry","17088","DKK","","exact","exact","95","'Gibson ES-335 Dot' exact model name","","true","","https://reverb.com/item/97509218-gibson-es-335-dot-2020-2026-sixties-cherry"
"aa002748-eae4-40af-944f-d4f5cda3260b","fender-american-professional-ii-stratocaster","Fender American Professional II Stratocaster - MN RPN (#942)","14650","DKK","","exact","exact","93","'American Professional II Stratocaster'","","true","","https://reverb.com/item/57714064-fender-american-professional-ii-stratocaster-mn-rpn-942"
"aa15797b-80c3-4a0b-bb51-7e7ea7652264","gibson-les-paul-custom","Tausche Gibson Les Paul Custom gegen Tudor Black Bay","31290","EUR","","wanted_ad","wanted_ad","62","'Tausche ... gegen Tudor' — trade sought, not a sale","","false","admin_rejected","https://www.kleinanzeigen.de/s-anzeige/tausche-gibson-les-paul-custom-gegen-tudor-black-bay/3497815033-74-8047"
"aa2f042a-3e6c-4938-9e64-3137ff43bfe4","roland-juno-6","Roland Juno-6","16393","DKK","","exact","exact","93","'Roland Juno-6'","","true","","https://reverb.com/item/101609514-roland-juno-6"
"aa31b66e-29ba-434d-9686-6fcaa54c0ec1","roland-re-201","Roland RE-201 Space Echo","11400","NOK","","exact","exact","95","'Roland RE-201 Space Echo'","","true","","https://www.finn.no/recommerce/forsale/item/348885288"
"aa394446-ea00-4c18-8bed-e6730c41e6f7","ua-1176ln","Universal Audio 1176LN Limiting Amplifier Reissue 2001 - Present - Black","13620","DKK","","exact","exact","85","'1176LN Limiting Amplifier' unit itself","","true","","https://reverb.com/item/100556428-universal-audio-1176ln-limiting-amplifier-reissue-2001-present-black"
"aa5b9557-d819-461c-98bf-a59709d01485","gibson-les-paul-special","Gibson Les Paul Special - TV (#155)","10484","DKK","","exact","exact","88","'Gibson Les Paul Special' TV finish","","true","","https://reverb.com/item/94489285-gibson-les-paul-special-tv-155"
"aa9101ed-c55a-4308-a046-a58c11fa2cfa","gibson-es-335-dot","Gibson Memphis ES-335 Dot Figured Cherry 2012 w/ OHSC & Docs","22722","DKK","","exact","exact","90","'ES-335 Dot' with case and docs","","true","","https://reverb.com/item/97391665-gibson-memphis-es-335-dot-figured-cherry-2012-w-ohsc-docs"
"aada2ef8-8563-4db9-b110-d53a115101b1","fender-telecaster-custom","✅ Fender Telecaster Custom Shop LTD Hotshot Magenta Sparkle 2024","29651","EUR","","wrong","wrong","65","Custom Shop LTD 'Hotshot' Telecaster, not the Telecaster Custom model","","false","admin_rejected","https://www.kleinanzeigen.de/s-anzeige/-fender-telecaster-custom-shop-ltd-hotshot-magenta-sparkle-2024/3444153374-74-941"
